mp,mp,fg,fga,fg%,3p,3pa,3p%,ft,fta,ft%,orb,drb,trb,ast,stl,blk,tov,pf,pts,gmsc,+/-,ts%,efg%,3par,ftr,orb%,drb%,trb%,ast%,stl%,blk%,tov%,usg%,ortg,drtg,mp_max,mp_max,fg_max,fga_max,fg%_max,3p_max,3pa_max,3p%_max,ft_max,fta_max,ft%_max,orb_max,drb_max,trb_max,ast_max,stl_max,blk_max,tov_max,pf_max,pts_max,gmsc_max,+/-_max,ts%_max,efg%_max,3par_max,ftr_max,orb%_max,drb%_max,trb%_max,ast%_max,stl%_max,blk%_max,tov%_max,usg%_max,ortg_max,drtg_max,team,total,home,index_opp,mp_opp,mp_opp,fg_opp,fga_opp,fg%_opp,3p_opp,3pa_opp,3p%_opp,ft_opp,fta_opp,ft%_opp,orb_opp,drb_opp,trb_opp,ast_opp,stl_opp,blk_opp,tov_opp,pf_opp,pts_opp,gmsc_opp,+/-_opp,ts%_opp,efg%_opp,3par_opp,ftr_opp,orb%_opp,drb%_opp,trb%_opp,ast%_opp,stl%_opp,blk%_opp,tov%_opp,usg%_opp,ortg_opp,drtg_opp,mp_max_opp,mp_max_opp,fg_max_opp,fga_max_opp,fg%_max_opp,3p_max_opp,3pa_max_opp,3p%_max_opp,ft_max_opp,fta_max_opp,ft%_max_opp,orb_max_opp,drb_max_opp,trb_max_opp,ast_max_opp,stl_max_opp,blk_max_opp,tov_max_opp,pf_max_opp,pts_max_opp,gmsc_max_opp,+/-_max_opp,ts%_max_opp,efg%_max_opp,3par_max_opp,ftr_max_opp,orb%_max_opp,drb%_max_opp,trb%_max_opp,ast%_max_opp,stl%_max_opp,blk%_max_opp,tov%_max_opp,usg%_max_opp,ortg_max_opp,drtg_max_opp,team_opp,total_opp,home_opp,season,date,won
240.0,240.0,40.0,80.0,0.5,13.0,34.0,0.382,24.0,28.0,0.857,4.0,27.0,31.0,16.0,8.0,3.0,14.0,25.0,117.0,,,0.634,0.581,0.425,0.35,11.8,81.8,46.3,40.0,8.1,6.4,13.2,100.0,118.6,127.7,,,9.0,18.0,0.643,5.0,9.0,0.556,12.0,12.0,1.0,2.0,14.0,15.0,7.0,3.0,1.0,6.0,5.0,35.0,31.9,4.0,0.908,0.821,0.75,1.0,8.6,54.6,28.8,31.7,6.0,9.5,28.6,33.9,165.0,136.0,PHI,117,0,1,240.0,240.0,46.0,82.0,0.561,12.0,35.0,0.343,22.0,28.0,0.786,6.0,30.0,36.0,24.0,8.0,3.0,11.0,24.0,126.0,,,0.668,0.634,0.427,0.341,18.2,88.2,53.7,52.2,8.1,6.5,10.4,100.0,127.7,118.6,,,14.0,24.0,1.0,4.0,12.0,1.0,7.0,9.0,1.0,2.0,12.0,12.0,7.0,2.0,1.0,4.0,4.0,35.0,30.1,10.0,1.187,1.3,0.714,1.0,35.1,51.1,43.2,25.2,4.1,5.2,22.5,35.0,233.0,125.0,BOS,126,1,2023,2022-10-18,False
240.0,240.0,46.0,82.0,0.561,12.0,35.0,0.343,22.0,28.0,0.786,6.0,30.0,36.0,24.0,8.0,3.0,11.0,24.0,126.0,,,0.668,0.634,0.427,0.341,18.2,88.2,53.7,52.2,8.1,6.5,10.4,100.0,127.7,118.6,,,14.0,24.0,1.0,4.0,12.0,1.0,7.0,9.0,1.0,2.0,12.0,12.0,7.0,2.0,1.0,4.0,4.0,35.0,30.1,10.0,1.187,1.3,0.714,1.0,35.1,51.1,43.2,25.2,4.1,5.2,22.5,35.0,233.0,125.0,BOS,126,1,0,240.0,240.0,40.0,80.0,0.5,13.0,34.0,0.382,24.0,28.0,0.857,4.0,27.0,31.0,16.0,8.0,3.0,14.0,25.0,117.0,,,0.634,0.581,0.425,0.35,11.8,81.8,46.3,40.0,8.1,6.4,13.2,100.0,118.6,127.7,,,9.0,18.0,0.643,5.0,9.0,0.556,12.0,12.0,1.0,2.0,14.0,15.0,7.0,3.0,1.0,6.0,5.0,35.0,31.9,4.0,0.908,0.821,0.75,1.0,8.6,54.6,28.8,31.7,6.0,9.5,28.6,33.9,165.0,136.0,PHI,117,0,2023,2022-10-18,True
240.0,240.0,40.0,94.0,0.426,10.0,40.0,0.25,19.0,25.0,0.76,9.0,39.0,48.0,23.0,12.0,4.0,22.0,18.0,109.0,,,0.519,0.479,0.426,0.266,19.6,78.0,50.0,57.5,10.5,7.4,17.3,100.0,95.5,107.8,,,12.0,26.0,1.0,3.0,10.0,1.0,7.0,9.0,1.0,5.0,10.0,15.0,8.0,4.0,2.0,5.0,5.0,31.0,23.9,3.0,1.5,1.5,1.0,2.0,14.8,51.4,26.8,64.3,6.9,7.2,40.0,35.5,300.0,119.0,LAL,109,0,1,240.0,240.0,45.0,99.0,0.455,16.0,45.0,0.356,17.0,23.0,0.739,11.0,37.0,48.0,31.0,11.0,4.0,18.0,23.0,123.0,,,0.564,0.535,0.455,0.232,22.0,80.4,50.0,68.9,9.6,7.4,14.2,100.0,107.8,95.5,,,10.0,22.0,0.75,4.0,13.0,0.667,9.0,9.0,1.0,5.0,6.0,7.0,7.0,4.0,1.0,4.0,5.0,33.0,29.0,30.0,0.788,0.75,0.75,0.667,20.5,55.9,26.8,57.1,5.2,6.8,40.0,34.5,177.0,102.0,GSW,123,1,2023,2022-10-18,False
240.0,240.0,45.0,99.0,0.455,16.0,45.0,0.356,17.0,23.0,0.739,11.0,37.0,48.0,31.0,11.0,4.0,18.0,23.0,123.0,,,0.564,0.535,0.455,0.232,22.0,80.4,50.0,68.9,9.6,7.4,14.2,100.0,107.8,95.5,,,10.0,22.0,0.75,4.0,13.0,0.667,9.0,9.0,1.0,5.0,6.0,7.0,7.0,4.0,1.0,4.0,5.0,33.0,29.0,30.0,0.788,0.75,0.75,0.667,20.5,55.9,26.8,57.1,5.2,6.8,40.0,34.5,177.0,102.0,GSW,123,1,0,240.0,240.0,40.0,94.0,0.426,10.0,40.0,0.25,19.0,25.0,0.76,9.0,39.0,48.0,23.0,12.0,4.0,22.0,18.0,109.0,,,0.519,0.479,0.426,0.266,19.6,78.0,50.0,57.5,10.5,7.4,17.3,100.0,95.5,107.8,,,12.0,26.0,1.0,3.0,10.0,1.0,7.0,9.0,1.0,5.0,10.0,15.0,8.0,4.0,2.0,5.0,5.0,31.0,23.9,3.0,1.5,1.5,1.0,2.0,14.8,51.4,26.8,64.3,6.9,7.2,40.0,35.5,300.0,119.0,LAL,109,0,2023,2022-10-18,True
240.0,240.0,42.0,98.0,0.429,9.0,35.0,0.257,14.0,15.0,0.933,15.0,39.0,54.0,25.0,4.0,3.0,16.0,20.0,107.0,,,0.511,0.474,0.357,0.153,30.6,90.7,58.7,59.5,3.9,4.6,13.3,100.0,104.0,113.7,,,9.0,20.0,1.0,3.0,11.0,0.6,4.0,4.0,1.0,4.0,6.0,9.0,7.0,2.0,2.0,6.0,4.0,21.0,16.7,8.0,0.902,1.0,1.0,0.667,19.5,29.6,24.2,37.0,2.8,5.9,35.8,30.5,199.0,118.0,HOU,107,0,1,240.0,240.0,45.0,90.0,0.5,7.0,25.0,0.28,20.0,24.0,0.833,4.0,34.0,38.0,30.0,12.0,5.0,9.0,18.0,117.0,,,0.582,0.539,0.278,0.267,9.3,69.4,41.3,66.7,11.7,7.9,8.2,100.0,113.7,104.0,,,10.0,22.0,1.0,2.0,9.0,1.0,8.0,8.0,1.0,2.0,8.0,9.0,13.0,5.0,2.0,3.0,4.0,24.0,24.8,16.0,0.906,1.0,0.8,4.0,8.6,37.1,22.2,45.6,7.8,5.8,28.6,33.0,141.0,115.0,ATL,117,1,2023,2022-10-19,False
240.0,240.0,45.0,90.0,0.5,7.0,25.0,0.28,20.0,24.0,0.833,4.0,34.0,38.0,30.0,12.0,5.0,9.0,18.0,117.0,,,0.582,0.539,0.278,0.267,9.3,69.4,41.3,66.7,11.7,7.9,8.2,100.0,113.7,104.0,,,10.0,22.0,1.0,2.0,9.0,1.0,8.0,8.0,1.0,2.0,8.0,9.0,13.0,5.0,2.0,3.0,4.0,24.0,24.8,16.0,0.906,1.0,0.8,4.0,8.6,37.1,22.2,45.6,7.8,5.8,28.6,33.0,141.0,115.0,ATL,117,1,0,240.0,240.0,42.0,98.0,0.429,9.0,35.0,0.257,14.0,15.0,0.933,15.0,39.0,54.0,25.0,4.0,3.0,16.0,20.0,107.0,,,0.511,0.474,0.357,0.153,30.6,90.7,58.7,59.5,3.9,4.6,13.3,100.0,104.0,113.7,,,9.0,20.0,1.0,3.0,11.0,0.6,4.0,4.0,1.0,4.0,6.0,9.0,7.0,2.0,2.0,6.0,4.0,21.0,16.7,8.0,0.902,1.0,1.0,0.667,19.5,29.6,24.2,37.0,2.8,5.9,35.8,30.5,199.0,118.0,HOU,107,0,2023,2022-10-19,True
240.0,240.0,50.0,102.0,0.49,12.0,26.0,0.462,18.0,25.0,0.72,21.0,40.0,61.0,31.0,9.0,4.0,13.0,21.0,130.0,,,0.575,0.549,0.255,0.245,41.2,81.6,61.0,62.0,8.7,7.1,10.3,100.0,125.6,104.3,,,11.0,22.0,0.714,4.0,9.0,1.0,6.0,9.0,1.0,6.0,7.0,13.0,6.0,4.0,1.0,4.0,4.0,28.0,20.4,34.0,0.962,1.0,0.857,0.529,21.2,27.5,23.4,60.0,6.2,4.0,31.8,32.9,175.0,113.0,NOP,130,0,1,240.0,240.0,40.0,89.0,0.449,10.0,33.0,0.303,18.0,24.0,0.75,9.0,30.0,39.0,22.0,10.0,10.0,16.0,25.0,108.0,,,0.542,0.506,0.371,0.27,18.4,58.8,39.0,55.0,9.7,13.2,13.8,100.0,104.3,125.6,,,11.0,21.0,1.0,4.0,9.0,1.0,8.0,9.0,1.0,5.0,7.0,10.0,5.0,3.0,4.0,4.0,6.0,32.0,21.8,5.0,1.5,1.5,1.0,2.0,21.8,48.7,24.8,90.0,12.0,8.0,43.6,37.9,300.0,138.0,BRK,108,1,2023,2022-10-19,True
240.0,240.0,40.0,89.0,0.449,10.0,33.0,0.303,18.0,24.0,0.75,9.0,30.0,39.0,22.0,10.0,10.0,16.0,25.0,108.0,,,0.542,0.506,0.371,0.27,18.4,58.8,39.0,55.0,9.7,13.2,13.8,100.0,104.3,125.6,,,11.0,21.0,1.0,4.0,9.0,1.0,8.0,9.0,1.0,5.0,7.0,10.0,5.0,3.0,4.0,4.0,6.0,32.0,21.8,5.0,1.5,1.5,1.0,2.0,21.8,48.7,24.8,90.0,12.0,8.0,43.6,37.9,300.0,138.0,BRK,108,1,0,240.0,240.0,50.0,102.0,0.49,12.0,26.0,0.462,18.0,25.0,0.72,21.0,40.0,61.0,31.0,9.0,4.0,13.0,21.0,130.0,,,0.575,0.549,0.255,0.245,41.2,81.6,61.0,62.0,8.7,7.1,10.3,100.0,125.6,104.3,,,11.0,22.0,0.714,4.0,9.0,1.0,6.0,9.0,1.0,6.0,7.0,13.0,6.0,4.0,1.0,4.0,4.0,28.0,20.4,34.0,0.962,1.0,0.857,0.529,21.2,27.5,23.4,60.0,6.2,4.0,31.8,32.9,175.0,113.0,NOP,130,0,2023,2022-10-19,False
240.0,240.0,42.0,86.0,0.488,11.0,30.0,0.367,14.0,19.0,0.737,10.0,38.0,48.0,21.0,5.0,5.0,18.0,24.0,109.0,,,0.578,0.552,0.349,0.221,25.6,76.0,53.9,50.0,4.9,8.9,16.0,100.0,107.8,111.7,,,11.0,18.0,0.727,4.0,8.0,1.0,5.0,7.0,1.0,2.0,11.0,11.0,5.0,2.0,2.0,5.0,6.0,27.0,20.4,7.0,0.918,0.909,0.8,1.0,14.0,32.3,18.8,25.1,4.2,4.9,27.3,30.3,197.0,118.0,ORL,109,0,1,240.0,240.0,40.0,94.0,0.426,14.0,38.0,0.368,19.0,24.0,0.792,12.0,29.0,41.0,31.0,11.0,4.0,13.0,21.0,113.0,,,0.54,0.5,0.404,0.255,24.0,74.4,46.1,77.5,10.9,7.1,11.1,100.0,111.7,107.8,,,8.0,16.0,1.0,6.0,10.0,1.0,7.0,8.0,1.0,5.0,5.0,10.0,10.0,3.0,3.0,3.0,3.0,24.0,18.1,7.0,1.333,1.333,0.75,1.333,22.1,38.0,24.8,43.0,8.8,11.8,20.0,33.7,258.0,118.0,DET,113,1,2023,2022-10-19,False
240.0,240.0,40.0,94.0,0.426,14.0,38.0,0.368,19.0,24.0,0.792,12.0,29.0,41.0,31.0,11.0,4.0,13.0,21.0,113.0,,,0.54,0.5,0.404,0.255,24.0,74.4,46.1,77.5,10.9,7.1,11.1,100.0,111.7,107.8,,,8.0,16.0,1.0,6.0,10.0,1.0,7.0,8.0,1.0,5.0,5.0,10.0,10.0,3.0,3.0,3.0,3.0,24.0,18.1,7.0,1.333,1.333,0.75,1.333,22.1,38.0,24.8,43.0,8.8,11.8,20.0,33.7,258.0,118.0,DET,113,1,0,240.0,240.0,42.0,86.0,0.488,11.0,30.0,0.367,14.0,19.0,0.737,10.0,38.0,48.0,21.0,5.0,5.0,18.0,24.0,109.0,,,0.578,0.552,0.349,0.221,25.6,76.0,53.9,50.0,4.9,8.9,16.0,100.0,107.8,111.7,,,11.0,18.0,0.727,4.0,8.0,1.0,5.0,7.0,1.0,2.0,11.0,11.0,5.0,2.0,2.0,5.0,6.0,27.0,20.4,7.0,0.918,0.909,0.8,1.0,14.0,32.3,18.8,25.1,4.2,4.9,27.3,30.3,197.0,118.0,ORL,109,0,2023,2022-10-19,True
240.0,240.0,42.0,92.0,0.457,11.0,31.0,0.355,19.0,24.0,0.792,14.0,39.0,53.0,21.0,5.0,10.0,17.0,19.0,114.0,,,0.556,0.516,0.337,0.261,31.8,76.5,55.8,50.0,4.8,18.2,14.2,100.0,109.9,103.2,,,9.0,19.0,1.0,3.0,10.0,1.0,4.0,6.0,1.0,4.0,12.0,13.0,6.0,2.0,2.0,3.0,4.0,23.0,18.1,17.0,1.064,1.0,0.526,2.0,27.3,32.7,22.1,35.9,4.4,6.6,30.0,27.2,227.0,114.0,WAS,114,0,1,240.0,240.0,39.0,97.0,0.402,15.0,42.0,0.357,14.0,21.0,0.667,12.0,30.0,42.0,21.0,7.0,5.0,15.0,20.0,107.0,,,0.504,0.479,0.433,0.216,23.5,68.2,44.2,53.8,6.8,8.2,12.4,100.0,103.2,109.9,,,10.0,18.0,0.556,4.0,11.0,0.5,3.0,5.0,1.0,4.0,7.0,10.0,7.0,2.0,1.0,3.0,4.0,26.0,20.9,9.0,0.673,0.639,0.688,0.667,11.9,34.6,18.3,42.0,4.6,7.8,66.7,29.1,129.0,120.0,IND,107,1,2023,2022-10-19,True
240.0,240.0,39.0,97.0,0.402,15.0,42.0,0.357,14.0,21.0,0.667,12.0,30.0,42.0,21.0,7.0,5.0,15.0,20.0,107.0,,,0.504,0.479,0.433,0.216,23.5,68.2,44.2,53.8,6.8,8.2,12.4,100.0,103.2,109.9,,,10.0,18.0,0.556,4.0,11.0,0.5,3.0,5.0,1.0,4.0,7.0,10.0,7.0,2.0,1.0,3.0,4.0,26.0,20.9,9.0,0.673,0.639,0.688,0.667,11.9,34.6,18.3,42.0,4.6,7.8,66.7,29.1,129.0,120.0,IND,107,1,0,240.0,240.0,42.0,92.0,0.457,11.0,31.0,0.355,19.0,24.0,0.792,14.0,39.0,53.0,21.0,5.0,10.0,17.0,19.0,114.0,,,0.556,0.516,0.337,0.261,31.8,76.5,55.8,50.0,4.8,18.2,14.2,100.0,109.9,103.2,,,9.0,19.0,1.0,3.0,10.0,1.0,4.0,6.0,1.0,4.0,12.0,13.0,6.0,2.0,2.0,3.0,4.0,23.0,18.1,17.0,1.064,1.0,0.526,2.0,27.3,32.7,22.1,35.9,4.4,6.6,30.0,27.2,227.0,114.0,WAS,114,0,2023,2022-10-19,False
265.0,265.0,44.0,109.0,0.404,9.0,37.0,0.243,15.0,18.0,0.833,18.0,36.0,54.0,28.0,7.0,5.0,12.0,26.0,112.0,,,0.479,0.445,0.339,0.165,29.0,64.3,45.8,63.6,6.5,8.6,9.3,100.0,104.7,107.5,,,9.0,18.0,0.667,3.0,6.0,0.5,5.0,6.0,1.0,7.0,9.0,11.0,9.0,3.0,2.0,3.0,6.0,24.0,20.9,7.0,0.712,0.7,0.545,0.333,14.9,24.4,14.9,39.2,5.3,14.4,25.0,30.7,132.0,118.0,NYK,112,0,1,265.0,265.0,42.0,108.0,0.389,17.0,50.0,0.34,14.0,23.0,0.609,20.0,44.0,64.0,27.0,6.0,7.0,14.0,17.0,115.0,,,0.487,0.468,0.463,0.213,35.7,71.0,54.2,64.3,5.6,9.7,10.6,100.0,107.5,104.7,,,11.0,24.0,0.667,4.0,13.0,0.5,9.0,11.0,1.0,6.0,9.0,14.0,9.0,2.0,2.0,6.0,4.0,34.0,21.8,18.0,0.868,0.75,1.0,2.0,17.5,21.6,19.3,47.3,4.0,9.3,21.0,37.2,199.0,115.0,MEM,115,1,2023,2022-10-19,False
265.0,265.0,42.0,108.0,0.389,17.0,50.0,0.34,14.0,23.0,0.609,20.0,44.0,64.0,27.0,6.0,7.0,14.0,17.0,115.0,,,0.487,0.468,0.463,0.213,35.7,71.0,54.2,64.3,5.6,9.7,10.6,100.0,107.5,104.7,,,11.0,24.0,0.667,4.0,13.0,0.5,9.0,11.0,1.0,6.0,9.0,14.0,9.0,2.0,2.0,6.0,4.0,34.0,21.8,18.0,0.868,0.75,1.0,2.0,17.5,21.6,19.3,47.3,4.0,9.3,21.0,37.2,199.0,115.0,MEM,115,1,0,265.0,265.0,44.0,109.0,0.404,9.0,37.0,0.243,15.0,18.0,0.833,18.0,36.0,54.0,28.0,7.0,5.0,12.0,26.0,112.0,,,0.479,0.445,0.339,0.165,29.0,64.3,45.8,63.6,6.5,8.6,9.3,100.0,104.7,107.5,,,9.0,18.0,0.667,3.0,6.0,0.5,5.0,6.0,1.0,7.0,9.0,11.0,9.0,3.0,2.0,3.0,6.0,24.0,20.9,7.0,0.712,0.7,0.545,0.333,14.9,24.4,14.9,39.2,5.3,14.4,25.0,30.7,132.0,118.0,NYK,112,0,2023,2022-10-19,True
240.0,240.0,41.0,93.0,0.441,13.0,36.0,0.361,21.0,28.0,0.75,12.0,34.0,46.0,23.0,12.0,6.0,15.0,26.0,116.0,,,0.551,0.511,0.387,0.301,24.0,81.0,50.0,56.1,11.6,11.5,12.5,100.0,111.9,104.2,,,14.0,22.0,0.636,4.0,7.0,0.8,7.0,11.0,1.0,5.0,12.0,17.0,9.0,2.0,3.0,4.0,6.0,37.0,34.6,16.0,0.798,0.75,0.636,2.0,19.4,41.4,26.8,53.4,4.9,8.4,26.9,33.0,180.0,110.0,CHI,116,0,1,240.0,240.0,37.0,80.0,0.463,12.0,28.0,0.429,22.0,28.0,0.786,8.0,38.0,46.0,21.0,6.0,2.0,19.0,24.0,108.0,,,0.585,0.538,0.35,0.35,19.0,76.0,50.0,56.8,5.8,3.5,17.1,100.0,104.2,111.9,,,8.0,15.0,0.833,5.0,8.0,1.0,14.0,16.0,0.875,3.0,8.0,9.0,4.0,2.0,1.0,5.0,5.0,24.0,22.1,8.0,0.982,1.056,0.778,1.455,10.5,26.4,19.1,46.9,3.3,2.5,50.0,27.0,154.0,120.0,MIA,108,1,2023,2022-10-19,True
240.0,240.0,37.0,80.0,0.463,12.0,28.0,0.429,22.0,28.0,0.786,8.0,38.0,46.0,21.0,6.0,2.0,19.0,24.0,108.0,,,0.585,0.538,0.35,0.35,19.0,76.0,50.0,56.8,5.8,3.5,17.1,100.0,104.2,111.9,,,8.0,15.0,0.833,5.0,8.0,1.0,14.0,16.0,0.875,3.0,8.0,9.0,4.0,2.0,1.0,5.0,5.0,24.0,22.1,8.0,0.982,1.056,0.778,1.455,10.5,26.4,19.1,46.9,3.3,2.5,50.0,27.0,154.0,120.0,MIA,108,1,0,240.0,240.0,41.0,93.0,0.441,13.0,36.0,0.361,21.0,28.0,0.75,12.0,34.0,46.0,23.0,12.0,6.0,15.0,26.0,116.0,,,0.551,0.511,0.387,0.301,24.0,81.0,50.0,56.1,11.6,11.5,12.5,100.0,111.9,104.2,,,14.0,22.0,0.636,4.0,7.0,0.8,7.0,11.0,1.0,5.0,12.0,17.0,9.0,2.0,3.0,4.0,6.0,37.0,34.6,16.0,0.798,0.75,0.636,2.0,19.4,41.4,26.8,53.4,4.9,8.4,26.9,33.0,180.0,110.0,CHI,116,0,2023,2022-10-19,False
240.0,240.0,38.0,99.0,0.384,14.0,45.0,0.311,18.0,22.0,0.818,16.0,41.0,57.0,22.0,6.0,6.0,14.0,26.0,108.0,,,0.497,0.455,0.455,0.222,28.1,74.5,50.9,57.9,5.7,10.7,11.4,100.0,103.0,109.7,,,12.0,23.0,1.0,2.0,7.0,1.0,6.0,6.0,1.0,3.0,10.0,11.0,5.0,3.0,2.0,4.0,5.0,32.0,28.8,13.0,1.25,1.25,1.0,0.8,17.3,34.9,17.3,37.4,3.8,5.1,50.0,29.6,193.0,119.0,OKC,108,0,1,240.0,240.0,39.0,94.0,0.415,10.0,38.0,0.263,27.0,33.0,0.818,14.0,41.0,55.0,25.0,6.0,5.0,14.0,21.0,115.0,,,0.53,0.468,0.404,0.351,25.5,71.9,49.1,64.1,5.7,9.3,11.4,100.0,109.7,103.0,,,10.0,17.0,0.8,3.0,7.0,0.75,9.0,10.0,1.0,7.0,9.0,16.0,7.0,3.0,2.0,4.0,5.0,23.0,26.0,14.0,1.1,1.1,1.0,1.0,17.8,22.1,20.0,32.1,3.9,5.0,41.0,25.6,150.0,115.0,MIN,115,1,2023,2022-10-19,False
240.0,240.0,39.0,94.0,0.415,10.0,38.0,0.263,27.0,33.0,0.818,14.0,41.0,55.0,25.0,6.0,5.0,14.0,21.0,115.0,,,0.53,0.468,0.404,0.351,25.5,71.9,49.1,64.1,5.7,9.3,11.4,100.0,109.7,103.0,,,10.0,17.0,0.8,3.0,7.0,0.75,9.0,10.0,1.0,7.0,9.0,16.0,7.0,3.0,2.0,4.0,5.0,23.0,26.0,14.0,1.1,1.1,1.0,1.0,17.8,22.1,20.0,32.1,3.9,5.0,41.0,25.6,150.0,115.0,MIN,115,1,0,240.0,240.0,38.0,99.0,0.384,14.0,45.0,0.311,18.0,22.0,0.818,16.0,41.0,57.0,22.0,6.0,6.0,14.0,26.0,108.0,,,0.497,0.455,0.455,0.222,28.1,74.5,50.9,57.9,5.7,10.7,11.4,100.0,103.0,109.7,,,12.0,23.0,1.0,2.0,7.0,1.0,6.0,6.0,1.0,3.0,10.0,11.0,5.0,3.0,2.0,4.0,5.0,32.0,28.8,13.0,1.25,1.25,1.0,0.8,17.3,34.9,17.3,37.4,3.8,5.1,50.0,29.6,193.0,119.0,OKC,108,0,2023,2022-10-19,True
240.0,240.0,35.0,75.0,0.467,14.0,35.0,0.4,21.0,34.0,0.618,5.0,35.0,40.0,17.0,6.0,4.0,12.0,22.0,105.0,,,0.584,0.56,0.467,0.453,13.5,81.4,50.0,48.6,6.3,6.3,11.8,100.0,109.6,111.7,,,10.0,23.0,0.6,4.0,10.0,0.6,13.0,13.0,1.0,2.0,9.0,9.0,6.0,2.0,1.0,4.0,4.0,35.0,25.6,18.0,0.776,0.75,0.833,1.333,14.5,32.2,19.8,35.9,3.5,5.4,53.2,42.0,130.0,117.0,DAL,105,0,1,240.0,240.0,40.0,85.0,0.471,8.0,22.0,0.364,19.0,22.0,0.864,8.0,32.0,40.0,25.0,4.0,5.0,12.0,29.0,107.0,,,0.565,0.518,0.259,0.259,18.6,86.5,50.0,62.5,4.2,12.5,11.2,100.0,111.7,109.6,,,10.0,20.0,1.0,3.0,6.0,1.0,7.0,7.0,1.0,3.0,9.0,11.0,9.0,2.0,2.0,3.0,4.0,28.0,23.4,20.0,1.0,1.0,1.0,0.8,12.9,38.4,19.7,37.7,3.3,11.8,50.0,34.4,208.0,117.0,PHO,107,1,2023,2022-10-19,False
240.0,240.0,40.0,85.0,0.471,8.0,22.0,0.364,19.0,22.0,0.864,8.0,32.0,40.0,25.0,4.0,5.0,12.0,29.0,107.0,,,0.565,0.518,0.259,0.259,18.6,86.5,50.0,62.5,4.2,12.5,11.2,100.0,111.7,109.6,,,10.0,20.0,1.0,3.0,6.0,1.0,7.0,7.0,1.0,3.0,9.0,11.0,9.0,2.0,2.0,3.0,4.0,28.0,23.4,20.0,1.0,1.0,1.0,0.8,12.9,38.4,19.7,37.7,3.3,11.8,50.0,34.4,208.0,117.0,PHO,107,1,0,240.0,240.0,35.0,75.0,0.467,14.0,35.0,0.4,21.0,34.0,0.618,5.0,35.0,40.0,17.0,6.0,4.0,12.0,22.0,105.0,,,0.584,0.56,0.467,0.453,13.5,81.4,50.0,48.6,6.3,6.3,11.8,100.0,109.6,111.7,,,10.0,23.0,0.6,4.0,10.0,0.6,13.0,13.0,1.0,2.0,9.0,9.0,6.0,2.0,1.0,4.0,4.0,35.0,25.6,18.0,0.776,0.75,0.833,1.333,14.5,32.2,19.8,35.9,3.5,5.4,53.2,42.0,130.0,117.0,DAL,105,0,2023,2022-10-19,True
240.0,240.0,39.0,88.0,0.443,11.0,28.0,0.393,26.0,33.0,0.788,11.0,33.0,44.0,20.0,11.0,2.0,11.0,17.0,115.0,,,0.561,0.506,0.318,0.375,22.9,89.2,51.8,51.3,10.8,4.9,9.7,100.0,113.0,106.2,,,9.0,22.0,0.727,3.0,10.0,1.0,10.0,13.0,1.0,3.0,7.0,8.0,8.0,2.0,2.0,4.0,4.0,23.0,19.4,21.0,0.872,0.917,1.0,1.182,11.4,25.8,17.2,32.2,4.6,15.0,28.8,29.9,225.0,113.0,POR,115,0,1,240.0,240.0,39.0,85.0,0.459,17.0,44.0,0.386,13.0,19.0,0.684,4.0,37.0,41.0,27.0,8.0,5.0,16.0,25.0,108.0,,,0.578,0.559,0.518,0.224,10.8,77.1,48.2,69.2,7.9,8.3,14.6,100.0,106.2,113.0,,,12.0,21.0,1.0,6.0,9.0,0.667,4.0,6.0,1.0,1.0,7.0,8.0,7.0,2.0,1.0,8.0,6.0,33.0,21.7,16.0,1.0,1.0,1.0,0.6,8.3,27.5,15.5,42.3,3.8,5.5,25.6,39.3,200.0,120.0,SAC,108,1,2023,2022-10-19,True
240.0,240.0,39.0,85.0,0.459,17.0,44.0,0.386,13.0,19.0,0.684,4.0,37.0,41.0,27.0,8.0,5.0,16.0,25.0,108.0,,,0.578,0.559,0.518,0.224,10.8,77.1,48.2,69.2,7.9,8.3,14.6,100.0,106.2,113.0,,,12.0,21.0,1.0,6.0,9.0,0.667,4.0,6.0,1.0,1.0,7.0,8.0,7.0,2.0,1.0,8.0,6.0,33.0,21.7,16.0,1.0,1.0,1.0,0.6,8.3,27.5,15.5,42.3,3.8,5.5,25.6,39.3,200.0,120.0,SAC,108,1,0,240.0,240.0,39.0,88.0,0.443,11.0,28.0,0.393,26.0,33.0,0.788,11.0,33.0,44.0,20.0,11.0,2.0,11.0,17.0,115.0,,,0.561,0.506,0.318,0.375,22.9,89.2,51.8,51.3,10.8,4.9,9.7,100.0,113.0,106.2,,,9.0,22.0,0.727,3.0,10.0,1.0,10.0,13.0,1.0,3.0,7.0,8.0,8.0,2.0,2.0,4.0,4.0,23.0,19.4,21.0,0.872,0.917,1.0,1.182,11.4,25.8,17.2,32.2,4.6,15.0,28.8,29.9,225.0,113.0,POR,115,0,2023,2022-10-19,False
240.0,240.0,48.0,94.0,0.511,13.0,29.0,0.448,20.0,23.0,0.87,14.0,37.0,51.0,26.0,7.0,10.0,15.0,20.0,129.0,,,0.619,0.58,0.309,0.245,31.8,72.5,53.7,54.2,6.7,15.4,12.6,100.0,124.3,98.3,,,10.0,19.0,1.0,4.0,7.0,1.0,7.0,7.0,1.0,8.0,6.0,10.0,6.0,3.0,3.0,5.0,4.0,24.0,17.4,36.0,1.5,1.5,1.0,0.636,40.7,21.7,23.6,30.4,6.1,17.0,69.4,31.2,300.0,109.0,CHO,129,0,1,240.0,240.0,40.0,99.0,0.404,7.0,34.0,0.206,15.0,21.0,0.714,14.0,30.0,44.0,22.0,8.0,8.0,15.0,19.0,102.0,,,0.471,0.439,0.343,0.212,27.5,68.2,46.3,55.0,7.7,12.3,12.2,100.0,98.3,124.3,,,8.0,17.0,1.0,3.0,8.0,0.5,5.0,8.0,1.0,4.0,9.0,11.0,5.0,2.0,4.0,3.0,3.0,20.0,17.0,3.0,1.025,1.0,1.0,0.667,14.0,33.1,18.7,27.0,5.3,24.2,50.0,28.0,212.0,134.0,SAS,102,1,2023,2022-10-19,True
240.0,240.0,40.0,99.0,0.404,7.0,34.0,0.206,15.0,21.0,0.714,14.0,30.0,44.0,22.0,8.0,8.0,15.0,19.0,102.0,,,0.471,0.439,0.343,0.212,27.5,68.2,46.3,55.0,7.7,12.3,12.2,100.0,98.3,124.3,,,8.0,17.0,1.0,3.0,8.0,0.5,5.0,8.0,1.0,4.0,9.0,11.0,5.0,2.0,4.0,3.0,3.0,20.0,17.0,3.0,1.025,1.0,1.0,0.667,14.0,33.1,18.7,27.0,5.3,24.2,50.0,28.0,212.0,134.0,SAS,102,1,0,240.0,240.0,48.0,94.0,0.511,13.0,29.0,0.448,20.0,23.0,0.87,14.0,37.0,51.0,26.0,7.0,10.0,15.0,20.0,129.0,,,0.619,0.58,0.309,0.245,31.8,72.5,53.7,54.2,6.7,15.4,12.6,100.0,124.3,98.3,,,10.0,19.0,1.0,4.0,7.0,1.0,7.0,7.0,1.0,8.0,6.0,10.0,6.0,3.0,3.0,5.0,4.0,24.0,17.4,36.0,1.5,1.5,1.0,0.636,40.7,21.7,23.6,30.4,6.1,17.0,69.4,31.2,300.0,109.0,CHO,129,0,2023,2022-10-19,False
240.0,240.0,38.0,77.0,0.494,10.0,28.0,0.357,19.0,23.0,0.826,6.0,32.0,38.0,25.0,5.0,5.0,17.0,21.0,105.0,,,0.603,0.558,0.364,0.299,17.1,72.7,48.1,65.8,5.2,8.9,16.3,100.0,108.7,111.8,,,12.0,21.0,0.75,3.0,8.0,1.0,5.0,6.0,1.0,5.0,7.0,10.0,9.0,2.0,2.0,5.0,4.0,31.0,25.0,10.0,0.82,0.875,1.0,0.571,20.2,36.6,20.4,58.7,7.5,6.4,50.0,45.1,170.0,119.0,CLE,105,0,1,240.0,240.0,36.0,86.0,0.419,13.0,30.0,0.433,23.0,32.0,0.719,12.0,29.0,41.0,19.0,15.0,4.0,13.0,23.0,108.0,,,0.54,0.494,0.349,0.372,27.3,82.9,51.9,52.8,15.5,8.2,11.5,100.0,111.8,108.7,,,9.0,20.0,0.5,4.0,8.0,1.0,6.0,8.0,1.0,3.0,8.0,11.0,7.0,4.0,1.0,4.0,6.0,23.0,16.6,20.0,0.697,0.611,1.0,2.0,14.2,35.7,23.7,40.6,7.0,10.6,17.6,34.3,148.0,116.0,TOR,108,1,2023,2022-10-19,False
240.0,240.0,36.0,86.0,0.419,13.0,30.0,0.433,23.0,32.0,0.719,12.0,29.0,41.0,19.0,15.0,4.0,13.0,23.0,108.0,,,0.54,0.494,0.349,0.372,27.3,82.9,51.9,52.8,15.5,8.2,11.5,100.0,111.8,108.7,,,9.0,20.0,0.5,4.0,8.0,1.0,6.0,8.0,1.0,3.0,8.0,11.0,7.0,4.0,1.0,4.0,6.0,23.0,16.6,20.0,0.697,0.611,1.0,2.0,14.2,35.7,23.7,40.6,7.0,10.6,17.6,34.3,148.0,116.0,TOR,108,1,0,240.0,240.0,38.0,77.0,0.494,10.0,28.0,0.357,19.0,23.0,0.826,6.0,32.0,38.0,25.0,5.0,5.0,17.0,21.0,105.0,,,0.603,0.558,0.364,0.299,17.1,72.7,48.1,65.8,5.2,8.9,16.3,100.0,108.7,111.8,,,12.0,21.0,0.75,3.0,8.0,1.0,5.0,6.0,1.0,5.0,7.0,10.0,9.0,2.0,2.0,5.0,4.0,31.0,25.0,10.0,0.82,0.875,1.0,0.571,20.2,36.6,20.4,58.7,7.5,6.4,50.0,45.1,170.0,119.0,CLE,105,0,2023,2022-10-19,True
240.0,240.0,40.0,83.0,0.482,5.0,22.0,0.227,17.0,18.0,0.944,10.0,25.0,35.0,21.0,10.0,3.0,21.0,23.0,102.0,,,0.561,0.512,0.265,0.217,23.8,69.4,44.9,52.5,9.9,6.7,18.8,100.0,100.9,121.6,,,12.0,17.0,0.706,2.0,4.0,0.5,3.0,4.0,1.0,4.0,6.0,10.0,6.0,3.0,1.0,4.0,4.0,27.0,24.5,3.0,0.755,0.735,0.667,0.667,13.9,41.2,19.0,37.9,4.3,6.6,100.0,30.0,213.0,131.0,DEN,102,0,1,240.0,240.0,42.0,83.0,0.506,16.0,38.0,0.421,23.0,31.0,0.742,11.0,32.0,43.0,27.0,10.0,1.0,20.0,21.0,123.0,,,0.636,0.602,0.458,0.373,30.6,76.2,55.1,64.3,9.9,1.6,17.1,100.0,121.6,100.9,,,6.0,13.0,1.0,4.0,9.0,0.667,7.0,8.0,1.0,5.0,8.0,12.0,8.0,2.0,1.0,6.0,6.0,20.0,14.8,24.0,1.0,1.0,0.75,1.2,36.8,44.2,40.8,32.0,7.0,2.5,37.5,45.3,215.0,109.0,UTA,123,1,2023,2022-10-19,False
240.0,240.0,42.0,83.0,0.506,16.0,38.0,0.421,23.0,31.0,0.742,11.0,32.0,43.0,27.0,10.0,1.0,20.0,21.0,123.0,,,0.636,0.602,0.458,0.373,30.6,76.2,55.1,64.3,9.9,1.6,17.1,100.0,121.6,100.9,,,6.0,13.0,1.0,4.0,9.0,0.667,7.0,8.0,1.0,5.0,8.0,12.0,8.0,2.0,1.0,6.0,6.0,20.0,14.8,24.0,1.0,1.0,0.75,1.2,36.8,44.2,40.8,32.0,7.0,2.5,37.5,45.3,215.0,109.0,UTA,123,1,0,240.0,240.0,40.0,83.0,0.482,5.0,22.0,0.227,17.0,18.0,0.944,10.0,25.0,35.0,21.0,10.0,3.0,21.0,23.0,102.0,,,0.561,0.512,0.265,0.217,23.8,69.4,44.9,52.5,9.9,6.7,18.8,100.0,100.9,121.6,,,12.0,17.0,0.706,2.0,4.0,0.5,3.0,4.0,1.0,4.0,6.0,10.0,6.0,3.0,1.0,4.0,4.0,27.0,24.5,3.0,0.755,0.735,0.667,0.667,13.9,41.2,19.0,37.9,4.3,6.6,100.0,30.0,213.0,131.0,DEN,102,0,2023,2022-10-19,True
240.0,240.0,37.0,80.0,0.463,9.0,29.0,0.31,20.0,31.0,0.645,10.0,48.0,58.0,18.0,7.0,7.0,23.0,24.0,103.0,,,0.55,0.519,0.363,0.388,25.0,85.7,60.4,48.6,6.7,14.3,19.7,100.0,98.6,92.8,,,7.0,15.0,1.0,3.0,7.0,1.0,5.0,7.0,1.0,6.0,11.0,17.0,4.0,2.0,5.0,5.0,5.0,15.0,17.3,16.0,0.917,1.0,0.667,0.875,20.4,33.2,24.2,26.5,2.6,13.8,39.2,32.7,183.0,102.0,LAC,103,0,1,240.0,240.0,33.0,94.0,0.351,9.0,45.0,0.2,22.0,26.0,0.846,8.0,30.0,38.0,23.0,13.0,5.0,10.0,24.0,97.0,,,0.46,0.399,0.479,0.277,14.3,75.0,39.6,69.7,12.4,9.8,8.7,100.0,92.8,98.6,,,9.0,21.0,0.563,2.0,9.0,0.5,6.0,7.0,1.0,2.0,8.0,10.0,6.0,5.0,2.0,2.0,5.0,26.0,19.0,7.0,0.694,0.625,0.857,1.0,7.8,26.2,13.6,50.2,8.4,8.5,20.2,30.2,168.0,107.0,LAL,97,1,2023,2022-10-20,True
240.0,240.0,33.0,94.0,0.351,9.0,45.0,0.2,22.0,26.0,0.846,8.0,30.0,38.0,23.0,13.0,5.0,10.0,24.0,97.0,,,0.46,0.399,0.479,0.277,14.3,75.0,39.6,69.7,12.4,9.8,8.7,100.0,92.8,98.6,,,9.0,21.0,0.563,2.0,9.0,0.5,6.0,7.0,1.0,2.0,8.0,10.0,6.0,5.0,2.0,2.0,5.0,26.0,19.0,7.0,0.694,0.625,0.857,1.0,7.8,26.2,13.6,50.2,8.4,8.5,20.2,30.2,168.0,107.0,LAL,97,1,0,240.0,240.0,37.0,80.0,0.463,9.0,29.0,0.31,20.0,31.0,0.645,10.0,48.0,58.0,18.0,7.0,7.0,23.0,24.0,103.0,,,0.55,0.519,0.363,0.388,25.0,85.7,60.4,48.6,6.7,14.3,19.7,100.0,98.6,92.8,,,7.0,15.0,1.0,3.0,7.0,1.0,5.0,7.0,1.0,6.0,11.0,17.0,4.0,2.0,5.0,5.0,5.0,15.0,17.3,16.0,0.917,1.0,0.667,0.875,20.4,33.2,24.2,26.5,2.6,13.8,39.2,32.7,183.0,102.0,LAC,103,0,2023,2022-10-20,False
240.0,240.0,34.0,84.0,0.405,13.0,42.0,0.31,9.0,14.0,0.643,7.0,41.0,48.0,24.0,4.0,6.0,14.0,16.0,90.0,,,0.499,0.482,0.5,0.167,15.6,87.2,52.2,70.6,4.3,10.2,13.4,100.0,96.2,94.1,,,9.0,16.0,1.0,4.0,12.0,0.5,4.0,5.0,1.0,3.0,13.0,13.0,8.0,2.0,3.0,3.0,4.0,21.0,22.2,13.0,1.0,1.0,1.0,0.5,15.7,40.5,23.0,48.3,2.9,6.8,50.0,25.7,148.0,101.0,MIL,90,0,1,240.0,240.0,36.0,83.0,0.434,5.0,24.0,0.208,11.0,13.0,0.846,6.0,38.0,44.0,17.0,6.0,5.0,10.0,14.0,88.0,,,0.496,0.464,0.289,0.157,12.8,84.4,47.8,47.2,6.4,11.9,10.1,100.0,94.1,96.2,,,13.0,24.0,0.571,1.0,7.0,0.5,4.0,4.0,1.0,4.0,11.0,12.0,9.0,2.0,2.0,4.0,4.0,31.0,28.0,5.0,0.644,0.643,1.0,0.667,10.4,32.5,17.3,52.2,2.7,6.8,20.5,35.4,132.0,106.0,PHI,88,1,2023,2022-10-20,True
240.0,240.0,36.0,83.0,0.434,5.0,24.0,0.208,11.0,13.0,0.846,6.0,38.0,44.0,17.0,6.0,5.0,10.0,14.0,88.0,,,0.496,0.464,0.289,0.157,12.8,84.4,47.8,47.2,6.4,11.9,10.1,100.0,94.1,96.2,,,13.0,24.0,0.571,1.0,7.0,0.5,4.0,4.0,1.0,4.0,11.0,12.0,9.0,2.0,2.0,4.0,4.0,31.0,28.0,5.0,0.644,0.643,1.0,0.667,10.4,32.5,17.3,52.2,2.7,6.8,20.5,35.4,132.0,106.0,PHI,88,1,0,240.0,240.0,34.0,84.0,0.405,13.0,42.0,0.31,9.0,14.0,0.643,7.0,41.0,48.0,24.0,4.0,6.0,14.0,16.0,90.0,,,0.499,0.482,0.5,0.167,15.6,87.2,52.2,70.6,4.3,10.2,13.4,100.0,96.2,94.1,,,9.0,16.0,1.0,4.0,12.0,0.5,4.0,5.0,1.0,3.0,13.0,13.0,8.0,2.0,3.0,3.0,4.0,21.0,22.2,13.0,1.0,1.0,1.0,0.5,15.7,40.5,23.0,48.3,2.9,6.8,50.0,25.7,148.0,101.0,MIL,90,0,2023,2022-10-20,False
240.0,240.0,33.0,80.0,0.413,8.0,34.0,0.235,24.0,30.0,0.8,10.0,34.0,44.0,16.0,9.0,7.0,19.0,19.0,98.0,,,0.526,0.463,0.425,0.375,21.3,79.1,48.9,48.5,8.9,12.1,16.9,100.0,97.2,107.1,,,8.0,18.0,0.667,4.0,7.0,0.8,7.0,8.0,1.0,3.0,10.0,12.0,3.0,4.0,3.0,4.0,4.0,25.0,19.7,2.0,0.829,0.833,1.0,0.6,8.7,100.0,86.5,24.0,9.0,14.1,40.0,32.5,147.0,117.0,ORL,98,0,1,240.0,240.0,40.0,89.0,0.449,13.0,31.0,0.419,15.0,16.0,0.938,9.0,37.0,46.0,26.0,10.0,2.0,17.0,22.0,108.0,,,0.562,0.522,0.348,0.18,20.9,78.7,51.1,65.0,9.9,4.3,15.0,100.0,107.1,97.2,,,9.0,24.0,0.667,4.0,11.0,0.75,7.0,7.0,1.0,3.0,10.0,13.0,13.0,4.0,1.0,7.0,4.0,25.0,22.0,26.0,0.773,0.75,0.75,1.0,13.6,28.2,19.1,53.9,4.8,3.3,29.3,37.6,141.0,107.0,ATL,108,1,2023,2022-10-21,False
240.0,240.0,40.0,89.0,0.449,13.0,31.0,0.419,15.0,16.0,0.938,9.0,37.0,46.0,26.0,10.0,2.0,17.0,22.0,108.0,,,0.562,0.522,0.348,0.18,20.9,78.7,51.1,65.0,9.9,4.3,15.0,100.0,107.1,97.2,,,9.0,24.0,0.667,4.0,11.0,0.75,7.0,7.0,1.0,3.0,10.0,13.0,13.0,4.0,1.0,7.0,4.0,25.0,22.0,26.0,0.773,0.75,0.75,1.0,13.6,28.2,19.1,53.9,4.8,3.3,29.3,37.6,141.0,107.0,ATL,108,1,0,240.0,240.0,33.0,80.0,0.413,8.0,34.0,0.235,24.0,30.0,0.8,10.0,34.0,44.0,16.0,9.0,7.0,19.0,19.0,98.0,,,0.526,0.463,0.425,0.375,21.3,79.1,48.9,48.5,8.9,12.1,16.9,100.0,97.2,107.1,,,8.0,18.0,0.667,4.0,7.0,0.8,7.0,8.0,1.0,3.0,10.0,12.0,3.0,4.0,3.0,4.0,4.0,25.0,19.7,2.0,0.829,0.833,1.0,0.6,8.7,100.0,86.5,24.0,9.0,14.1,40.0,32.5,147.0,117.0,ORL,98,0,2023,2022-10-21,True
240.0,240.0,41.0,84.0,0.488,11.0,28.0,0.393,12.0,18.0,0.667,8.0,33.0,41.0,25.0,9.0,4.0,15.0,21.0,105.0,,,0.571,0.554,0.333,0.214,20.5,71.7,48.2,61.0,9.5,8.9,14.0,100.0,111.3,115.6,,,15.0,21.0,0.714,4.0,7.0,0.667,5.0,9.0,1.0,2.0,10.0,12.0,11.0,4.0,1.0,3.0,5.0,37.0,34.2,4.0,0.818,0.818,1.0,1.0,12.5,35.8,19.4,66.9,5.4,5.4,29.1,34.8,176.0,123.0,TOR,105,0,1,240.0,240.0,38.0,80.0,0.475,13.0,35.0,0.371,20.0,29.0,0.69,13.0,31.0,44.0,26.0,3.0,13.0,13.0,19.0,109.0,,,0.588,0.556,0.438,0.363,28.3,79.5,51.8,68.4,3.2,23.2,12.3,100.0,115.6,111.3,,,11.0,24.0,0.727,5.0,13.0,0.5,8.0,10.0,1.0,7.0,10.0,11.0,8.0,2.0,4.0,5.0,4.0,30.0,21.6,22.0,0.74,0.727,0.8,0.8,21.6,60.5,38.9,35.2,2.6,10.1,37.5,35.1,157.0,121.0,BRK,109,1,2023,2022-10-21,False
240.0,240.0,38.0,80.0,0.475,13.0,35.0,0.371,20.0,29.0,0.69,13.0,31.0,44.0,26.0,3.0,13.0,13.0,19.0,109.0,,,0.588,0.556,0.438,0.363,28.3,79.5,51.8,68.4,3.2,23.2,12.3,100.0,115.6,111.3,,,11.0,24.0,0.727,5.0,13.0,0.5,8.0,10.0,1.0,7.0,10.0,11.0,8.0,2.0,4.0,5.0,4.0,30.0,21.6,22.0,0.74,0.727,0.8,0.8,21.6,60.5,38.9,35.2,2.6,10.1,37.5,35.1,157.0,121.0,BRK,109,1,0,240.0,240.0,41.0,84.0,0.488,11.0,28.0,0.393,12.0,18.0,0.667,8.0,33.0,41.0,25.0,9.0,4.0,15.0,21.0,105.0,,,0.571,0.554,0.333,0.214,20.5,71.7,48.2,61.0,9.5,8.9,14.0,100.0,111.3,115.6,,,15.0,21.0,0.714,4.0,7.0,0.667,5.0,9.0,1.0,2.0,10.0,12.0,11.0,4.0,1.0,3.0,5.0,37.0,34.2,4.0,0.818,0.818,1.0,1.0,12.5,35.8,19.4,66.9,5.4,5.4,29.1,34.8,176.0,123.0,TOR,105,0,2023,2022-10-21,True
240.0,240.0,42.0,89.0,0.472,8.0,22.0,0.364,32.0,37.0,0.865,15.0,38.0,53.0,23.0,9.0,7.0,16.0,14.0,124.0,,,0.589,0.517,0.247,0.416,36.6,77.6,58.9,54.8,8.8,11.1,13.2,100.0,120.8,109.1,,,9.0,19.0,0.727,2.0,6.0,1.0,13.0,14.0,1.0,4.0,13.0,17.0,7.0,3.0,2.0,5.0,4.0,30.0,34.9,23.0,0.874,0.773,1.0,1.273,39.8,50.0,45.3,28.2,7.1,10.0,50.0,30.9,187.0,118.0,NOP,124,0,1,240.0,240.0,44.0,97.0,0.454,13.0,34.0,0.382,11.0,14.0,0.786,11.0,26.0,37.0,30.0,9.0,4.0,14.0,24.0,112.0,,,0.543,0.521,0.351,0.144,22.4,63.4,41.1,68.2,8.8,6.0,11.9,100.0,109.1,120.8,,,12.0,24.0,0.8,4.0,8.0,1.0,7.0,8.0,1.0,4.0,5.0,8.0,11.0,3.0,2.0,3.0,5.0,26.0,22.2,7.0,1.0,1.0,0.615,0.5,10.8,22.3,14.1,42.1,4.7,4.0,18.8,33.8,156.0,126.0,CHO,112,1,2023,2022-10-21,True
240.0,240.0,44.0,97.0,0.454,13.0,34.0,0.382,11.0,14.0,0.786,11.0,26.0,37.0,30.0,9.0,4.0,14.0,24.0,112.0,,,0.543,0.521,0.351,0.144,22.4,63.4,41.1,68.2,8.8,6.0,11.9,100.0,109.1,120.8,,,12.0,24.0,0.8,4.0,8.0,1.0,7.0,8.0,1.0,4.0,5.0,8.0,11.0,3.0,2.0,3.0,5.0,26.0,22.2,7.0,1.0,1.0,0.615,0.5,10.8,22.3,14.1,42.1,4.7,4.0,18.8,33.8,156.0,126.0,CHO,112,1,0,240.0,240.0,42.0,89.0,0.472,8.0,22.0,0.364,32.0,37.0,0.865,15.0,38.0,53.0,23.0,9.0,7.0,16.0,14.0,124.0,,,0.589,0.517,0.247,0.416,36.6,77.6,58.9,54.8,8.8,11.1,13.2,100.0,120.8,109.1,,,9.0,19.0,0.727,2.0,6.0,1.0,13.0,14.0,1.0,4.0,13.0,17.0,7.0,3.0,2.0,5.0,4.0,30.0,34.9,23.0,0.874,0.773,1.0,1.273,39.8,50.0,45.3,28.2,7.1,10.0,50.0,30.9,187.0,118.0,NOP,124,0,2023,2022-10-21,False
240.0,240.0,46.0,86.0,0.535,15.0,34.0,0.441,21.0,25.0,0.84,12.0,29.0,41.0,30.0,10.0,2.0,20.0,22.0,128.0,,,0.66,0.622,0.395,0.291,30.0,80.6,53.9,65.2,9.5,4.5,17.1,100.0,121.1,116.4,,,8.0,14.0,1.0,5.0,10.0,1.0,11.0,11.0,1.0,3.0,9.0,12.0,10.0,3.0,1.0,5.0,5.0,26.0,24.9,14.0,0.922,1.0,0.833,2.0,26.5,34.9,23.2,38.5,12.5,8.0,34.7,33.3,182.0,125.0,DEN,128,0,1,240.0,240.0,42.0,88.0,0.477,15.0,44.0,0.341,24.0,27.0,0.889,7.0,28.0,35.0,34.0,10.0,3.0,19.0,23.0,123.0,,,0.616,0.563,0.5,0.307,19.4,70.0,46.1,81.0,9.5,5.8,16.0,100.0,116.4,121.1,,,10.0,22.0,1.0,5.0,11.0,0.455,9.0,9.0,1.0,3.0,5.0,8.0,9.0,3.0,2.0,4.0,6.0,34.0,23.5,11.0,1.0,1.0,1.0,0.8,10.7,31.7,19.5,46.6,5.0,6.9,50.0,32.8,170.0,130.0,GSW,123,1,2023,2022-10-21,True
240.0,240.0,42.0,88.0,0.477,15.0,44.0,0.341,24.0,27.0,0.889,7.0,28.0,35.0,34.0,10.0,3.0,19.0,23.0,123.0,,,0.616,0.563,0.5,0.307,19.4,70.0,46.1,81.0,9.5,5.8,16.0,100.0,116.4,121.1,,,10.0,22.0,1.0,5.0,11.0,0.455,9.0,9.0,1.0,3.0,5.0,8.0,9.0,3.0,2.0,4.0,6.0,34.0,23.5,11.0,1.0,1.0,1.0,0.8,10.7,31.7,19.5,46.6,5.0,6.9,50.0,32.8,170.0,130.0,GSW,123,1,0,240.0,240.0,46.0,86.0,0.535,15.0,34.0,0.441,21.0,25.0,0.84,12.0,29.0,41.0,30.0,10.0,2.0,20.0,22.0,128.0,,,0.66,0.622,0.395,0.291,30.0,80.6,53.9,65.2,9.5,4.5,17.1,100.0,121.1,116.4,,,8.0,14.0,1.0,5.0,10.0,1.0,11.0,11.0,1.0,3.0,9.0,12.0,10.0,3.0,1.0,5.0,5.0,26.0,24.9,14.0,0.922,1.0,0.833,2.0,26.5,34.9,23.2,38.5,12.5,8.0,34.7,33.3,182.0,125.0,DEN,128,0,2023,2022-10-21,False
240.0,240.0,45.0,98.0,0.459,19.0,42.0,0.452,20.0,29.0,0.69,17.0,33.0,50.0,26.0,8.0,10.0,12.0,21.0,129.0,,,0.582,0.556,0.429,0.296,34.7,71.7,52.6,57.8,7.8,17.2,9.8,100.0,125.2,118.4,,,17.0,26.0,0.75,5.0,10.0,0.833,10.0,13.0,1.0,4.0,7.0,9.0,8.0,3.0,3.0,3.0,5.0,49.0,43.0,23.0,0.806,0.786,0.833,2.0,14.7,22.0,16.7,65.1,4.6,8.0,34.7,43.5,163.0,123.0,MEM,129,0,1,240.0,240.0,44.0,93.0,0.473,16.0,35.0,0.457,18.0,30.0,0.6,13.0,32.0,45.0,18.0,4.0,6.0,14.0,22.0,122.0,,,0.574,0.559,0.376,0.323,28.3,65.3,47.4,40.9,3.9,10.7,11.6,100.0,118.4,125.2,,,13.0,21.0,0.692,4.0,8.0,0.8,5.0,10.0,1.0,5.0,7.0,12.0,4.0,1.0,2.0,4.0,5.0,33.0,24.6,13.0,0.75,0.75,1.0,0.769,19.3,30.1,22.5,22.8,4.0,6.3,33.8,28.1,157.0,131.0,HOU,122,1,2023,2022-10-21,True
240.0,240.0,44.0,93.0,0.473,16.0,35.0,0.457,18.0,30.0,0.6,13.0,32.0,45.0,18.0,4.0,6.0,14.0,22.0,122.0,,,0.574,0.559,0.376,0.323,28.3,65.3,47.4,40.9,3.9,10.7,11.6,100.0,118.4,125.2,,,13.0,21.0,0.692,4.0,8.0,0.8,5.0,10.0,1.0,5.0,7.0,12.0,4.0,1.0,2.0,4.0,5.0,33.0,24.6,13.0,0.75,0.75,1.0,0.769,19.3,30.1,22.5,22.8,4.0,6.3,33.8,28.1,157.0,131.0,HOU,122,1,0,240.0,240.0,45.0,98.0,0.459,19.0,42.0,0.452,20.0,29.0,0.69,17.0,33.0,50.0,26.0,8.0,10.0,12.0,21.0,129.0,,,0.582,0.556,0.429,0.296,34.7,71.7,52.6,57.8,7.8,17.2,9.8,100.0,125.2,118.4,,,17.0,26.0,0.75,5.0,10.0,0.833,10.0,13.0,1.0,4.0,7.0,9.0,8.0,3.0,3.0,3.0,5.0,49.0,43.0,23.0,0.806,0.786,0.833,2.0,14.7,22.0,16.7,65.1,4.6,8.0,34.7,43.5,163.0,123.0,MEM,129,0,2023,2022-10-21,False
240.0,240.0,44.0,81.0,0.543,17.0,31.0,0.548,32.0,44.0,0.727,7.0,30.0,37.0,34.0,9.0,4.0,17.0,22.0,137.0,,,0.683,0.648,0.383,0.543,20.0,68.2,46.8,77.3,8.2,5.8,14.5,100.0,125.4,122.7,,,8.0,15.0,0.667,6.0,9.0,1.0,13.0,21.0,1.0,2.0,6.0,8.0,7.0,2.0,3.0,3.0,4.0,27.0,21.2,16.0,0.888,0.846,0.615,3.5,16.1,22.9,17.0,38.7,2.6,11.3,51.0,26.4,142.0,131.0,SAS,137,0,1,240.0,240.0,51.0,104.0,0.49,11.0,35.0,0.314,21.0,22.0,0.955,14.0,28.0,42.0,32.0,8.0,6.0,16.0,34.0,134.0,,,0.589,0.543,0.337,0.212,31.8,80.0,53.2,62.7,7.3,12.0,12.3,100.0,122.7,125.4,,,9.0,18.0,0.667,3.0,7.0,0.5,8.0,8.0,1.0,2.0,5.0,7.0,12.0,2.0,2.0,4.0,5.0,27.0,23.1,11.0,0.743,0.722,0.667,0.533,13.3,40.4,22.2,60.5,5.2,16.1,33.3,34.8,155.0,133.0,IND,134,1,2023,2022-10-21,True
240.0,240.0,51.0,104.0,0.49,11.0,35.0,0.314,21.0,22.0,0.955,14.0,28.0,42.0,32.0,8.0,6.0,16.0,34.0,134.0,,,0.589,0.543,0.337,0.212,31.8,80.0,53.2,62.7,7.3,12.0,12.3,100.0,122.7,125.4,,,9.0,18.0,0.667,3.0,7.0,0.5,8.0,8.0,1.0,2.0,5.0,7.0,12.0,2.0,2.0,4.0,5.0,27.0,23.1,11.0,0.743,0.722,0.667,0.533,13.3,40.4,22.2,60.5,5.2,16.1,33.3,34.8,155.0,133.0,IND,134,1,0,240.0,240.0,44.0,81.0,0.543,17.0,31.0,0.548,32.0,44.0,0.727,7.0,30.0,37.0,34.0,9.0,4.0,17.0,22.0,137.0,,,0.683,0.648,0.383,0.543,20.0,68.2,46.8,77.3,8.2,5.8,14.5,100.0,125.4,122.7,,,8.0,15.0,0.667,6.0,9.0,1.0,13.0,21.0,1.0,2.0,6.0,8.0,7.0,2.0,3.0,3.0,4.0,27.0,21.2,16.0,0.888,0.846,0.615,3.5,16.1,22.9,17.0,38.7,2.6,11.3,51.0,26.4,142.0,131.0,SAS,137,0,2023,2022-10-21,False
240.0,240.0,41.0,79.0,0.519,14.0,33.0,0.424,15.0,15.0,1.0,12.0,31.0,43.0,17.0,4.0,11.0,20.0,23.0,111.0,,,0.648,0.608,0.418,0.19,32.4,73.8,54.4,41.5,4.3,16.7,18.9,100.0,119.5,111.9,,,12.0,22.0,1.0,3.0,7.0,0.667,7.0,7.0,1.0,3.0,7.0,7.0,4.0,2.0,3.0,5.0,5.0,29.0,22.7,15.0,1.0,1.0,1.0,0.8,26.8,32.5,21.0,18.7,4.0,10.0,50.0,33.8,204.0,120.0,BOS,111,0,1,240.0,240.0,42.0,92.0,0.457,8.0,26.0,0.308,12.0,15.0,0.8,11.0,25.0,36.0,23.0,8.0,3.0,10.0,18.0,104.0,,,0.527,0.5,0.283,0.163,26.2,67.6,45.6,54.8,8.6,6.5,9.2,100.0,111.9,119.5,,,10.0,21.0,0.727,3.0,7.0,0.6,6.0,8.0,1.0,3.0,6.0,8.0,6.0,3.0,2.0,5.0,4.0,25.0,17.5,20.0,0.745,0.727,1.0,0.615,18.7,59.0,27.6,23.8,4.7,5.8,28.2,28.8,218.0,130.0,MIA,104,1,2023,2022-10-21,True
240.0,240.0,42.0,92.0,0.457,8.0,26.0,0.308,12.0,15.0,0.8,11.0,25.0,36.0,23.0,8.0,3.0,10.0,18.0,104.0,,,0.527,0.5,0.283,0.163,26.2,67.6,45.6,54.8,8.6,6.5,9.2,100.0,111.9,119.5,,,10.0,21.0,0.727,3.0,7.0,0.6,6.0,8.0,1.0,3.0,6.0,8.0,6.0,3.0,2.0,5.0,4.0,25.0,17.5,20.0,0.745,0.727,1.0,0.615,18.7,59.0,27.6,23.8,4.7,5.8,28.2,28.8,218.0,130.0,MIA,104,1,0,240.0,240.0,41.0,79.0,0.519,14.0,33.0,0.424,15.0,15.0,1.0,12.0,31.0,43.0,17.0,4.0,11.0,20.0,23.0,111.0,,,0.648,0.608,0.418,0.19,32.4,73.8,54.4,41.5,4.3,16.7,18.9,100.0,119.5,111.9,,,12.0,22.0,1.0,3.0,7.0,0.667,7.0,7.0,1.0,3.0,7.0,7.0,4.0,2.0,3.0,5.0,5.0,29.0,22.7,15.0,1.0,1.0,1.0,0.8,26.8,32.5,21.0,18.7,4.0,10.0,50.0,33.8,204.0,120.0,BOS,111,0,2023,2022-10-21,False
265.0,265.0,49.0,111.0,0.441,20.0,50.0,0.4,14.0,21.0,0.667,19.0,35.0,54.0,39.0,11.0,8.0,13.0,23.0,132.0,,,0.549,0.532,0.45,0.189,32.8,62.5,47.4,79.6,9.8,10.8,9.8,100.0,118.1,112.7,,,10.0,23.0,0.667,7.0,12.0,0.833,7.0,8.0,1.0,5.0,10.0,14.0,11.0,4.0,4.0,4.0,6.0,29.0,25.9,13.0,0.811,0.794,0.706,1.333,15.5,38.1,26.2,37.3,7.6,16.2,33.8,25.3,153.0,121.0,UTA,132,0,1,265.0,265.0,49.0,107.0,0.458,11.0,33.0,0.333,17.0,23.0,0.739,21.0,39.0,60.0,20.0,5.0,7.0,20.0,22.0,126.0,,,0.538,0.509,0.308,0.215,37.5,67.2,52.6,40.8,4.5,11.5,14.6,100.0,112.7,118.1,,,12.0,25.0,0.667,3.0,9.0,0.5,7.0,8.0,1.0,10.0,13.0,23.0,7.0,2.0,2.0,5.0,5.0,30.0,20.8,7.0,0.833,0.833,0.667,0.32,25.0,31.4,28.3,33.6,5.1,18.7,100.0,38.9,148.0,128.0,MIN,126,1,2023,2022-10-21,True
265.0,265.0,49.0,107.0,0.458,11.0,33.0,0.333,17.0,23.0,0.739,21.0,39.0,60.0,20.0,5.0,7.0,20.0,22.0,126.0,,,0.538,0.509,0.308,0.215,37.5,67.2,52.6,40.8,4.5,11.5,14.6,100.0,112.7,118.1,,,12.0,25.0,0.667,3.0,9.0,0.5,7.0,8.0,1.0,10.0,13.0,23.0,7.0,2.0,2.0,5.0,5.0,30.0,20.8,7.0,0.833,0.833,0.667,0.32,25.0,31.4,28.3,33.6,5.1,18.7,100.0,38.9,148.0,128.0,MIN,126,1,0,265.0,265.0,49.0,111.0,0.441,20.0,50.0,0.4,14.0,21.0,0.667,19.0,35.0,54.0,39.0,11.0,8.0,13.0,23.0,132.0,,,0.549,0.532,0.45,0.189,32.8,62.5,47.4,79.6,9.8,10.8,9.8,100.0,118.1,112.7,,,10.0,23.0,0.667,7.0,12.0,0.833,7.0,8.0,1.0,5.0,10.0,14.0,11.0,4.0,4.0,4.0,6.0,29.0,25.9,13.0,0.811,0.794,0.706,1.333,15.5,38.1,26.2,37.3,7.6,16.2,33.8,25.3,153.0,121.0,UTA,132,0,2023,2022-10-21,False
240.0,240.0,39.0,90.0,0.433,9.0,36.0,0.25,19.0,32.0,0.594,13.0,36.0,49.0,26.0,6.0,2.0,15.0,21.0,106.0,,,0.509,0.483,0.4,0.356,25.0,76.6,49.5,66.7,5.8,3.5,12.6,100.0,101.6,124.6,,,9.0,16.0,1.0,4.0,8.0,0.5,4.0,7.0,1.0,4.0,8.0,10.0,9.0,2.0,1.0,4.0,4.0,26.0,20.9,2.0,1.064,1.0,1.0,2.0,12.2,31.5,21.4,51.0,3.1,2.8,50.0,27.0,230.0,131.0,DET,106,0,1,240.0,240.0,50.0,95.0,0.526,16.0,38.0,0.421,14.0,22.0,0.636,11.0,39.0,50.0,29.0,4.0,6.0,12.0,26.0,130.0,,,0.621,0.611,0.4,0.232,23.4,75.0,50.5,58.0,3.8,11.1,10.3,100.0,124.6,101.6,,,8.0,15.0,1.0,3.0,8.0,1.0,3.0,5.0,1.0,4.0,7.0,11.0,7.0,2.0,2.0,3.0,4.0,20.0,17.0,27.0,1.5,1.5,1.0,1.333,19.3,100.0,53.4,46.5,4.3,7.6,29.6,43.3,300.0,108.0,NYK,130,1,2023,2022-10-21,False
240.0,240.0,50.0,95.0,0.526,16.0,38.0,0.421,14.0,22.0,0.636,11.0,39.0,50.0,29.0,4.0,6.0,12.0,26.0,130.0,,,0.621,0.611,0.4,0.232,23.4,75.0,50.5,58.0,3.8,11.1,10.3,100.0,124.6,101.6,,,8.0,15.0,1.0,3.0,8.0,1.0,3.0,5.0,1.0,4.0,7.0,11.0,7.0,2.0,2.0,3.0,4.0,20.0,17.0,27.0,1.5,1.5,1.0,1.333,19.3,100.0,53.4,46.5,4.3,7.6,29.6,43.3,300.0,108.0,NYK,130,1,0,240.0,240.0,39.0,90.0,0.433,9.0,36.0,0.25,19.0,32.0,0.594,13.0,36.0,49.0,26.0,6.0,2.0,15.0,21.0,106.0,,,0.509,0.483,0.4,0.356,25.0,76.6,49.5,66.7,5.8,3.5,12.6,100.0,101.6,124.6,,,9.0,16.0,1.0,4.0,8.0,0.5,4.0,7.0,1.0,4.0,8.0,10.0,9.0,2.0,1.0,4.0,4.0,26.0,20.9,2.0,1.064,1.0,1.0,2.0,12.2,31.5,21.4,51.0,3.1,2.8,50.0,27.0,230.0,131.0,DET,106,0,2023,2022-10-21,True
265.0,265.0,43.0,94.0,0.457,10.0,27.0,0.37,15.0,21.0,0.714,9.0,32.0,41.0,31.0,14.0,1.0,17.0,29.0,111.0,,,0.538,0.511,0.287,0.223,20.5,71.1,46.1,72.1,13.2,1.9,14.1,100.0,105.0,106.9,,,12.0,23.0,0.6,3.0,7.0,1.0,8.0,9.0,1.0,2.0,5.0,7.0,12.0,5.0,1.0,4.0,5.0,33.0,23.1,6.0,0.644,0.6,1.0,0.667,16.7,17.3,16.5,49.3,7.1,2.6,34.0,31.6,133.0,121.0,PHO,111,0,1,265.0,265.0,36.0,82.0,0.439,10.0,29.0,0.345,31.0,36.0,0.861,13.0,35.0,48.0,14.0,8.0,5.0,21.0,19.0,113.0,,,0.577,0.5,0.354,0.439,28.9,79.5,53.9,38.9,7.6,7.5,17.7,100.0,106.9,105.0,,,12.0,25.0,0.8,5.0,12.0,1.0,12.0,12.0,1.0,4.0,13.0,17.0,3.0,2.0,2.0,4.0,4.0,41.0,28.8,7.0,0.9,0.9,0.5,0.9,13.4,44.5,28.8,17.7,4.3,3.9,36.8,36.8,182.0,112.0,POR,113,1,2023,2022-10-21,False
265.0,265.0,36.0,82.0,0.439,10.0,29.0,0.345,31.0,36.0,0.861,13.0,35.0,48.0,14.0,8.0,5.0,21.0,19.0,113.0,,,0.577,0.5,0.354,0.439,28.9,79.5,53.9,38.9,7.6,7.5,17.7,100.0,106.9,105.0,,,12.0,25.0,0.8,5.0,12.0,1.0,12.0,12.0,1.0,4.0,13.0,17.0,3.0,2.0,2.0,4.0,4.0,41.0,28.8,7.0,0.9,0.9,0.5,0.9,13.4,44.5,28.8,17.7,4.3,3.9,36.8,36.8,182.0,112.0,POR,113,1,0,265.0,265.0,43.0,94.0,0.457,10.0,27.0,0.37,15.0,21.0,0.714,9.0,32.0,41.0,31.0,14.0,1.0,17.0,29.0,111.0,,,0.538,0.511,0.287,0.223,20.5,71.1,46.1,72.1,13.2,1.9,14.1,100.0,105.0,106.9,,,12.0,23.0,0.6,3.0,7.0,1.0,8.0,9.0,1.0,2.0,5.0,7.0,12.0,5.0,1.0,4.0,5.0,33.0,23.1,6.0,0.644,0.6,1.0,0.667,16.7,17.3,16.5,49.3,7.1,2.6,34.0,31.6,133.0,121.0,PHO,111,0,2023,2022-10-21,True
240.0,240.0,33.0,79.0,0.418,7.0,27.0,0.259,27.0,33.0,0.818,10.0,28.0,38.0,19.0,8.0,3.0,13.0,15.0,100.0,,,0.535,0.462,0.342,0.418,22.7,84.8,49.4,57.6,8.5,5.6,12.2,100.0,105.8,107.9,,,11.0,23.0,0.833,2.0,7.0,0.5,12.0,12.0,1.0,3.0,7.0,10.0,6.0,3.0,1.0,4.0,4.0,32.0,23.9,22.0,0.727,0.833,0.667,0.857,18.2,56.5,34.6,42.0,6.7,4.9,45.0,37.8,132.0,116.0,CHI,100,0,1,240.0,240.0,41.0,80.0,0.513,10.0,26.0,0.385,10.0,11.0,0.909,5.0,34.0,39.0,26.0,8.0,8.0,17.0,22.0,102.0,,,0.601,0.575,0.325,0.138,15.2,77.3,50.6,63.4,8.5,15.4,16.7,100.0,107.9,105.8,,,9.0,16.0,1.0,4.0,8.0,1.0,6.0,7.0,1.0,2.0,10.0,10.0,8.0,3.0,2.0,5.0,6.0,26.0,19.8,17.0,1.0,1.0,0.5,0.444,13.5,47.4,27.1,35.9,7.1,6.4,75.0,28.2,207.0,113.0,WAS,102,1,2023,2022-10-21,False
240.0,240.0,41.0,80.0,0.513,10.0,26.0,0.385,10.0,11.0,0.909,5.0,34.0,39.0,26.0,8.0,8.0,17.0,22.0,102.0,,,0.601,0.575,0.325,0.138,15.2,77.3,50.6,63.4,8.5,15.4,16.7,100.0,107.9,105.8,,,9.0,16.0,1.0,4.0,8.0,1.0,6.0,7.0,1.0,2.0,10.0,10.0,8.0,3.0,2.0,5.0,6.0,26.0,19.8,17.0,1.0,1.0,0.5,0.444,13.5,47.4,27.1,35.9,7.1,6.4,75.0,28.2,207.0,113.0,WAS,102,1,0,240.0,240.0,33.0,79.0,0.418,7.0,27.0,0.259,27.0,33.0,0.818,10.0,28.0,38.0,19.0,8.0,3.0,13.0,15.0,100.0,,,0.535,0.462,0.342,0.418,22.7,84.8,49.4,57.6,8.5,5.6,12.2,100.0,105.8,107.9,,,11.0,23.0,0.833,2.0,7.0,0.5,12.0,12.0,1.0,3.0,7.0,10.0,6.0,3.0,1.0,4.0,4.0,32.0,23.9,22.0,0.727,0.833,0.667,0.857,18.2,56.5,34.6,42.0,6.7,4.9,45.0,37.8,132.0,116.0,CHI,100,0,2023,2022-10-21,True
240.0,240.0,48.0,85.0,0.565,16.0,27.0,0.593,16.0,18.0,0.889,8.0,40.0,48.0,32.0,4.0,5.0,18.0,17.0,128.0,,,0.689,0.659,0.318,0.212,24.2,80.0,57.8,66.7,4.1,9.1,16.2,100.0,132.0,99.0,,,10.0,19.0,1.0,5.0,6.0,1.0,8.0,9.0,1.0,3.0,12.0,12.0,8.0,1.0,1.0,4.0,5.0,32.0,27.6,41.0,1.5,1.5,1.0,0.474,15.3,50.5,30.4,47.2,3.3,5.6,37.5,42.4,300.0,107.0,CLE,128,0,1,240.0,240.0,34.0,84.0,0.405,7.0,29.0,0.241,21.0,25.0,0.84,10.0,25.0,35.0,19.0,12.0,7.0,10.0,19.0,96.0,,,0.505,0.446,0.345,0.298,20.0,75.8,42.2,55.9,12.4,12.1,9.5,100.0,99.0,132.0,,,9.0,17.0,0.667,2.0,6.0,1.0,7.0,7.0,1.0,3.0,4.0,7.0,4.0,2.0,3.0,3.0,3.0,23.0,19.2,0.0,0.84,0.833,1.0,2.0,23.3,44.4,30.9,49.3,7.6,12.1,50.0,41.5,138.0,142.0,CHI,96,1,2023,2022-10-22,True
240.0,240.0,34.0,84.0,0.405,7.0,29.0,0.241,21.0,25.0,0.84,10.0,25.0,35.0,19.0,12.0,7.0,10.0,19.0,96.0,,,0.505,0.446,0.345,0.298,20.0,75.8,42.2,55.9,12.4,12.1,9.5,100.0,99.0,132.0,,,9.0,17.0,0.667,2.0,6.0,1.0,7.0,7.0,1.0,3.0,4.0,7.0,4.0,2.0,3.0,3.0,3.0,23.0,19.2,0.0,0.84,0.833,1.0,2.0,23.3,44.4,30.9,49.3,7.6,12.1,50.0,41.5,138.0,142.0,CHI,96,1,0,240.0,240.0,48.0,85.0,0.565,16.0,27.0,0.593,16.0,18.0,0.889,8.0,40.0,48.0,32.0,4.0,5.0,18.0,17.0,128.0,,,0.689,0.659,0.318,0.212,24.2,80.0,57.8,66.7,4.1,9.1,16.2,100.0,132.0,99.0,,,10.0,19.0,1.0,5.0,6.0,1.0,8.0,9.0,1.0,3.0,12.0,12.0,8.0,1.0,1.0,4.0,5.0,32.0,27.6,41.0,1.5,1.5,1.0,0.474,15.3,50.5,30.4,47.2,3.3,5.6,37.5,42.4,300.0,107.0,CLE,128,0,2023,2022-10-22,False
240.0,240.0,34.0,79.0,0.43,9.0,33.0,0.273,19.0,24.0,0.792,6.0,23.0,29.0,20.0,4.0,8.0,18.0,29.0,96.0,,,0.536,0.487,0.418,0.304,14.0,60.5,35.8,58.8,4.0,15.7,16.7,100.0,95.9,136.8,,,6.0,12.0,0.75,2.0,6.0,0.5,8.0,8.0,1.0,2.0,5.0,6.0,5.0,1.0,4.0,3.0,5.0,20.0,13.9,-2.0,0.875,0.875,1.0,0.75,12.5,24.3,17.1,35.6,2.2,21.2,45.0,28.3,131.0,145.0,MEM,96,0,1,240.0,240.0,45.0,90.0,0.5,17.0,39.0,0.436,30.0,36.0,0.833,15.0,37.0,52.0,23.0,7.0,7.0,15.0,24.0,137.0,,,0.647,0.594,0.433,0.4,39.5,86.0,64.2,51.1,7.0,15.2,12.4,100.0,136.8,95.9,,,12.0,23.0,1.0,4.0,9.0,1.0,12.0,14.0,1.0,4.0,8.0,12.0,10.0,2.0,2.0,3.0,5.0,32.0,29.8,31.0,1.33,1.5,1.0,2.0,29.5,35.6,28.3,62.1,9.7,16.0,53.2,37.4,247.0,104.0,DAL,137,1,2023,2022-10-22,False
240.0,240.0,45.0,90.0,0.5,17.0,39.0,0.436,30.0,36.0,0.833,15.0,37.0,52.0,23.0,7.0,7.0,15.0,24.0,137.0,,,0.647,0.594,0.433,0.4,39.5,86.0,64.2,51.1,7.0,15.2,12.4,100.0,136.8,95.9,,,12.0,23.0,1.0,4.0,9.0,1.0,12.0,14.0,1.0,4.0,8.0,12.0,10.0,2.0,2.0,3.0,5.0,32.0,29.8,31.0,1.33,1.5,1.0,2.0,29.5,35.6,28.3,62.1,9.7,16.0,53.2,37.4,247.0,104.0,DAL,137,1,0,240.0,240.0,34.0,79.0,0.43,9.0,33.0,0.273,19.0,24.0,0.792,6.0,23.0,29.0,20.0,4.0,8.0,18.0,29.0,96.0,,,0.536,0.487,0.418,0.304,14.0,60.5,35.8,58.8,4.0,15.7,16.7,100.0,95.9,136.8,,,6.0,12.0,0.75,2.0,6.0,0.5,8.0,8.0,1.0,2.0,5.0,6.0,5.0,1.0,4.0,3.0,5.0,20.0,13.9,-2.0,0.875,0.875,1.0,0.75,12.5,24.3,17.1,35.6,2.2,21.2,45.0,28.3,131.0,145.0,MEM,96,0,2023,2022-10-22,True
240.0,240.0,42.0,94.0,0.447,15.0,38.0,0.395,18.0,23.0,0.783,10.0,37.0,47.0,29.0,10.0,5.0,13.0,27.0,117.0,,,0.562,0.527,0.404,0.245,21.3,80.4,50.5,69.0,9.5,10.6,11.1,100.0,111.0,115.8,,,11.0,24.0,1.0,4.0,7.0,0.571,6.0,8.0,1.0,4.0,8.0,12.0,7.0,3.0,3.0,5.0,5.0,28.0,19.2,13.0,1.0,1.0,1.0,0.667,12.7,45.0,22.3,37.4,7.6,14.6,25.0,38.0,200.0,126.0,OKC,117,0,1,240.0,240.0,42.0,85.0,0.494,20.0,38.0,0.526,18.0,31.0,0.581,9.0,37.0,46.0,33.0,5.0,6.0,18.0,21.0,122.0,,,0.618,0.612,0.447,0.365,19.6,78.7,49.5,78.6,4.7,10.7,15.4,100.0,115.8,111.0,,,8.0,15.0,1.0,6.0,10.0,1.0,6.0,9.0,1.0,5.0,15.0,16.0,13.0,2.0,2.0,5.0,5.0,22.0,25.4,20.0,1.036,1.2,0.8,0.9,18.4,39.6,21.3,46.7,3.3,6.0,26.7,28.1,199.0,119.0,DEN,122,1,2023,2022-10-22,False
240.0,240.0,42.0,85.0,0.494,20.0,38.0,0.526,18.0,31.0,0.581,9.0,37.0,46.0,33.0,5.0,6.0,18.0,21.0,122.0,,,0.618,0.612,0.447,0.365,19.6,78.7,49.5,78.6,4.7,10.7,15.4,100.0,115.8,111.0,,,8.0,15.0,1.0,6.0,10.0,1.0,6.0,9.0,1.0,5.0,15.0,16.0,13.0,2.0,2.0,5.0,5.0,22.0,25.4,20.0,1.036,1.2,0.8,0.9,18.4,39.6,21.3,46.7,3.3,6.0,26.7,28.1,199.0,119.0,DEN,122,1,0,240.0,240.0,42.0,94.0,0.447,15.0,38.0,0.395,18.0,23.0,0.783,10.0,37.0,47.0,29.0,10.0,5.0,13.0,27.0,117.0,,,0.562,0.527,0.404,0.245,21.3,80.4,50.5,69.0,9.5,10.6,11.1,100.0,111.0,115.8,,,11.0,24.0,1.0,4.0,7.0,0.571,6.0,8.0,1.0,4.0,8.0,12.0,7.0,3.0,3.0,5.0,5.0,28.0,19.2,13.0,1.0,1.0,1.0,0.667,12.7,45.0,22.3,37.4,7.6,14.6,25.0,38.0,200.0,126.0,OKC,117,0,2023,2022-10-22,True
240.0,240.0,37.0,95.0,0.389,18.0,42.0,0.429,23.0,30.0,0.767,17.0,36.0,53.0,26.0,5.0,3.0,14.0,20.0,115.0,,,0.531,0.484,0.442,0.316,30.4,64.3,47.3,70.3,4.9,4.9,11.5,100.0,113.0,121.8,,,8.0,19.0,1.0,4.0,10.0,0.667,8.0,10.0,1.0,6.0,11.0,17.0,5.0,2.0,2.0,5.0,5.0,22.0,17.4,5.0,1.0,1.0,0.75,1.0,17.4,31.9,24.7,42.2,5.9,8.5,33.3,26.2,209.0,130.0,DET,115,0,1,240.0,240.0,45.0,103.0,0.437,16.0,42.0,0.381,18.0,24.0,0.75,20.0,39.0,59.0,28.0,7.0,15.0,11.0,21.0,124.0,,,0.546,0.515,0.408,0.233,35.7,69.6,52.7,62.2,6.9,28.3,8.8,100.0,121.8,113.0,,,10.0,18.0,0.75,5.0,8.0,0.667,7.0,8.0,1.0,8.0,12.0,15.0,10.0,5.0,5.0,2.0,3.0,27.0,27.4,13.0,0.717,0.813,0.75,0.833,27.0,37.4,25.3,52.7,7.4,21.0,25.0,29.1,154.0,123.0,IND,124,1,2023,2022-10-22,False
240.0,240.0,45.0,103.0,0.437,16.0,42.0,0.381,18.0,24.0,0.75,20.0,39.0,59.0,28.0,7.0,15.0,11.0,21.0,124.0,,,0.546,0.515,0.408,0.233,35.7,69.6,52.7,62.2,6.9,28.3,8.8,100.0,121.8,113.0,,,10.0,18.0,0.75,5.0,8.0,0.667,7.0,8.0,1.0,8.0,12.0,15.0,10.0,5.0,5.0,2.0,3.0,27.0,27.4,13.0,0.717,0.813,0.75,0.833,27.0,37.4,25.3,52.7,7.4,21.0,25.0,29.1,154.0,123.0,IND,124,1,0,240.0,240.0,37.0,95.0,0.389,18.0,42.0,0.429,23.0,30.0,0.767,17.0,36.0,53.0,26.0,5.0,3.0,14.0,20.0,115.0,,,0.531,0.484,0.442,0.316,30.4,64.3,47.3,70.3,4.9,4.9,11.5,100.0,113.0,121.8,,,8.0,19.0,1.0,4.0,10.0,0.667,8.0,10.0,1.0,6.0,11.0,17.0,5.0,2.0,2.0,5.0,5.0,22.0,17.4,5.0,1.0,1.0,0.75,1.0,17.4,31.9,24.7,42.2,5.9,8.5,33.3,26.2,209.0,130.0,DET,115,0,2023,2022-10-22,True
240.0,240.0,37.0,87.0,0.425,14.0,39.0,0.359,21.0,28.0,0.75,8.0,29.0,37.0,24.0,9.0,5.0,6.0,25.0,109.0,,,0.549,0.506,0.448,0.322,17.4,82.9,45.7,64.9,9.4,10.9,5.7,100.0,114.3,117.4,,,8.0,19.0,0.667,5.0,12.0,0.5,7.0,8.0,1.0,3.0,8.0,11.0,10.0,3.0,1.0,1.0,5.0,23.0,20.7,16.0,0.75,0.75,1.0,0.778,9.9,32.7,19.4,39.2,9.6,18.8,25.0,39.0,146.0,127.0,TOR,109,0,1,240.0,240.0,38.0,76.0,0.5,11.0,30.0,0.367,25.0,27.0,0.926,6.0,38.0,44.0,28.0,2.0,2.0,16.0,26.0,112.0,,,0.637,0.572,0.395,0.355,17.1,82.6,54.3,73.7,2.1,4.2,15.4,100.0,117.4,114.3,,,8.0,16.0,1.0,3.0,7.0,1.0,9.0,11.0,1.0,2.0,7.0,8.0,6.0,1.0,2.0,3.0,5.0,24.0,18.0,17.0,1.0,1.0,0.714,0.688,12.4,30.8,21.3,44.0,2.3,5.4,50.0,30.6,139.0,119.0,MIA,112,1,2023,2022-10-22,False
240.0,240.0,38.0,76.0,0.5,11.0,30.0,0.367,25.0,27.0,0.926,6.0,38.0,44.0,28.0,2.0,2.0,16.0,26.0,112.0,,,0.637,0.572,0.395,0.355,17.1,82.6,54.3,73.7,2.1,4.2,15.4,100.0,117.4,114.3,,,8.0,16.0,1.0,3.0,7.0,1.0,9.0,11.0,1.0,2.0,7.0,8.0,6.0,1.0,2.0,3.0,5.0,24.0,18.0,17.0,1.0,1.0,0.714,0.688,12.4,30.8,21.3,44.0,2.3,5.4,50.0,30.6,139.0,119.0,MIA,112,1,0,240.0,240.0,37.0,87.0,0.425,14.0,39.0,0.359,21.0,28.0,0.75,8.0,29.0,37.0,24.0,9.0,5.0,6.0,25.0,109.0,,,0.549,0.506,0.448,0.322,17.4,82.9,45.7,64.9,9.4,10.9,5.7,100.0,114.3,117.4,,,8.0,19.0,0.667,5.0,12.0,0.5,7.0,8.0,1.0,3.0,8.0,11.0,10.0,3.0,1.0,1.0,5.0,23.0,20.7,16.0,0.75,0.75,1.0,0.778,9.9,32.7,19.4,39.2,9.6,18.8,25.0,39.0,146.0,127.0,TOR,109,0,2023,2022-10-22,True
240.0,240.0,36.0,93.0,0.387,16.0,37.0,0.432,17.0,22.0,0.773,15.0,32.0,47.0,20.0,9.0,6.0,14.0,22.0,105.0,,,0.511,0.473,0.398,0.237,27.8,80.0,50.0,55.6,9.0,11.1,12.0,100.0,104.8,124.8,,,6.0,19.0,1.0,4.0,7.0,1.0,6.0,7.0,1.0,4.0,9.0,11.0,7.0,4.0,3.0,2.0,4.0,22.0,14.7,-2.0,1.5,1.5,1.0,1.0,14.2,39.1,20.4,54.4,7.7,14.2,41.0,31.3,300.0,134.0,HOU,105,0,1,240.0,240.0,48.0,85.0,0.565,16.0,31.0,0.516,13.0,21.0,0.619,8.0,39.0,47.0,29.0,6.0,10.0,16.0,22.0,125.0,,,0.663,0.659,0.365,0.247,20.0,72.2,50.0,60.4,6.0,17.9,14.5,100.0,124.8,104.8,,,17.0,21.0,1.0,3.0,7.0,1.0,8.0,13.0,0.75,3.0,10.0,12.0,10.0,2.0,5.0,4.0,4.0,44.0,35.8,23.0,1.0,1.0,1.0,0.619,16.0,32.2,22.2,44.8,3.8,14.9,100.0,48.4,233.0,119.0,MIL,125,1,2023,2022-10-22,False
240.0,240.0,48.0,85.0,0.565,16.0,31.0,0.516,13.0,21.0,0.619,8.0,39.0,47.0,29.0,6.0,10.0,16.0,22.0,125.0,,,0.663,0.659,0.365,0.247,20.0,72.2,50.0,60.4,6.0,17.9,14.5,100.0,124.8,104.8,,,17.0,21.0,1.0,3.0,7.0,1.0,8.0,13.0,0.75,3.0,10.0,12.0,10.0,2.0,5.0,4.0,4.0,44.0,35.8,23.0,1.0,1.0,1.0,0.619,16.0,32.2,22.2,44.8,3.8,14.9,100.0,48.4,233.0,119.0,MIL,125,1,0,240.0,240.0,36.0,93.0,0.387,16.0,37.0,0.432,17.0,22.0,0.773,15.0,32.0,47.0,20.0,9.0,6.0,14.0,22.0,105.0,,,0.511,0.473,0.398,0.237,27.8,80.0,50.0,55.6,9.0,11.1,12.0,100.0,104.8,124.8,,,6.0,19.0,1.0,4.0,7.0,1.0,6.0,7.0,1.0,4.0,9.0,11.0,7.0,4.0,3.0,2.0,4.0,22.0,14.7,-2.0,1.5,1.5,1.0,1.0,14.2,39.1,20.4,54.4,7.7,14.2,41.0,31.3,300.0,134.0,HOU,105,0,2023,2022-10-22,True
240.0,240.0,42.0,87.0,0.483,19.0,47.0,0.404,23.0,28.0,0.821,7.0,30.0,37.0,24.0,5.0,6.0,8.0,21.0,126.0,,,0.634,0.592,0.54,0.322,16.3,71.4,43.5,57.1,5.1,9.8,7.5,100.0,128.4,122.3,,,14.0,21.0,1.0,5.0,10.0,1.0,8.0,9.0,1.0,2.0,8.0,9.0,8.0,1.0,2.0,2.0,5.0,40.0,34.2,14.0,1.366,1.5,1.0,1.333,19.1,33.8,16.7,28.4,5.1,5.7,53.2,30.8,271.0,130.0,BOS,126,0,1,240.0,240.0,45.0,95.0,0.474,15.0,34.0,0.441,15.0,23.0,0.652,12.0,36.0,48.0,21.0,5.0,7.0,9.0,24.0,120.0,,,0.571,0.553,0.358,0.242,28.6,83.7,56.5,46.7,5.1,17.5,7.9,100.0,122.3,128.4,,,11.0,19.0,1.0,5.0,8.0,1.0,9.0,11.0,1.0,5.0,8.0,12.0,6.0,1.0,4.0,3.0,5.0,29.0,24.3,9.0,1.333,1.333,1.0,0.579,16.4,37.5,19.4,25.3,5.4,32.3,17.0,32.7,253.0,136.0,ORL,120,1,2023,2022-10-22,True
240.0,240.0,45.0,95.0,0.474,15.0,34.0,0.441,15.0,23.0,0.652,12.0,36.0,48.0,21.0,5.0,7.0,9.0,24.0,120.0,,,0.571,0.553,0.358,0.242,28.6,83.7,56.5,46.7,5.1,17.5,7.9,100.0,122.3,128.4,,,11.0,19.0,1.0,5.0,8.0,1.0,9.0,11.0,1.0,5.0,8.0,12.0,6.0,1.0,4.0,3.0,5.0,29.0,24.3,9.0,1.333,1.333,1.0,0.579,16.4,37.5,19.4,25.3,5.4,32.3,17.0,32.7,253.0,136.0,ORL,120,1,0,240.0,240.0,42.0,87.0,0.483,19.0,47.0,0.404,23.0,28.0,0.821,7.0,30.0,37.0,24.0,5.0,6.0,8.0,21.0,126.0,,,0.634,0.592,0.54,0.322,16.3,71.4,43.5,57.1,5.1,9.8,7.5,100.0,128.4,122.3,,,14.0,21.0,1.0,5.0,10.0,1.0,8.0,9.0,1.0,2.0,8.0,9.0,8.0,1.0,2.0,2.0,5.0,40.0,34.2,14.0,1.366,1.5,1.0,1.333,19.1,33.8,16.7,28.4,5.1,5.7,53.2,30.8,271.0,130.0,BOS,126,0,2023,2022-10-22,False
240.0,240.0,43.0,89.0,0.483,16.0,38.0,0.421,12.0,15.0,0.8,12.0,31.0,43.0,27.0,5.0,7.0,14.0,20.0,114.0,,,0.596,0.573,0.427,0.169,30.0,72.1,51.8,62.8,5.3,13.2,12.8,100.0,121.7,112.1,,,9.0,17.0,1.0,4.0,8.0,1.0,5.0,5.0,1.0,7.0,6.0,12.0,5.0,1.0,2.0,4.0,5.0,22.0,18.7,19.0,1.5,1.5,1.0,0.667,31.1,32.6,25.7,48.3,3.7,14.3,50.0,30.6,300.0,122.0,SAS,114,0,1,240.0,240.0,37.0,84.0,0.44,10.0,31.0,0.323,21.0,28.0,0.75,12.0,28.0,40.0,26.0,6.0,5.0,12.0,15.0,105.0,,,0.545,0.5,0.369,0.333,27.9,70.0,48.2,70.3,6.4,9.8,11.1,100.0,112.1,121.7,,,14.0,25.0,0.75,3.0,8.0,0.667,12.0,15.0,0.8,4.0,10.0,13.0,12.0,2.0,2.0,3.0,3.0,40.0,33.7,6.0,1.0,1.0,1.0,0.6,24.2,33.4,20.9,44.4,6.6,5.6,50.0,41.4,221.0,131.0,PHI,105,1,2023,2022-10-22,True
240.0,240.0,37.0,84.0,0.44,10.0,31.0,0.323,21.0,28.0,0.75,12.0,28.0,40.0,26.0,6.0,5.0,12.0,15.0,105.0,,,0.545,0.5,0.369,0.333,27.9,70.0,48.2,70.3,6.4,9.8,11.1,100.0,112.1,121.7,,,14.0,25.0,0.75,3.0,8.0,0.667,12.0,15.0,0.8,4.0,10.0,13.0,12.0,2.0,2.0,3.0,3.0,40.0,33.7,6.0,1.0,1.0,1.0,0.6,24.2,33.4,20.9,44.4,6.6,5.6,50.0,41.4,221.0,131.0,PHI,105,1,0,240.0,240.0,43.0,89.0,0.483,16.0,38.0,0.421,12.0,15.0,0.8,12.0,31.0,43.0,27.0,5.0,7.0,14.0,20.0,114.0,,,0.596,0.573,0.427,0.169,30.0,72.1,51.8,62.8,5.3,13.2,12.8,100.0,121.7,112.1,,,9.0,17.0,1.0,4.0,8.0,1.0,5.0,5.0,1.0,7.0,6.0,12.0,5.0,1.0,2.0,4.0,5.0,22.0,18.7,19.0,1.5,1.5,1.0,0.667,31.1,32.6,25.7,48.3,3.7,14.3,50.0,30.6,300.0,122.0,SAS,114,0,2023,2022-10-22,False
240.0,240.0,41.0,81.0,0.506,9.0,22.0,0.409,20.0,22.0,0.909,5.0,35.0,40.0,24.0,8.0,3.0,13.0,21.0,111.0,,,0.612,0.562,0.272,0.272,14.3,79.5,50.6,58.5,8.2,6.0,12.5,100.0,114.3,112.2,,,16.0,31.0,1.0,3.0,10.0,1.0,5.0,5.0,1.0,2.0,7.0,8.0,6.0,2.0,1.0,4.0,5.0,40.0,29.4,15.0,1.167,1.167,0.6,2.0,9.2,34.6,20.1,35.4,4.5,4.0,34.7,44.6,173.0,120.0,LAC,111,0,1,240.0,240.0,40.0,85.0,0.471,14.0,35.0,0.4,15.0,26.0,0.577,9.0,30.0,39.0,24.0,5.0,5.0,12.0,21.0,109.0,,,0.565,0.553,0.412,0.306,20.5,85.7,49.4,60.0,5.1,8.5,11.1,100.0,112.2,114.3,,,15.0,23.0,0.7,5.0,8.0,0.625,4.0,7.0,1.0,3.0,7.0,10.0,7.0,2.0,2.0,3.0,4.0,36.0,27.7,7.0,0.873,0.85,0.889,0.7,17.0,27.7,17.5,33.3,3.8,5.0,31.1,39.1,157.0,121.0,SAC,109,1,2023,2022-10-22,True
240.0,240.0,40.0,85.0,0.471,14.0,35.0,0.4,15.0,26.0,0.577,9.0,30.0,39.0,24.0,5.0,5.0,12.0,21.0,109.0,,,0.565,0.553,0.412,0.306,20.5,85.7,49.4,60.0,5.1,8.5,11.1,100.0,112.2,114.3,,,15.0,23.0,0.7,5.0,8.0,0.625,4.0,7.0,1.0,3.0,7.0,10.0,7.0,2.0,2.0,3.0,4.0,36.0,27.7,7.0,0.873,0.85,0.889,0.7,17.0,27.7,17.5,33.3,3.8,5.0,31.1,39.1,157.0,121.0,SAC,109,1,0,240.0,240.0,41.0,81.0,0.506,9.0,22.0,0.409,20.0,22.0,0.909,5.0,35.0,40.0,24.0,8.0,3.0,13.0,21.0,111.0,,,0.612,0.562,0.272,0.272,14.3,79.5,50.6,58.5,8.2,6.0,12.5,100.0,114.3,112.2,,,16.0,31.0,1.0,3.0,10.0,1.0,5.0,5.0,1.0,2.0,7.0,8.0,6.0,2.0,1.0,4.0,5.0,40.0,29.4,15.0,1.167,1.167,0.6,2.0,9.2,34.6,20.1,35.4,4.5,4.0,34.7,44.6,173.0,120.0,LAC,111,0,2023,2022-10-22,False
240.0,240.0,47.0,90.0,0.522,11.0,26.0,0.423,21.0,30.0,0.7,14.0,38.0,52.0,28.0,7.0,6.0,14.0,24.0,126.0,,,0.61,0.583,0.289,0.333,32.6,70.4,53.6,59.6,6.9,10.0,11.9,100.0,125.1,108.2,,,9.0,20.0,1.0,3.0,6.0,0.5,4.0,9.0,1.0,5.0,8.0,11.0,6.0,3.0,2.0,4.0,4.0,24.0,23.9,25.0,1.0,1.0,0.75,3.0,100.0,62.0,100.0,30.3,4.3,7.9,24.7,57.6,200.0,119.0,CHO,126,0,1,240.0,240.0,39.0,95.0,0.411,8.0,35.0,0.229,23.0,28.0,0.821,16.0,29.0,45.0,23.0,8.0,9.0,12.0,21.0,109.0,,,0.508,0.453,0.368,0.295,29.6,67.4,46.4,59.0,7.9,14.1,10.1,100.0,108.2,125.1,,,9.0,25.0,1.0,2.0,8.0,0.667,8.0,9.0,1.0,5.0,8.0,10.0,9.0,2.0,4.0,4.0,4.0,28.0,19.7,6.0,1.0,1.0,0.75,1.0,19.4,24.3,21.6,73.8,14.8,7.8,25.8,36.2,221.0,135.0,ATL,109,1,2023,2022-10-23,True
240.0,240.0,39.0,95.0,0.411,8.0,35.0,0.229,23.0,28.0,0.821,16.0,29.0,45.0,23.0,8.0,9.0,12.0,21.0,109.0,,,0.508,0.453,0.368,0.295,29.6,67.4,46.4,59.0,7.9,14.1,10.1,100.0,108.2,125.1,,,9.0,25.0,1.0,2.0,8.0,0.667,8.0,9.0,1.0,5.0,8.0,10.0,9.0,2.0,4.0,4.0,4.0,28.0,19.7,6.0,1.0,1.0,0.75,1.0,19.4,24.3,21.6,73.8,14.8,7.8,25.8,36.2,221.0,135.0,ATL,109,1,0,240.0,240.0,47.0,90.0,0.522,11.0,26.0,0.423,21.0,30.0,0.7,14.0,38.0,52.0,28.0,7.0,6.0,14.0,24.0,126.0,,,0.61,0.583,0.289,0.333,32.6,70.4,53.6,59.6,6.9,10.0,11.9,100.0,125.1,108.2,,,9.0,20.0,1.0,3.0,6.0,0.5,4.0,9.0,1.0,5.0,8.0,11.0,6.0,3.0,2.0,4.0,4.0,24.0,23.9,25.0,1.0,1.0,0.75,3.0,100.0,62.0,100.0,30.3,4.3,7.9,24.7,57.6,200.0,119.0,CHO,126,0,2023,2022-10-23,False
265.0,265.0,43.0,87.0,0.494,12.0,28.0,0.429,9.0,15.0,0.6,4.0,31.0,35.0,25.0,9.0,4.0,20.0,24.0,107.0,,,0.572,0.563,0.322,0.172,11.1,66.0,42.2,58.1,8.7,6.3,17.6,100.0,103.5,113.2,,,11.0,16.0,0.688,4.0,8.0,1.0,5.0,7.0,0.714,1.0,10.0,11.0,6.0,2.0,2.0,6.0,4.0,27.0,19.3,6.0,0.813,0.813,0.667,0.6,9.9,29.7,18.5,36.4,7.2,5.7,33.3,30.4,150.0,122.0,WAS,107,0,1,265.0,265.0,41.0,96.0,0.427,13.0,33.0,0.394,22.0,25.0,0.88,16.0,32.0,48.0,19.0,10.0,5.0,13.0,20.0,117.0,,,0.547,0.495,0.344,0.26,34.0,88.9,57.8,46.3,9.7,8.5,10.8,100.0,113.2,103.5,,,12.0,29.0,0.75,5.0,12.0,0.667,8.0,9.0,1.0,6.0,8.0,14.0,4.0,3.0,2.0,6.0,4.0,37.0,23.1,19.0,0.968,1.0,0.75,1.25,30.7,71.7,31.1,17.8,6.4,4.8,33.3,38.6,207.0,110.0,CLE,117,1,2023,2022-10-23,False
265.0,265.0,41.0,96.0,0.427,13.0,33.0,0.394,22.0,25.0,0.88,16.0,32.0,48.0,19.0,10.0,5.0,13.0,20.0,117.0,,,0.547,0.495,0.344,0.26,34.0,88.9,57.8,46.3,9.7,8.5,10.8,100.0,113.2,103.5,,,12.0,29.0,0.75,5.0,12.0,0.667,8.0,9.0,1.0,6.0,8.0,14.0,4.0,3.0,2.0,6.0,4.0,37.0,23.1,19.0,0.968,1.0,0.75,1.25,30.7,71.7,31.1,17.8,6.4,4.8,33.3,38.6,207.0,110.0,CLE,117,1,0,265.0,265.0,43.0,87.0,0.494,12.0,28.0,0.429,9.0,15.0,0.6,4.0,31.0,35.0,25.0,9.0,4.0,20.0,24.0,107.0,,,0.572,0.563,0.322,0.172,11.1,66.0,42.2,58.1,8.7,6.3,17.6,100.0,103.5,113.2,,,11.0,16.0,0.688,4.0,8.0,1.0,5.0,7.0,0.714,1.0,10.0,11.0,6.0,2.0,2.0,6.0,4.0,27.0,19.3,6.0,0.813,0.813,0.667,0.6,9.9,29.7,18.5,36.4,7.2,5.7,33.3,30.4,150.0,122.0,WAS,107,0,2023,2022-10-23,True
240.0,240.0,47.0,100.0,0.47,11.0,43.0,0.256,20.0,25.0,0.8,13.0,38.0,51.0,31.0,10.0,2.0,16.0,29.0,125.0,,,0.563,0.525,0.43,0.25,29.5,86.4,58.0,66.0,9.2,3.7,12.6,100.0,114.9,119.5,,,11.0,20.0,1.0,4.0,10.0,0.5,7.0,8.0,1.0,3.0,11.0,14.0,10.0,3.0,1.0,3.0,6.0,26.0,21.7,15.0,0.768,1.0,1.0,4.0,30.6,53.7,34.2,40.7,11.2,8.4,42.0,38.4,150.0,127.0,SAC,125,0,1,240.0,240.0,45.0,87.0,0.517,14.0,33.0,0.424,26.0,36.0,0.722,6.0,31.0,37.0,24.0,7.0,5.0,13.0,21.0,130.0,,,0.632,0.598,0.379,0.414,13.6,70.5,42.0,53.3,6.4,8.8,11.2,100.0,119.5,114.9,,,11.0,22.0,0.75,7.0,12.0,0.6,7.0,9.0,1.0,2.0,6.0,8.0,6.0,3.0,2.0,2.0,3.0,33.0,22.7,19.0,0.726,0.75,1.0,4.0,16.8,33.1,17.6,29.7,6.8,6.5,42.0,34.0,162.0,123.0,GSW,130,1,2023,2022-10-23,False
240.0,240.0,45.0,87.0,0.517,14.0,33.0,0.424,26.0,36.0,0.722,6.0,31.0,37.0,24.0,7.0,5.0,13.0,21.0,130.0,,,0.632,0.598,0.379,0.414,13.6,70.5,42.0,53.3,6.4,8.8,11.2,100.0,119.5,114.9,,,11.0,22.0,0.75,7.0,12.0,0.6,7.0,9.0,1.0,2.0,6.0,8.0,6.0,3.0,2.0,2.0,3.0,33.0,22.7,19.0,0.726,0.75,1.0,4.0,16.8,33.1,17.6,29.7,6.8,6.5,42.0,34.0,162.0,123.0,GSW,130,1,0,240.0,240.0,47.0,100.0,0.47,11.0,43.0,0.256,20.0,25.0,0.8,13.0,38.0,51.0,31.0,10.0,2.0,16.0,29.0,125.0,,,0.563,0.525,0.43,0.25,29.5,86.4,58.0,66.0,9.2,3.7,12.6,100.0,114.9,119.5,,,11.0,20.0,1.0,4.0,10.0,0.5,7.0,8.0,1.0,3.0,11.0,14.0,10.0,3.0,1.0,3.0,6.0,26.0,21.7,15.0,0.768,1.0,1.0,4.0,30.6,53.7,34.2,40.7,11.2,8.4,42.0,38.4,150.0,127.0,SAC,125,0,2023,2022-10-23,True
240.0,240.0,43.0,93.0,0.462,15.0,42.0,0.357,11.0,12.0,0.917,13.0,36.0,49.0,29.0,5.0,3.0,13.0,18.0,112.0,,,0.57,0.543,0.452,0.129,27.7,80.0,53.3,67.4,5.2,6.0,11.7,100.0,117.2,99.4,,,13.0,21.0,0.667,5.0,9.0,0.75,4.0,4.0,1.0,3.0,8.0,10.0,11.0,1.0,1.0,4.0,5.0,35.0,26.6,15.0,1.136,0.917,1.0,0.4,12.3,86.5,42.3,42.0,3.8,3.3,25.9,41.5,250.0,108.0,PHO,112,0,1,240.0,240.0,36.0,82.0,0.439,9.0,32.0,0.281,14.0,20.0,0.7,9.0,34.0,43.0,16.0,10.0,0.0,15.0,18.0,95.0,,,0.523,0.494,0.39,0.244,20.0,72.3,46.7,44.4,10.5,0.0,14.2,100.0,99.4,117.2,,,10.0,14.0,1.0,2.0,6.0,0.5,7.0,7.0,1.0,3.0,7.0,8.0,4.0,2.0,0.0,3.0,3.0,22.0,18.4,1.0,1.0,1.0,1.0,2.0,15.5,23.9,19.6,46.2,17.6,0.0,42.9,30.4,200.0,129.0,LAC,95,1,2023,2022-10-23,True
240.0,240.0,36.0,82.0,0.439,9.0,32.0,0.281,14.0,20.0,0.7,9.0,34.0,43.0,16.0,10.0,0.0,15.0,18.0,95.0,,,0.523,0.494,0.39,0.244,20.0,72.3,46.7,44.4,10.5,0.0,14.2,100.0,99.4,117.2,,,10.0,14.0,1.0,2.0,6.0,0.5,7.0,7.0,1.0,3.0,7.0,8.0,4.0,2.0,0.0,3.0,3.0,22.0,18.4,1.0,1.0,1.0,1.0,2.0,15.5,23.9,19.6,46.2,17.6,0.0,42.9,30.4,200.0,129.0,LAC,95,1,0,240.0,240.0,43.0,93.0,0.462,15.0,42.0,0.357,11.0,12.0,0.917,13.0,36.0,49.0,29.0,5.0,3.0,13.0,18.0,112.0,,,0.57,0.543,0.452,0.129,27.7,80.0,53.3,67.4,5.2,6.0,11.7,100.0,117.2,99.4,,,13.0,21.0,0.667,5.0,9.0,0.75,4.0,4.0,1.0,3.0,8.0,10.0,11.0,1.0,1.0,4.0,5.0,35.0,26.6,15.0,1.136,0.917,1.0,0.4,12.3,86.5,42.3,42.0,3.8,3.3,25.9,41.5,250.0,108.0,PHO,112,0,2023,2022-10-23,False
240.0,240.0,37.0,84.0,0.44,10.0,27.0,0.37,22.0,27.0,0.815,13.0,39.0,52.0,19.0,6.0,5.0,19.0,20.0,106.0,,,0.553,0.5,0.321,0.321,30.2,79.6,56.5,51.4,6.0,8.5,16.5,100.0,105.8,103.8,,,15.0,25.0,0.6,6.0,13.0,1.0,5.0,7.0,1.0,3.0,14.0,16.0,5.0,2.0,1.0,6.0,5.0,41.0,25.5,8.0,0.765,0.72,0.52,6.0,20.6,37.6,22.9,19.9,3.8,6.0,33.8,41.7,142.0,110.0,POR,106,0,1,240.0,240.0,41.0,92.0,0.446,6.0,33.0,0.182,16.0,20.0,0.8,10.0,30.0,40.0,26.0,9.0,9.0,13.0,24.0,104.0,,,0.516,0.478,0.359,0.217,20.4,69.8,43.5,63.4,9.0,15.8,11.4,100.0,103.8,105.8,,,12.0,22.0,0.667,2.0,9.0,0.5,5.0,7.0,1.0,5.0,7.0,10.0,8.0,2.0,6.0,4.0,5.0,31.0,26.2,7.0,0.735,0.667,1.0,1.333,16.0,24.3,17.1,39.6,2.6,13.9,40.0,32.5,129.0,117.0,LAL,104,1,2023,2022-10-23,True
240.0,240.0,41.0,92.0,0.446,6.0,33.0,0.182,16.0,20.0,0.8,10.0,30.0,40.0,26.0,9.0,9.0,13.0,24.0,104.0,,,0.516,0.478,0.359,0.217,20.4,69.8,43.5,63.4,9.0,15.8,11.4,100.0,103.8,105.8,,,12.0,22.0,0.667,2.0,9.0,0.5,5.0,7.0,1.0,5.0,7.0,10.0,8.0,2.0,6.0,4.0,5.0,31.0,26.2,7.0,0.735,0.667,1.0,1.333,16.0,24.3,17.1,39.6,2.6,13.9,40.0,32.5,129.0,117.0,LAL,104,1,0,240.0,240.0,37.0,84.0,0.44,10.0,27.0,0.37,22.0,27.0,0.815,13.0,39.0,52.0,19.0,6.0,5.0,19.0,20.0,106.0,,,0.553,0.5,0.321,0.321,30.2,79.6,56.5,51.4,6.0,8.5,16.5,100.0,105.8,103.8,,,15.0,25.0,0.6,6.0,13.0,1.0,5.0,7.0,1.0,3.0,14.0,16.0,5.0,2.0,1.0,6.0,5.0,41.0,25.5,8.0,0.765,0.72,0.52,6.0,20.6,37.6,22.9,19.9,3.8,6.0,33.8,41.7,142.0,110.0,POR,106,0,2023,2022-10-23,False
265.0,265.0,43.0,98.0,0.439,13.0,38.0,0.342,23.0,28.0,0.821,15.0,29.0,44.0,29.0,13.0,6.0,17.0,20.0,122.0,,,0.553,0.505,0.388,0.286,32.6,67.4,49.4,67.4,12.0,8.0,13.4,100.0,113.0,112.0,,,9.0,19.0,0.714,3.0,10.0,0.667,11.0,11.0,1.0,6.0,9.0,12.0,8.0,4.0,2.0,3.0,5.0,31.0,28.4,11.0,0.901,0.857,0.6,0.647,31.0,40.2,24.1,30.2,7.0,6.3,28.6,31.9,159.0,123.0,UTA,122,0,1,265.0,265.0,48.0,102.0,0.471,8.0,27.0,0.296,17.0,22.0,0.773,14.0,31.0,45.0,30.0,8.0,6.0,17.0,22.0,121.0,,,0.542,0.51,0.265,0.216,32.6,67.4,50.6,62.5,7.4,10.0,13.2,100.0,112.0,113.0,,,12.0,25.0,0.8,3.0,8.0,1.0,5.0,6.0,1.0,8.0,8.0,9.0,12.0,2.0,2.0,4.0,6.0,28.0,23.1,14.0,0.85,0.9,1.0,0.667,40.3,23.2,21.9,48.2,7.3,6.5,33.3,31.2,133.0,124.0,NOP,121,1,2023,2022-10-23,True
265.0,265.0,48.0,102.0,0.471,8.0,27.0,0.296,17.0,22.0,0.773,14.0,31.0,45.0,30.0,8.0,6.0,17.0,22.0,121.0,,,0.542,0.51,0.265,0.216,32.6,67.4,50.6,62.5,7.4,10.0,13.2,100.0,112.0,113.0,,,12.0,25.0,0.8,3.0,8.0,1.0,5.0,6.0,1.0,8.0,8.0,9.0,12.0,2.0,2.0,4.0,6.0,28.0,23.1,14.0,0.85,0.9,1.0,0.667,40.3,23.2,21.9,48.2,7.3,6.5,33.3,31.2,133.0,124.0,NOP,121,1,0,265.0,265.0,43.0,98.0,0.439,13.0,38.0,0.342,23.0,28.0,0.821,15.0,29.0,44.0,29.0,13.0,6.0,17.0,20.0,122.0,,,0.553,0.505,0.388,0.286,32.6,67.4,49.4,67.4,12.0,8.0,13.4,100.0,113.0,112.0,,,9.0,19.0,0.714,3.0,10.0,0.667,11.0,11.0,1.0,6.0,9.0,12.0,8.0,4.0,2.0,3.0,5.0,31.0,28.4,11.0,0.901,0.857,0.6,0.647,31.0,40.2,24.1,30.2,7.0,6.3,28.6,31.9,159.0,123.0,UTA,122,0,2023,2022-10-23,False
240.0,240.0,46.0,88.0,0.523,10.0,34.0,0.294,14.0,22.0,0.636,12.0,42.0,54.0,24.0,9.0,3.0,15.0,17.0,116.0,,,0.594,0.58,0.386,0.25,27.9,79.2,56.3,52.2,9.0,5.7,13.3,100.0,115.5,105.5,,,13.0,19.0,0.778,3.0,7.0,0.6,4.0,4.0,1.0,2.0,13.0,15.0,6.0,4.0,1.0,4.0,4.0,30.0,22.7,23.0,0.799,0.857,1.0,0.571,10.4,72.9,40.3,26.4,7.0,6.9,50.0,34.3,162.0,115.0,MIN,116,0,1,240.0,240.0,41.0,94.0,0.436,9.0,41.0,0.22,15.0,21.0,0.714,11.0,31.0,42.0,24.0,7.0,4.0,11.0,15.0,106.0,,,0.513,0.484,0.436,0.223,20.8,72.1,43.8,58.5,7.0,7.4,9.6,100.0,105.5,115.5,,,6.0,15.0,0.833,3.0,7.0,0.75,6.0,6.0,1.0,3.0,8.0,9.0,5.0,2.0,2.0,4.0,3.0,20.0,15.7,15.0,1.09,1.083,1.0,1.333,35.7,79.3,39.9,72.2,7.9,7.9,26.7,29.4,216.0,124.0,OKC,106,1,2023,2022-10-23,True
240.0,240.0,41.0,94.0,0.436,9.0,41.0,0.22,15.0,21.0,0.714,11.0,31.0,42.0,24.0,7.0,4.0,11.0,15.0,106.0,,,0.513,0.484,0.436,0.223,20.8,72.1,43.8,58.5,7.0,7.4,9.6,100.0,105.5,115.5,,,6.0,15.0,0.833,3.0,7.0,0.75,6.0,6.0,1.0,3.0,8.0,9.0,5.0,2.0,2.0,4.0,3.0,20.0,15.7,15.0,1.09,1.083,1.0,1.333,35.7,79.3,39.9,72.2,7.9,7.9,26.7,29.4,216.0,124.0,OKC,106,1,0,240.0,240.0,46.0,88.0,0.523,10.0,34.0,0.294,14.0,22.0,0.636,12.0,42.0,54.0,24.0,9.0,3.0,15.0,17.0,116.0,,,0.594,0.58,0.386,0.25,27.9,79.2,56.3,52.2,9.0,5.7,13.3,100.0,115.5,105.5,,,13.0,19.0,0.778,3.0,7.0,0.6,4.0,4.0,1.0,2.0,13.0,15.0,6.0,4.0,1.0,4.0,4.0,30.0,22.7,23.0,0.799,0.857,1.0,0.571,10.4,72.9,40.3,26.4,7.0,6.9,50.0,34.3,162.0,115.0,MIN,116,0,2023,2022-10-23,False
240.0,240.0,37.0,100.0,0.37,18.0,48.0,0.375,10.0,12.0,0.833,14.0,31.0,45.0,26.0,5.0,7.0,11.0,24.0,102.0,,,0.484,0.46,0.48,0.12,23.3,68.9,42.9,70.3,5.1,10.6,9.5,100.0,103.2,121.4,,,8.0,23.0,0.667,4.0,8.0,1.0,6.0,6.0,1.0,3.0,8.0,8.0,6.0,2.0,2.0,3.0,5.0,26.0,20.7,5.0,1.0,1.0,1.0,0.5,44.0,39.1,33.6,62.5,4.0,12.0,33.3,30.6,167.0,131.0,BOS,102,0,1,240.0,240.0,42.0,87.0,0.483,10.0,21.0,0.476,26.0,29.0,0.897,14.0,46.0,60.0,29.0,4.0,6.0,14.0,18.0,120.0,,,0.601,0.54,0.241,0.333,31.1,76.7,57.1,69.0,4.0,11.5,12.3,100.0,121.4,103.2,,,10.0,19.0,1.0,4.0,5.0,1.0,6.0,7.0,1.0,10.0,13.0,23.0,6.0,1.0,2.0,3.0,3.0,25.0,19.7,29.0,1.5,1.5,1.0,1.5,34.8,100.0,100.0,48.6,3.0,11.1,41.0,32.3,300.0,115.0,CHI,120,1,2023,2022-10-24,False
240.0,240.0,42.0,87.0,0.483,10.0,21.0,0.476,26.0,29.0,0.897,14.0,46.0,60.0,29.0,4.0,6.0,14.0,18.0,120.0,,,0.601,0.54,0.241,0.333,31.1,76.7,57.1,69.0,4.0,11.5,12.3,100.0,121.4,103.2,,,10.0,19.0,1.0,4.0,5.0,1.0,6.0,7.0,1.0,10.0,13.0,23.0,6.0,1.0,2.0,3.0,3.0,25.0,19.7,29.0,1.5,1.5,1.0,1.5,34.8,100.0,100.0,48.6,3.0,11.1,41.0,32.3,300.0,115.0,CHI,120,1,0,240.0,240.0,37.0,100.0,0.37,18.0,48.0,0.375,10.0,12.0,0.833,14.0,31.0,45.0,26.0,5.0,7.0,11.0,24.0,102.0,,,0.484,0.46,0.48,0.12,23.3,68.9,42.9,70.3,5.1,10.6,9.5,100.0,103.2,121.4,,,8.0,23.0,0.667,4.0,8.0,1.0,6.0,6.0,1.0,3.0,8.0,8.0,6.0,2.0,2.0,3.0,5.0,26.0,20.7,5.0,1.0,1.0,1.0,0.5,44.0,39.1,33.6,62.5,4.0,12.0,33.3,30.6,167.0,131.0,BOS,102,0,2023,2022-10-24,True
240.0,240.0,44.0,93.0,0.473,11.0,32.0,0.344,9.0,16.0,0.563,18.0,31.0,49.0,23.0,8.0,10.0,20.0,27.0,108.0,,,0.54,0.532,0.344,0.172,37.5,64.6,51.0,52.3,8.0,18.2,16.7,100.0,108.6,114.7,,,7.0,19.0,0.8,3.0,6.0,1.0,3.0,4.0,1.0,4.0,7.0,11.0,7.0,3.0,2.0,5.0,4.0,17.0,12.4,8.0,0.962,1.0,0.556,0.8,15.3,25.8,17.2,31.8,5.7,13.4,66.7,28.0,144.0,127.0,UTA,108,0,1,240.0,240.0,38.0,90.0,0.422,11.0,35.0,0.314,27.0,32.0,0.844,17.0,30.0,47.0,17.0,7.0,7.0,16.0,20.0,114.0,,,0.548,0.483,0.389,0.356,35.4,62.5,49.0,44.7,7.0,11.5,13.3,100.0,114.7,108.6,,,9.0,19.0,0.667,4.0,8.0,0.6,9.0,9.0,1.0,5.0,9.0,10.0,4.0,3.0,3.0,4.0,5.0,26.0,20.8,10.0,0.831,0.75,1.0,1.333,28.3,56.6,42.5,20.5,7.8,7.0,53.2,31.7,171.0,118.0,HOU,114,1,2023,2022-10-24,False
240.0,240.0,38.0,90.0,0.422,11.0,35.0,0.314,27.0,32.0,0.844,17.0,30.0,47.0,17.0,7.0,7.0,16.0,20.0,114.0,,,0.548,0.483,0.389,0.356,35.4,62.5,49.0,44.7,7.0,11.5,13.3,100.0,114.7,108.6,,,9.0,19.0,0.667,4.0,8.0,0.6,9.0,9.0,1.0,5.0,9.0,10.0,4.0,3.0,3.0,4.0,5.0,26.0,20.8,10.0,0.831,0.75,1.0,1.333,28.3,56.6,42.5,20.5,7.8,7.0,53.2,31.7,171.0,118.0,HOU,114,1,0,240.0,240.0,44.0,93.0,0.473,11.0,32.0,0.344,9.0,16.0,0.563,18.0,31.0,49.0,23.0,8.0,10.0,20.0,27.0,108.0,,,0.54,0.532,0.344,0.172,37.5,64.6,51.0,52.3,8.0,18.2,16.7,100.0,108.6,114.7,,,7.0,19.0,0.8,3.0,6.0,1.0,3.0,4.0,1.0,4.0,7.0,11.0,7.0,3.0,2.0,5.0,4.0,17.0,12.4,8.0,0.962,1.0,0.556,0.8,15.3,25.8,17.2,31.8,5.7,13.4,66.7,28.0,144.0,127.0,UTA,108,0,2023,2022-10-24,True
240.0,240.0,47.0,87.0,0.54,9.0,29.0,0.31,21.0,26.0,0.808,9.0,26.0,35.0,27.0,4.0,7.0,11.0,30.0,124.0,,,0.63,0.592,0.333,0.299,25.7,68.4,47.9,57.4,4.1,11.7,10.1,100.0,125.9,136.1,,,14.0,24.0,1.0,2.0,7.0,0.5,8.0,9.0,1.0,2.0,6.0,8.0,8.0,2.0,2.0,5.0,6.0,37.0,31.3,12.0,0.868,1.0,1.0,1.0,12.2,26.1,14.6,34.6,2.5,4.8,100.0,34.6,167.0,145.0,BRK,124,0,1,240.0,240.0,47.0,94.0,0.5,16.0,34.0,0.471,24.0,31.0,0.774,12.0,26.0,38.0,21.0,7.0,3.0,9.0,22.0,134.0,,,0.622,0.585,0.362,0.33,31.6,74.3,52.1,44.7,7.1,5.2,7.7,100.0,136.1,125.9,,,14.0,22.0,0.8,8.0,11.0,0.727,10.0,11.0,1.0,4.0,9.0,13.0,7.0,2.0,1.0,2.0,5.0,38.0,34.7,20.0,0.912,1.0,1.0,1.2,16.2,39.5,27.3,40.2,3.7,2.6,16.7,35.0,194.0,133.0,MEM,134,1,2023,2022-10-24,False
240.0,240.0,47.0,94.0,0.5,16.0,34.0,0.471,24.0,31.0,0.774,12.0,26.0,38.0,21.0,7.0,3.0,9.0,22.0,134.0,,,0.622,0.585,0.362,0.33,31.6,74.3,52.1,44.7,7.1,5.2,7.7,100.0,136.1,125.9,,,14.0,22.0,0.8,8.0,11.0,0.727,10.0,11.0,1.0,4.0,9.0,13.0,7.0,2.0,1.0,2.0,5.0,38.0,34.7,20.0,0.912,1.0,1.0,1.2,16.2,39.5,27.3,40.2,3.7,2.6,16.7,35.0,194.0,133.0,MEM,134,1,0,240.0,240.0,47.0,87.0,0.54,9.0,29.0,0.31,21.0,26.0,0.808,9.0,26.0,35.0,27.0,4.0,7.0,11.0,30.0,124.0,,,0.63,0.592,0.333,0.299,25.7,68.4,47.9,57.4,4.1,11.7,10.1,100.0,125.9,136.1,,,14.0,24.0,1.0,2.0,7.0,0.5,8.0,9.0,1.0,2.0,6.0,8.0,8.0,2.0,2.0,5.0,6.0,37.0,31.3,12.0,0.868,1.0,1.0,1.0,12.2,26.1,14.6,34.6,2.5,4.8,100.0,34.6,167.0,145.0,BRK,124,0,2023,2022-10-24,True
240.0,240.0,34.0,86.0,0.395,14.0,32.0,0.438,16.0,20.0,0.8,10.0,42.0,52.0,22.0,6.0,6.0,12.0,22.0,98.0,,,0.517,0.477,0.372,0.233,20.8,84.0,53.1,64.7,6.3,12.2,11.2,100.0,102.6,94.3,,,7.0,22.0,0.8,4.0,12.0,1.0,8.0,9.0,0.889,4.0,18.0,22.0,9.0,2.0,2.0,5.0,5.0,24.0,21.7,16.0,1.0,1.0,0.75,0.563,15.2,51.3,32.0,41.3,3.0,8.4,38.1,32.8,139.0,104.0,TOR,98,0,1,240.0,240.0,29.0,83.0,0.349,8.0,34.0,0.235,24.0,27.0,0.889,8.0,38.0,46.0,19.0,5.0,3.0,12.0,15.0,90.0,,,0.474,0.398,0.41,0.325,16.0,79.2,46.9,65.5,5.2,5.6,11.2,100.0,94.3,102.6,,,8.0,18.0,0.533,3.0,9.0,0.667,8.0,9.0,1.0,4.0,14.0,15.0,4.0,2.0,2.0,4.0,4.0,26.0,22.9,10.0,0.711,0.688,0.75,0.667,10.2,35.0,18.4,32.2,9.6,4.7,50.0,27.2,137.0,109.0,MIA,90,1,2023,2022-10-24,True
240.0,240.0,29.0,83.0,0.349,8.0,34.0,0.235,24.0,27.0,0.889,8.0,38.0,46.0,19.0,5.0,3.0,12.0,15.0,90.0,,,0.474,0.398,0.41,0.325,16.0,79.2,46.9,65.5,5.2,5.6,11.2,100.0,94.3,102.6,,,8.0,18.0,0.533,3.0,9.0,0.667,8.0,9.0,1.0,4.0,14.0,15.0,4.0,2.0,2.0,4.0,4.0,26.0,22.9,10.0,0.711,0.688,0.75,0.667,10.2,35.0,18.4,32.2,9.6,4.7,50.0,27.2,137.0,109.0,MIA,90,1,0,240.0,240.0,34.0,86.0,0.395,14.0,32.0,0.438,16.0,20.0,0.8,10.0,42.0,52.0,22.0,6.0,6.0,12.0,22.0,98.0,,,0.517,0.477,0.372,0.233,20.8,84.0,53.1,64.7,6.3,12.2,11.2,100.0,102.6,94.3,,,7.0,22.0,0.8,4.0,12.0,1.0,8.0,9.0,0.889,4.0,18.0,22.0,9.0,2.0,2.0,5.0,5.0,24.0,21.7,16.0,1.0,1.0,0.75,0.563,15.2,51.3,32.0,41.3,3.0,8.4,38.1,32.8,139.0,104.0,TOR,98,0,2023,2022-10-24,False
240.0,240.0,48.0,105.0,0.457,12.0,37.0,0.324,7.0,13.0,0.538,14.0,36.0,50.0,37.0,11.0,0.0,13.0,21.0,115.0,,,0.519,0.514,0.352,0.124,25.9,78.3,50.0,77.1,10.6,0.0,10.5,100.0,110.7,102.0,,,8.0,22.0,0.778,5.0,10.0,0.5,2.0,4.0,1.0,8.0,9.0,14.0,8.0,3.0,0.0,4.0,5.0,23.0,17.6,16.0,0.791,0.8,0.8,0.6,23.3,28.2,22.0,41.5,7.2,0.0,38.8,27.9,136.0,112.0,SAS,115,0,1,240.0,240.0,38.0,86.0,0.442,8.0,31.0,0.258,22.0,24.0,0.917,10.0,40.0,50.0,24.0,7.0,5.0,16.0,18.0,106.0,,,0.549,0.488,0.36,0.279,21.7,74.1,50.0,63.2,6.7,7.4,14.2,100.0,102.0,110.7,,,9.0,17.0,1.0,3.0,8.0,1.0,7.0,7.0,1.0,3.0,10.0,11.0,7.0,3.0,3.0,4.0,5.0,27.0,23.1,8.0,1.5,1.5,1.0,1.0,12.1,25.1,16.8,41.6,8.3,6.7,50.0,29.4,140.0,119.0,MIN,106,1,2023,2022-10-24,True
240.0,240.0,38.0,86.0,0.442,8.0,31.0,0.258,22.0,24.0,0.917,10.0,40.0,50.0,24.0,7.0,5.0,16.0,18.0,106.0,,,0.549,0.488,0.36,0.279,21.7,74.1,50.0,63.2,6.7,7.4,14.2,100.0,102.0,110.7,,,9.0,17.0,1.0,3.0,8.0,1.0,7.0,7.0,1.0,3.0,10.0,11.0,7.0,3.0,3.0,4.0,5.0,27.0,23.1,8.0,1.5,1.5,1.0,1.0,12.1,25.1,16.8,41.6,8.3,6.7,50.0,29.4,140.0,119.0,MIN,106,1,0,240.0,240.0,48.0,105.0,0.457,12.0,37.0,0.324,7.0,13.0,0.538,14.0,36.0,50.0,37.0,11.0,0.0,13.0,21.0,115.0,,,0.519,0.514,0.352,0.124,25.9,78.3,50.0,77.1,10.6,0.0,10.5,100.0,110.7,102.0,,,8.0,22.0,0.778,5.0,10.0,0.5,2.0,4.0,1.0,8.0,9.0,14.0,8.0,3.0,0.0,4.0,5.0,23.0,17.6,16.0,0.791,0.8,0.8,0.6,23.3,28.2,22.0,41.5,7.2,0.0,38.8,27.9,136.0,112.0,SAS,115,0,2023,2022-10-24,False
240.0,240.0,36.0,86.0,0.419,7.0,35.0,0.2,23.0,27.0,0.852,13.0,28.0,41.0,14.0,6.0,4.0,13.0,23.0,102.0,,,0.521,0.459,0.407,0.314,28.9,60.9,45.1,38.9,6.3,7.1,11.7,100.0,107.1,120.8,,,8.0,18.0,0.8,2.0,6.0,0.5,9.0,11.0,1.0,4.0,7.0,11.0,5.0,2.0,4.0,2.0,4.0,21.0,17.9,4.0,0.873,0.85,1.0,0.846,15.8,22.4,17.3,24.8,3.6,16.9,40.0,29.5,146.0,131.0,ORL,102,0,1,240.0,240.0,43.0,93.0,0.462,11.0,37.0,0.297,18.0,25.0,0.72,18.0,32.0,50.0,24.0,7.0,3.0,14.0,24.0,115.0,,,0.553,0.522,0.398,0.269,39.1,71.1,54.9,55.8,7.4,5.9,11.9,100.0,120.8,107.1,,,10.0,19.0,0.857,3.0,9.0,1.0,3.0,5.0,1.0,5.0,8.0,12.0,8.0,2.0,3.0,3.0,5.0,25.0,19.9,22.0,0.875,0.875,1.0,0.8,22.8,29.1,25.9,38.5,3.7,9.5,28.6,27.9,163.0,118.0,NYK,115,1,2023,2022-10-24,False
240.0,240.0,43.0,93.0,0.462,11.0,37.0,0.297,18.0,25.0,0.72,18.0,32.0,50.0,24.0,7.0,3.0,14.0,24.0,115.0,,,0.553,0.522,0.398,0.269,39.1,71.1,54.9,55.8,7.4,5.9,11.9,100.0,120.8,107.1,,,10.0,19.0,0.857,3.0,9.0,1.0,3.0,5.0,1.0,5.0,8.0,12.0,8.0,2.0,3.0,3.0,5.0,25.0,19.9,22.0,0.875,0.875,1.0,0.8,22.8,29.1,25.9,38.5,3.7,9.5,28.6,27.9,163.0,118.0,NYK,115,1,0,240.0,240.0,36.0,86.0,0.419,7.0,35.0,0.2,23.0,27.0,0.852,13.0,28.0,41.0,14.0,6.0,4.0,13.0,23.0,102.0,,,0.521,0.459,0.407,0.314,28.9,60.9,45.1,38.9,6.3,7.1,11.7,100.0,107.1,120.8,,,8.0,18.0,0.8,2.0,6.0,0.5,9.0,11.0,1.0,4.0,7.0,11.0,5.0,2.0,4.0,2.0,4.0,21.0,17.9,4.0,0.873,0.85,1.0,0.846,15.8,22.4,17.3,24.8,3.6,16.9,40.0,29.5,146.0,131.0,ORL,102,0,2023,2022-10-24,True
240.0,240.0,38.0,90.0,0.422,12.0,44.0,0.273,18.0,23.0,0.783,14.0,33.0,47.0,27.0,3.0,4.0,13.0,23.0,106.0,,,0.529,0.489,0.489,0.256,30.4,82.5,54.7,71.1,3.2,10.8,11.5,100.0,113.6,128.6,,,7.0,16.0,0.636,3.0,10.0,0.5,4.0,6.0,1.0,4.0,6.0,10.0,10.0,1.0,2.0,4.0,5.0,19.0,19.7,6.0,0.8,0.773,1.0,3.0,19.1,35.6,24.8,55.9,3.5,12.5,33.3,35.6,134.0,135.0,IND,106,0,1,240.0,240.0,38.0,80.0,0.475,19.0,43.0,0.442,25.0,28.0,0.893,7.0,32.0,39.0,25.0,8.0,7.0,8.0,20.0,120.0,,,0.65,0.594,0.538,0.35,17.5,69.6,45.3,65.8,8.6,15.2,8.0,100.0,128.6,113.6,,,10.0,18.0,1.0,5.0,10.0,1.0,9.0,9.0,1.0,2.0,9.0,9.0,11.0,2.0,3.0,3.0,5.0,29.0,31.0,16.0,1.5,1.5,1.0,3.0,60.0,52.2,55.8,63.1,5.8,52.2,33.3,45.4,268.0,125.0,PHI,120,1,2023,2022-10-24,False
240.0,240.0,38.0,80.0,0.475,19.0,43.0,0.442,25.0,28.0,0.893,7.0,32.0,39.0,25.0,8.0,7.0,8.0,20.0,120.0,,,0.65,0.594,0.538,0.35,17.5,69.6,45.3,65.8,8.6,15.2,8.0,100.0,128.6,113.6,,,10.0,18.0,1.0,5.0,10.0,1.0,9.0,9.0,1.0,2.0,9.0,9.0,11.0,2.0,3.0,3.0,5.0,29.0,31.0,16.0,1.5,1.5,1.0,3.0,60.0,52.2,55.8,63.1,5.8,52.2,33.3,45.4,268.0,125.0,PHI,120,1,0,240.0,240.0,38.0,90.0,0.422,12.0,44.0,0.273,18.0,23.0,0.783,14.0,33.0,47.0,27.0,3.0,4.0,13.0,23.0,106.0,,,0.529,0.489,0.489,0.256,30.4,82.5,54.7,71.1,3.2,10.8,11.5,100.0,113.6,128.6,,,7.0,16.0,0.636,3.0,10.0,0.5,4.0,6.0,1.0,4.0,6.0,10.0,10.0,1.0,2.0,4.0,5.0,19.0,19.7,6.0,0.8,0.773,1.0,3.0,19.1,35.6,24.8,55.9,3.5,12.5,33.3,35.6,134.0,135.0,IND,106,0,2023,2022-10-24,True
240.0,240.0,45.0,91.0,0.495,12.0,31.0,0.387,8.0,14.0,0.571,10.0,28.0,38.0,28.0,4.0,1.0,8.0,28.0,110.0,,,0.566,0.56,0.341,0.154,21.7,75.7,45.8,62.2,4.2,2.1,7.6,100.0,115.7,142.0,,,12.0,16.0,0.75,4.0,8.0,0.571,3.0,3.0,1.0,2.0,8.0,9.0,9.0,1.0,1.0,1.0,5.0,26.0,20.3,1.0,0.846,0.75,0.75,0.75,39.1,48.6,43.4,40.4,12.4,4.1,100.0,51.4,172.0,148.0,DEN,110,0,1,240.0,240.0,48.0,83.0,0.578,16.0,35.0,0.457,23.0,31.0,0.742,9.0,36.0,45.0,23.0,3.0,6.0,10.0,15.0,135.0,,,0.698,0.675,0.422,0.373,24.3,78.3,54.2,47.9,3.2,10.0,9.4,100.0,142.0,115.7,,,11.0,17.0,1.0,7.0,12.0,0.667,7.0,8.0,1.0,4.0,10.0,12.0,8.0,1.0,2.0,3.0,5.0,31.0,30.4,26.0,1.064,1.0,1.0,2.0,15.0,50.7,28.1,32.4,4.2,16.6,60.0,27.2,226.0,124.0,POR,135,1,2023,2022-10-24,False
240.0,240.0,48.0,83.0,0.578,16.0,35.0,0.457,23.0,31.0,0.742,9.0,36.0,45.0,23.0,3.0,6.0,10.0,15.0,135.0,,,0.698,0.675,0.422,0.373,24.3,78.3,54.2,47.9,3.2,10.0,9.4,100.0,142.0,115.7,,,11.0,17.0,1.0,7.0,12.0,0.667,7.0,8.0,1.0,4.0,10.0,12.0,8.0,1.0,2.0,3.0,5.0,31.0,30.4,26.0,1.064,1.0,1.0,2.0,15.0,50.7,28.1,32.4,4.2,16.6,60.0,27.2,226.0,124.0,POR,135,1,0,240.0,240.0,45.0,91.0,0.495,12.0,31.0,0.387,8.0,14.0,0.571,10.0,28.0,38.0,28.0,4.0,1.0,8.0,28.0,110.0,,,0.566,0.56,0.341,0.154,21.7,75.7,45.8,62.2,4.2,2.1,7.6,100.0,115.7,142.0,,,12.0,16.0,0.75,4.0,8.0,0.571,3.0,3.0,1.0,2.0,8.0,9.0,9.0,1.0,1.0,1.0,5.0,26.0,20.3,1.0,0.846,0.75,0.75,0.75,39.1,48.6,43.4,40.4,12.4,4.1,100.0,51.4,172.0,148.0,DEN,110,0,2023,2022-10-24,True
240.0,240.0,41.0,82.0,0.5,12.0,39.0,0.308,17.0,24.0,0.708,11.0,26.0,37.0,18.0,8.0,5.0,12.0,16.0,111.0,,,0.6,0.573,0.476,0.293,33.3,86.7,58.7,43.9,8.8,10.2,11.5,100.0,122.2,124.4,,,16.0,30.0,0.8,4.0,13.0,1.0,4.0,6.0,1.0,3.0,8.0,11.0,7.0,2.0,2.0,3.0,4.0,37.0,29.5,8.0,0.91,0.95,1.0,1.333,12.0,35.2,23.1,46.6,8.2,8.0,29.6,44.9,143.0,131.0,DAL,111,0,1,240.0,240.0,44.0,76.0,0.579,12.0,27.0,0.444,13.0,18.0,0.722,4.0,22.0,26.0,25.0,7.0,3.0,14.0,21.0,113.0,,,0.673,0.658,0.355,0.237,13.3,66.7,41.3,56.8,7.7,7.0,14.3,100.0,124.4,122.2,,,8.0,20.0,1.0,4.0,8.0,1.0,3.0,4.0,1.0,2.0,7.0,7.0,11.0,3.0,1.0,3.0,4.0,22.0,20.0,14.0,1.239,1.25,1.0,2.0,9.6,45.7,23.9,41.4,7.2,5.0,34.7,32.4,186.0,131.0,NOP,113,1,2023,2022-10-25,False
240.0,240.0,44.0,76.0,0.579,12.0,27.0,0.444,13.0,18.0,0.722,4.0,22.0,26.0,25.0,7.0,3.0,14.0,21.0,113.0,,,0.673,0.658,0.355,0.237,13.3,66.7,41.3,56.8,7.7,7.0,14.3,100.0,124.4,122.2,,,8.0,20.0,1.0,4.0,8.0,1.0,3.0,4.0,1.0,2.0,7.0,7.0,11.0,3.0,1.0,3.0,4.0,22.0,20.0,14.0,1.239,1.25,1.0,2.0,9.6,45.7,23.9,41.4,7.2,5.0,34.7,32.4,186.0,131.0,NOP,113,1,0,240.0,240.0,41.0,82.0,0.5,12.0,39.0,0.308,17.0,24.0,0.708,11.0,26.0,37.0,18.0,8.0,5.0,12.0,16.0,111.0,,,0.6,0.573,0.476,0.293,33.3,86.7,58.7,43.9,8.8,10.2,11.5,100.0,122.2,124.4,,,16.0,30.0,0.8,4.0,13.0,1.0,4.0,6.0,1.0,3.0,8.0,11.0,7.0,2.0,2.0,3.0,4.0,37.0,29.5,8.0,0.91,0.95,1.0,1.333,12.0,35.2,23.1,46.6,8.2,8.0,29.6,44.9,143.0,131.0,DAL,111,0,2023,2022-10-25,True
240.0,240.0,35.0,83.0,0.422,10.0,31.0,0.323,14.0,18.0,0.778,7.0,40.0,47.0,21.0,5.0,14.0,19.0,18.0,94.0,,,0.517,0.482,0.373,0.217,15.2,65.6,43.9,60.0,4.9,17.5,17.3,100.0,92.9,106.8,,,6.0,17.0,0.75,3.0,7.0,1.0,6.0,6.0,1.0,4.0,10.0,14.0,6.0,2.0,7.0,4.0,4.0,15.0,16.0,13.0,0.833,0.833,0.75,1.2,12.0,59.4,33.9,39.1,4.9,22.6,37.2,66.5,168.0,120.0,LAC,94,0,1,240.0,240.0,42.0,110.0,0.382,4.0,30.0,0.133,20.0,25.0,0.8,21.0,39.0,60.0,19.0,12.0,8.0,6.0,13.0,108.0,,,0.446,0.4,0.273,0.227,34.4,84.8,56.1,45.2,11.9,15.4,4.7,100.0,106.8,92.9,,,11.0,24.0,0.8,2.0,8.0,1.0,9.0,9.0,1.0,5.0,7.0,10.0,8.0,3.0,3.0,2.0,2.0,33.0,32.6,25.0,0.8,0.8,0.75,0.857,21.9,29.0,24.9,37.8,6.3,7.5,10.1,29.0,178.0,105.0,OKC,108,1,2023,2022-10-25,False
240.0,240.0,42.0,110.0,0.382,4.0,30.0,0.133,20.0,25.0,0.8,21.0,39.0,60.0,19.0,12.0,8.0,6.0,13.0,108.0,,,0.446,0.4,0.273,0.227,34.4,84.8,56.1,45.2,11.9,15.4,4.7,100.0,106.8,92.9,,,11.0,24.0,0.8,2.0,8.0,1.0,9.0,9.0,1.0,5.0,7.0,10.0,8.0,3.0,3.0,2.0,2.0,33.0,32.6,25.0,0.8,0.8,0.75,0.857,21.9,29.0,24.9,37.8,6.3,7.5,10.1,29.0,178.0,105.0,OKC,108,1,0,240.0,240.0,35.0,83.0,0.422,10.0,31.0,0.323,14.0,18.0,0.778,7.0,40.0,47.0,21.0,5.0,14.0,19.0,18.0,94.0,,,0.517,0.482,0.373,0.217,15.2,65.6,43.9,60.0,4.9,17.5,17.3,100.0,92.9,106.8,,,6.0,17.0,0.75,3.0,7.0,1.0,6.0,6.0,1.0,4.0,10.0,14.0,6.0,2.0,7.0,4.0,4.0,15.0,16.0,13.0,0.833,0.833,0.75,1.2,12.0,59.4,33.9,39.1,4.9,22.6,37.2,66.5,168.0,120.0,LAC,94,0,2023,2022-10-25,True
240.0,240.0,41.0,91.0,0.451,10.0,35.0,0.286,13.0,17.0,0.765,10.0,30.0,40.0,28.0,7.0,7.0,16.0,28.0,105.0,,,0.533,0.505,0.385,0.187,22.7,68.2,45.5,68.3,6.8,11.1,14.0,100.0,102.0,130.1,,,7.0,17.0,1.0,4.0,9.0,0.5,3.0,5.0,1.0,2.0,7.0,8.0,8.0,3.0,3.0,5.0,5.0,21.0,18.4,-4.0,1.0,1.0,1.0,0.5,12.7,25.5,15.0,43.1,4.9,9.3,50.0,29.1,160.0,138.0,GSW,105,0,1,240.0,240.0,47.0,92.0,0.511,12.0,29.0,0.414,28.0,34.0,0.824,14.0,34.0,48.0,31.0,8.0,4.0,14.0,19.0,134.0,,,0.626,0.576,0.315,0.37,31.8,77.3,54.5,66.0,7.8,7.1,11.6,100.0,130.1,102.0,,,10.0,19.0,1.0,4.0,8.0,0.8,11.0,14.0,1.0,5.0,9.0,14.0,9.0,3.0,2.0,4.0,5.0,34.0,28.2,32.0,1.0,1.0,0.75,0.737,21.8,39.2,30.5,48.9,4.5,7.7,33.3,31.9,200.0,114.0,PHO,134,1,2023,2022-10-25,False
240.0,240.0,47.0,92.0,0.511,12.0,29.0,0.414,28.0,34.0,0.824,14.0,34.0,48.0,31.0,8.0,4.0,14.0,19.0,134.0,,,0.626,0.576,0.315,0.37,31.8,77.3,54.5,66.0,7.8,7.1,11.6,100.0,130.1,102.0,,,10.0,19.0,1.0,4.0,8.0,0.8,11.0,14.0,1.0,5.0,9.0,14.0,9.0,3.0,2.0,4.0,5.0,34.0,28.2,32.0,1.0,1.0,0.75,0.737,21.8,39.2,30.5,48.9,4.5,7.7,33.3,31.9,200.0,114.0,PHO,134,1,0,240.0,240.0,41.0,91.0,0.451,10.0,35.0,0.286,13.0,17.0,0.765,10.0,30.0,40.0,28.0,7.0,7.0,16.0,28.0,105.0,,,0.533,0.505,0.385,0.187,22.7,68.2,45.5,68.3,6.8,11.1,14.0,100.0,102.0,130.1,,,7.0,17.0,1.0,4.0,9.0,0.5,3.0,5.0,1.0,2.0,7.0,8.0,8.0,3.0,3.0,5.0,5.0,21.0,18.4,-4.0,1.0,1.0,1.0,0.5,12.7,25.5,15.0,43.1,4.9,9.3,50.0,29.1,160.0,138.0,GSW,105,0,2023,2022-10-25,True
240.0,240.0,36.0,88.0,0.409,8.0,28.0,0.286,19.0,25.0,0.76,11.0,30.0,41.0,12.0,6.0,1.0,13.0,26.0,99.0,,,0.5,0.455,0.318,0.284,22.4,76.9,46.6,33.3,6.1,1.9,11.6,100.0,101.1,122.6,,,8.0,19.0,0.615,4.0,7.0,0.571,5.0,6.0,1.0,4.0,9.0,10.0,4.0,2.0,1.0,4.0,5.0,25.0,18.3,0.0,0.822,0.769,0.833,0.6,17.0,40.6,21.9,22.7,14.9,3.4,40.0,33.0,149.0,128.0,DET,99,0,1,240.0,240.0,44.0,85.0,0.518,10.0,33.0,0.303,22.0,26.0,0.846,9.0,38.0,47.0,26.0,7.0,7.0,12.0,21.0,120.0,,,0.622,0.576,0.388,0.306,23.1,77.6,53.4,59.1,7.2,11.7,11.1,100.0,122.6,101.1,,,9.0,17.0,1.0,4.0,6.0,0.667,7.0,8.0,1.0,4.0,7.0,7.0,6.0,4.0,2.0,3.0,5.0,25.0,16.4,23.0,1.0,1.0,1.0,2.0,53.5,85.2,71.1,37.5,12.3,8.1,50.0,38.8,158.0,112.0,WAS,120,1,2023,2022-10-25,False
240.0,240.0,44.0,85.0,0.518,10.0,33.0,0.303,22.0,26.0,0.846,9.0,38.0,47.0,26.0,7.0,7.0,12.0,21.0,120.0,,,0.622,0.576,0.388,0.306,23.1,77.6,53.4,59.1,7.2,11.7,11.1,100.0,122.6,101.1,,,9.0,17.0,1.0,4.0,6.0,0.667,7.0,8.0,1.0,4.0,7.0,7.0,6.0,4.0,2.0,3.0,5.0,25.0,16.4,23.0,1.0,1.0,1.0,2.0,53.5,85.2,71.1,37.5,12.3,8.1,50.0,38.8,158.0,112.0,WAS,120,1,0,240.0,240.0,36.0,88.0,0.409,8.0,28.0,0.286,19.0,25.0,0.76,11.0,30.0,41.0,12.0,6.0,1.0,13.0,26.0,99.0,,,0.5,0.455,0.318,0.284,22.4,76.9,46.6,33.3,6.1,1.9,11.6,100.0,101.1,122.6,,,8.0,19.0,0.615,4.0,7.0,0.571,5.0,6.0,1.0,4.0,9.0,10.0,4.0,2.0,1.0,4.0,5.0,25.0,18.3,0.0,0.822,0.769,0.833,0.6,17.0,40.6,21.9,22.7,14.9,3.4,40.0,33.0,149.0,128.0,DET,99,0,2023,2022-10-25,True
240.0,240.0,37.0,86.0,0.43,16.0,40.0,0.4,19.0,24.0,0.792,6.0,32.0,38.0,31.0,5.0,12.0,20.0,18.0,109.0,,,0.564,0.523,0.465,0.279,14.6,78.0,46.3,83.8,4.7,21.1,17.2,100.0,102.7,116.9,,,8.0,16.0,1.0,7.0,12.0,1.0,9.0,10.0,1.0,2.0,7.0,9.0,11.0,2.0,4.0,6.0,4.0,25.0,18.7,5.0,1.5,1.5,1.0,0.909,9.6,41.5,20.8,46.9,5.3,13.9,26.4,28.0,270.0,127.0,IND,109,0,1,240.0,240.0,43.0,87.0,0.494,16.0,30.0,0.533,22.0,24.0,0.917,9.0,35.0,44.0,34.0,10.0,5.0,18.0,25.0,124.0,,,0.636,0.586,0.345,0.276,22.0,85.4,53.7,79.1,9.4,10.9,15.6,100.0,116.9,102.7,,,6.0,14.0,0.8,6.0,8.0,1.0,10.0,12.0,1.0,4.0,9.0,13.0,7.0,3.0,2.0,5.0,5.0,28.0,21.4,19.0,1.0,1.0,1.0,0.923,28.0,62.9,45.4,54.8,6.2,100.0,100.0,42.6,151.0,115.0,CHI,124,1,2023,2022-10-26,False
240.0,240.0,43.0,87.0,0.494,16.0,30.0,0.533,22.0,24.0,0.917,9.0,35.0,44.0,34.0,10.0,5.0,18.0,25.0,124.0,,,0.636,0.586,0.345,0.276,22.0,85.4,53.7,79.1,9.4,10.9,15.6,100.0,116.9,102.7,,,6.0,14.0,0.8,6.0,8.0,1.0,10.0,12.0,1.0,4.0,9.0,13.0,7.0,3.0,2.0,5.0,5.0,28.0,21.4,19.0,1.0,1.0,1.0,0.923,28.0,62.9,45.4,54.8,6.2,100.0,100.0,42.6,151.0,115.0,CHI,124,1,0,240.0,240.0,37.0,86.0,0.43,16.0,40.0,0.4,19.0,24.0,0.792,6.0,32.0,38.0,31.0,5.0,12.0,20.0,18.0,109.0,,,0.564,0.523,0.465,0.279,14.6,78.0,46.3,83.8,4.7,21.1,17.2,100.0,102.7,116.9,,,8.0,16.0,1.0,7.0,12.0,1.0,9.0,10.0,1.0,2.0,7.0,9.0,11.0,2.0,4.0,6.0,4.0,25.0,18.7,5.0,1.5,1.5,1.0,0.909,9.6,41.5,20.8,46.9,5.3,13.9,26.4,28.0,270.0,127.0,IND,109,0,2023,2022-10-26,True
240.0,240.0,35.0,81.0,0.432,6.0,24.0,0.25,16.0,21.0,0.762,10.0,33.0,43.0,19.0,6.0,6.0,17.0,29.0,92.0,,,0.51,0.469,0.296,0.259,24.4,73.3,50.0,54.3,6.3,11.1,15.9,100.0,95.9,107.4,,,10.0,20.0,1.0,3.0,5.0,0.6,6.0,8.0,1.0,3.0,7.0,10.0,5.0,2.0,2.0,5.0,6.0,29.0,23.1,4.0,1.0,1.0,1.0,0.444,16.1,34.3,25.6,32.7,3.4,8.2,40.0,34.3,200.0,118.0,ORL,92,0,1,240.0,240.0,36.0,87.0,0.414,10.0,33.0,0.303,21.0,30.0,0.7,12.0,31.0,43.0,25.0,6.0,3.0,13.0,22.0,103.0,,,0.514,0.471,0.379,0.345,26.7,75.6,50.0,69.4,6.3,5.3,11.5,100.0,107.4,95.9,,,9.0,19.0,0.636,4.0,7.0,1.0,4.0,6.0,1.0,7.0,9.0,16.0,8.0,2.0,1.0,5.0,5.0,20.0,19.7,20.0,0.931,0.857,1.0,2.0,25.2,43.2,30.1,34.9,2.7,2.8,25.5,25.1,199.0,105.0,CLE,103,1,2023,2022-10-26,False
240.0,240.0,36.0,87.0,0.414,10.0,33.0,0.303,21.0,30.0,0.7,12.0,31.0,43.0,25.0,6.0,3.0,13.0,22.0,103.0,,,0.514,0.471,0.379,0.345,26.7,75.6,50.0,69.4,6.3,5.3,11.5,100.0,107.4,95.9,,,9.0,19.0,0.636,4.0,7.0,1.0,4.0,6.0,1.0,7.0,9.0,16.0,8.0,2.0,1.0,5.0,5.0,20.0,19.7,20.0,0.931,0.857,1.0,2.0,25.2,43.2,30.1,34.9,2.7,2.8,25.5,25.1,199.0,105.0,CLE,103,1,0,240.0,240.0,35.0,81.0,0.432,6.0,24.0,0.25,16.0,21.0,0.762,10.0,33.0,43.0,19.0,6.0,6.0,17.0,29.0,92.0,,,0.51,0.469,0.296,0.259,24.4,73.3,50.0,54.3,6.3,11.1,15.9,100.0,95.9,107.4,,,10.0,20.0,1.0,3.0,5.0,0.6,6.0,8.0,1.0,3.0,7.0,10.0,5.0,2.0,2.0,5.0,6.0,29.0,23.1,4.0,1.0,1.0,1.0,0.444,16.1,34.3,25.6,32.7,3.4,8.2,40.0,34.3,200.0,118.0,ORL,92,0,2023,2022-10-26,True
240.0,240.0,40.0,90.0,0.444,8.0,30.0,0.267,11.0,16.0,0.688,7.0,40.0,47.0,25.0,8.0,4.0,14.0,16.0,99.0,,,0.51,0.489,0.333,0.178,13.5,81.6,46.5,62.5,7.8,6.9,12.6,100.0,96.7,107.4,,,11.0,21.0,0.667,2.0,8.0,0.667,4.0,4.0,1.0,2.0,13.0,14.0,9.0,3.0,2.0,8.0,3.0,22.0,24.8,11.0,1.136,1.0,1.0,2.0,8.0,35.4,18.3,43.4,3.9,7.2,26.8,36.6,243.0,116.0,LAL,99,0,1,240.0,240.0,42.0,92.0,0.457,9.0,34.0,0.265,17.0,21.0,0.81,9.0,45.0,54.0,34.0,12.0,5.0,11.0,17.0,110.0,,,0.543,0.505,0.37,0.228,18.4,86.5,53.5,81.0,11.7,8.3,9.8,100.0,107.4,96.7,,,12.0,17.0,1.0,4.0,7.0,0.667,7.0,7.0,1.0,3.0,12.0,13.0,9.0,4.0,2.0,4.0,3.0,31.0,34.3,28.0,1.0,1.0,0.714,0.5,10.3,44.2,22.8,48.8,16.9,28.9,100.0,35.5,155.0,106.0,DEN,110,1,2023,2022-10-26,False
240.0,240.0,42.0,92.0,0.457,9.0,34.0,0.265,17.0,21.0,0.81,9.0,45.0,54.0,34.0,12.0,5.0,11.0,17.0,110.0,,,0.543,0.505,0.37,0.228,18.4,86.5,53.5,81.0,11.7,8.3,9.8,100.0,107.4,96.7,,,12.0,17.0,1.0,4.0,7.0,0.667,7.0,7.0,1.0,3.0,12.0,13.0,9.0,4.0,2.0,4.0,3.0,31.0,34.3,28.0,1.0,1.0,0.714,0.5,10.3,44.2,22.8,48.8,16.9,28.9,100.0,35.5,155.0,106.0,DEN,110,1,0,240.0,240.0,40.0,90.0,0.444,8.0,30.0,0.267,11.0,16.0,0.688,7.0,40.0,47.0,25.0,8.0,4.0,14.0,16.0,99.0,,,0.51,0.489,0.333,0.178,13.5,81.6,46.5,62.5,7.8,6.9,12.6,100.0,96.7,107.4,,,11.0,21.0,0.667,2.0,8.0,0.667,4.0,4.0,1.0,2.0,13.0,14.0,9.0,3.0,2.0,8.0,3.0,22.0,24.8,11.0,1.136,1.0,1.0,2.0,8.0,35.4,18.3,43.4,3.9,7.2,26.8,36.6,243.0,116.0,LAL,99,0,2023,2022-10-26,True
240.0,240.0,45.0,91.0,0.495,8.0,22.0,0.364,20.0,25.0,0.8,10.0,36.0,46.0,22.0,6.0,12.0,12.0,20.0,118.0,,,0.578,0.538,0.242,0.275,25.0,78.3,53.5,48.9,5.9,20.3,10.5,100.0,116.2,111.3,,,9.0,21.0,1.0,2.0,7.0,1.0,16.0,17.0,1.0,5.0,10.0,11.0,8.0,2.0,4.0,4.0,6.0,35.0,27.8,22.0,1.0,1.0,0.5,0.81,22.7,29.1,21.1,25.1,2.4,12.3,25.0,32.9,200.0,118.0,ATL,118,0,1,240.0,240.0,42.0,91.0,0.462,14.0,32.0,0.438,15.0,22.0,0.682,10.0,30.0,40.0,23.0,4.0,6.0,14.0,25.0,113.0,,,0.561,0.538,0.352,0.242,21.7,75.0,46.5,54.8,3.9,8.7,12.2,100.0,111.3,116.2,,,12.0,25.0,0.75,6.0,12.0,0.667,3.0,6.0,1.0,3.0,8.0,9.0,6.0,1.0,2.0,7.0,5.0,33.0,21.4,6.0,0.857,0.857,0.857,0.667,15.0,34.4,24.0,34.1,3.1,4.4,20.7,39.0,177.0,122.0,DET,113,1,2023,2022-10-26,True
240.0,240.0,42.0,91.0,0.462,14.0,32.0,0.438,15.0,22.0,0.682,10.0,30.0,40.0,23.0,4.0,6.0,14.0,25.0,113.0,,,0.561,0.538,0.352,0.242,21.7,75.0,46.5,54.8,3.9,8.7,12.2,100.0,111.3,116.2,,,12.0,25.0,0.75,6.0,12.0,0.667,3.0,6.0,1.0,3.0,8.0,9.0,6.0,1.0,2.0,7.0,5.0,33.0,21.4,6.0,0.857,0.857,0.857,0.667,15.0,34.4,24.0,34.1,3.1,4.4,20.7,39.0,177.0,122.0,DET,113,1,0,240.0,240.0,45.0,91.0,0.495,8.0,22.0,0.364,20.0,25.0,0.8,10.0,36.0,46.0,22.0,6.0,12.0,12.0,20.0,118.0,,,0.578,0.538,0.242,0.275,25.0,78.3,53.5,48.9,5.9,20.3,10.5,100.0,116.2,111.3,,,9.0,21.0,1.0,2.0,7.0,1.0,16.0,17.0,1.0,5.0,10.0,11.0,8.0,2.0,4.0,4.0,6.0,35.0,27.8,22.0,1.0,1.0,0.5,0.81,22.7,29.1,21.1,25.1,2.4,12.3,25.0,32.9,200.0,118.0,ATL,118,0,2023,2022-10-26,False
240.0,240.0,34.0,86.0,0.395,7.0,27.0,0.259,24.0,30.0,0.8,7.0,30.0,37.0,23.0,7.0,6.0,14.0,24.0,99.0,,,0.499,0.436,0.314,0.349,14.9,68.2,40.7,67.6,6.8,11.5,12.4,100.0,96.3,107.0,,,10.0,23.0,1.0,4.0,9.0,1.0,12.0,13.0,1.0,4.0,9.0,9.0,9.0,2.0,2.0,5.0,4.0,33.0,19.6,12.0,1.25,1.25,1.0,0.667,17.4,25.2,18.0,100.0,7.6,7.9,34.0,44.2,250.0,117.0,BRK,99,0,1,240.0,240.0,39.0,88.0,0.443,10.0,36.0,0.278,22.0,29.0,0.759,14.0,40.0,54.0,21.0,8.0,12.0,19.0,22.0,110.0,,,0.546,0.5,0.409,0.33,31.8,85.1,59.3,53.8,7.8,20.3,15.9,100.0,107.0,96.3,,,16.0,25.0,1.0,3.0,7.0,1.0,10.0,14.0,1.0,3.0,12.0,14.0,5.0,2.0,6.0,7.0,5.0,43.0,33.3,21.0,1.0,1.0,1.0,1.333,12.5,32.4,22.2,33.9,6.0,17.5,50.0,40.7,175.0,107.0,MIL,110,1,2023,2022-10-26,False
240.0,240.0,39.0,88.0,0.443,10.0,36.0,0.278,22.0,29.0,0.759,14.0,40.0,54.0,21.0,8.0,12.0,19.0,22.0,110.0,,,0.546,0.5,0.409,0.33,31.8,85.1,59.3,53.8,7.8,20.3,15.9,100.0,107.0,96.3,,,16.0,25.0,1.0,3.0,7.0,1.0,10.0,14.0,1.0,3.0,12.0,14.0,5.0,2.0,6.0,7.0,5.0,43.0,33.3,21.0,1.0,1.0,1.0,1.333,12.5,32.4,22.2,33.9,6.0,17.5,50.0,40.7,175.0,107.0,MIL,110,1,0,240.0,240.0,34.0,86.0,0.395,7.0,27.0,0.259,24.0,30.0,0.8,7.0,30.0,37.0,23.0,7.0,6.0,14.0,24.0,99.0,,,0.499,0.436,0.314,0.349,14.9,68.2,40.7,67.6,6.8,11.5,12.4,100.0,96.3,107.0,,,10.0,23.0,1.0,4.0,9.0,1.0,12.0,13.0,1.0,4.0,9.0,9.0,9.0,2.0,2.0,5.0,4.0,33.0,19.6,12.0,1.25,1.25,1.0,0.667,17.4,25.2,18.0,100.0,7.6,7.9,34.0,44.2,250.0,117.0,BRK,99,0,2023,2022-10-26,True
240.0,240.0,43.0,95.0,0.453,16.0,36.0,0.444,20.0,22.0,0.909,14.0,27.0,41.0,34.0,6.0,2.0,16.0,18.0,122.0,,,0.583,0.537,0.379,0.232,31.8,100.0,57.7,79.1,5.8,4.3,13.3,100.0,118.7,130.4,,,9.0,20.0,0.667,5.0,10.0,0.5,6.0,6.0,1.0,5.0,5.0,10.0,10.0,2.0,1.0,3.0,3.0,27.0,16.8,2.0,0.727,0.688,0.75,0.5,56.9,51.0,35.3,100.0,3.2,3.8,38.1,35.9,237.0,135.0,SAS,122,0,1,240.0,240.0,52.0,80.0,0.65,20.0,34.0,0.588,10.0,16.0,0.625,0.0,30.0,30.0,37.0,9.0,6.0,17.0,19.0,134.0,,,0.77,0.775,0.425,0.2,0.0,68.2,42.3,71.2,8.8,10.2,16.3,100.0,130.4,118.7,,,12.0,21.0,1.0,7.0,12.0,1.0,3.0,4.0,1.0,0.0,9.0,9.0,9.0,2.0,3.0,5.0,5.0,34.0,26.7,16.0,1.5,1.5,1.0,0.667,0.0,41.8,25.9,34.1,9.0,7.0,33.3,33.6,214.0,126.0,MIN,134,1,2023,2022-10-26,False
240.0,240.0,52.0,80.0,0.65,20.0,34.0,0.588,10.0,16.0,0.625,0.0,30.0,30.0,37.0,9.0,6.0,17.0,19.0,134.0,,,0.77,0.775,0.425,0.2,0.0,68.2,42.3,71.2,8.8,10.2,16.3,100.0,130.4,118.7,,,12.0,21.0,1.0,7.0,12.0,1.0,3.0,4.0,1.0,0.0,9.0,9.0,9.0,2.0,3.0,5.0,5.0,34.0,26.7,16.0,1.5,1.5,1.0,0.667,0.0,41.8,25.9,34.1,9.0,7.0,33.3,33.6,214.0,126.0,MIN,134,1,0,240.0,240.0,43.0,95.0,0.453,16.0,36.0,0.444,20.0,22.0,0.909,14.0,27.0,41.0,34.0,6.0,2.0,16.0,18.0,122.0,,,0.583,0.537,0.379,0.232,31.8,100.0,57.7,79.1,5.8,4.3,13.3,100.0,118.7,130.4,,,9.0,20.0,0.667,5.0,10.0,0.5,6.0,6.0,1.0,5.0,5.0,10.0,10.0,2.0,1.0,3.0,3.0,27.0,16.8,2.0,0.727,0.688,0.75,0.5,56.9,51.0,35.3,100.0,3.2,3.8,38.1,35.9,237.0,135.0,SAS,122,0,2023,2022-10-26,True
265.0,265.0,49.0,99.0,0.495,13.0,31.0,0.419,20.0,30.0,0.667,9.0,33.0,42.0,31.0,9.0,5.0,15.0,24.0,131.0,,,0.584,0.561,0.313,0.303,20.9,73.3,47.7,63.3,8.0,7.5,11.8,100.0,117.1,119.8,,,8.0,18.0,1.0,4.0,8.0,1.0,4.0,6.0,1.0,2.0,7.0,9.0,11.0,2.0,1.0,5.0,5.0,21.0,15.1,14.0,1.008,1.0,0.571,2.0,13.8,25.8,15.8,43.7,2.9,8.8,26.2,27.3,202.0,128.0,CHO,131,0,1,265.0,265.0,52.0,97.0,0.536,11.0,30.0,0.367,19.0,22.0,0.864,12.0,34.0,46.0,26.0,5.0,11.0,16.0,24.0,134.0,,,0.628,0.593,0.309,0.227,26.7,79.1,52.3,50.0,4.5,16.2,13.0,100.0,119.8,117.1,,,10.0,21.0,1.0,3.0,6.0,0.75,5.0,5.0,1.0,4.0,7.0,8.0,13.0,2.0,6.0,4.0,6.0,27.0,29.6,8.0,0.922,1.0,0.667,0.667,14.8,21.3,13.7,43.6,3.0,12.6,34.0,30.0,192.0,122.0,NYK,134,1,2023,2022-10-26,False
265.0,265.0,52.0,97.0,0.536,11.0,30.0,0.367,19.0,22.0,0.864,12.0,34.0,46.0,26.0,5.0,11.0,16.0,24.0,134.0,,,0.628,0.593,0.309,0.227,26.7,79.1,52.3,50.0,4.5,16.2,13.0,100.0,119.8,117.1,,,10.0,21.0,1.0,3.0,6.0,0.75,5.0,5.0,1.0,4.0,7.0,8.0,13.0,2.0,6.0,4.0,6.0,27.0,29.6,8.0,0.922,1.0,0.667,0.667,14.8,21.3,13.7,43.6,3.0,12.6,34.0,30.0,192.0,122.0,NYK,134,1,0,265.0,265.0,49.0,99.0,0.495,13.0,31.0,0.419,20.0,30.0,0.667,9.0,33.0,42.0,31.0,9.0,5.0,15.0,24.0,131.0,,,0.584,0.561,0.313,0.303,20.9,73.3,47.7,63.3,8.0,7.5,11.8,100.0,117.1,119.8,,,8.0,18.0,1.0,4.0,8.0,1.0,4.0,6.0,1.0,2.0,7.0,9.0,11.0,2.0,1.0,5.0,5.0,21.0,15.1,14.0,1.008,1.0,0.571,2.0,13.8,25.8,15.8,43.7,2.9,8.8,26.2,27.3,202.0,128.0,CHO,131,0,2023,2022-10-26,True
240.0,240.0,44.0,87.0,0.506,15.0,38.0,0.395,16.0,19.0,0.842,15.0,31.0,46.0,34.0,13.0,2.0,18.0,22.0,119.0,,,0.624,0.592,0.437,0.218,35.7,73.8,54.8,77.3,13.6,4.9,15.9,100.0,124.5,102.5,,,7.0,15.0,1.0,5.0,8.0,1.0,6.0,7.0,1.0,4.0,6.0,9.0,7.0,4.0,1.0,3.0,5.0,18.0,20.1,24.0,1.0,1.0,0.875,0.8,15.6,50.4,25.2,42.2,9.0,51.6,25.0,27.4,200.0,115.0,MIA,119,0,1,240.0,240.0,34.0,78.0,0.436,12.0,37.0,0.324,18.0,26.0,0.692,11.0,27.0,38.0,20.0,9.0,4.0,19.0,17.0,98.0,,,0.548,0.513,0.474,0.333,26.2,64.3,45.2,58.8,9.4,8.2,17.5,100.0,102.5,124.5,,,6.0,13.0,1.0,4.0,11.0,1.0,6.0,6.0,1.0,4.0,5.0,9.0,6.0,3.0,1.0,4.0,4.0,22.0,16.1,0.0,1.0,1.0,0.846,1.0,17.8,41.4,22.0,44.2,6.5,12.6,50.0,33.5,216.0,136.0,POR,98,1,2023,2022-10-26,True
240.0,240.0,34.0,78.0,0.436,12.0,37.0,0.324,18.0,26.0,0.692,11.0,27.0,38.0,20.0,9.0,4.0,19.0,17.0,98.0,,,0.548,0.513,0.474,0.333,26.2,64.3,45.2,58.8,9.4,8.2,17.5,100.0,102.5,124.5,,,6.0,13.0,1.0,4.0,11.0,1.0,6.0,6.0,1.0,4.0,5.0,9.0,6.0,3.0,1.0,4.0,4.0,22.0,16.1,0.0,1.0,1.0,0.846,1.0,17.8,41.4,22.0,44.2,6.5,12.6,50.0,33.5,216.0,136.0,POR,98,1,0,240.0,240.0,44.0,87.0,0.506,15.0,38.0,0.395,16.0,19.0,0.842,15.0,31.0,46.0,34.0,13.0,2.0,18.0,22.0,119.0,,,0.624,0.592,0.437,0.218,35.7,73.8,54.8,77.3,13.6,4.9,15.9,100.0,124.5,102.5,,,7.0,15.0,1.0,5.0,8.0,1.0,6.0,7.0,1.0,4.0,6.0,9.0,7.0,4.0,1.0,3.0,5.0,18.0,20.1,24.0,1.0,1.0,0.875,0.8,15.6,50.4,25.2,42.2,9.0,51.6,25.0,27.4,200.0,115.0,MIA,119,0,2023,2022-10-26,False
240.0,240.0,40.0,79.0,0.506,16.0,36.0,0.444,13.0,19.0,0.684,4.0,30.0,34.0,29.0,6.0,2.0,13.0,12.0,109.0,,,0.624,0.608,0.456,0.241,10.8,83.3,46.6,72.5,6.4,4.3,13.0,100.0,116.6,127.3,,,12.0,21.0,0.714,4.0,8.0,0.5,5.0,7.0,0.833,2.0,7.0,8.0,9.0,3.0,1.0,4.0,3.0,31.0,25.5,1.0,0.857,0.857,1.0,0.5,7.6,31.4,15.5,38.3,7.1,2.9,20.0,29.9,176.0,134.0,PHI,109,0,1,240.0,240.0,46.0,84.0,0.548,16.0,37.0,0.432,11.0,14.0,0.786,6.0,33.0,39.0,32.0,9.0,5.0,9.0,21.0,119.0,,,0.66,0.643,0.44,0.167,16.7,89.2,53.4,69.6,9.6,11.6,9.1,100.0,127.3,116.6,,,11.0,16.0,1.0,5.0,10.0,0.5,3.0,4.0,1.0,3.0,9.0,10.0,13.0,3.0,3.0,2.0,4.0,27.0,20.0,14.0,1.0,1.0,0.625,0.273,18.8,35.7,23.3,44.2,4.6,17.6,22.2,30.5,211.0,124.0,TOR,119,1,2023,2022-10-26,False
240.0,240.0,46.0,84.0,0.548,16.0,37.0,0.432,11.0,14.0,0.786,6.0,33.0,39.0,32.0,9.0,5.0,9.0,21.0,119.0,,,0.66,0.643,0.44,0.167,16.7,89.2,53.4,69.6,9.6,11.6,9.1,100.0,127.3,116.6,,,11.0,16.0,1.0,5.0,10.0,0.5,3.0,4.0,1.0,3.0,9.0,10.0,13.0,3.0,3.0,2.0,4.0,27.0,20.0,14.0,1.0,1.0,0.625,0.273,18.8,35.7,23.3,44.2,4.6,17.6,22.2,30.5,211.0,124.0,TOR,119,1,0,240.0,240.0,40.0,79.0,0.506,16.0,36.0,0.444,13.0,19.0,0.684,4.0,30.0,34.0,29.0,6.0,2.0,13.0,12.0,109.0,,,0.624,0.608,0.456,0.241,10.8,83.3,46.6,72.5,6.4,4.3,13.0,100.0,116.6,127.3,,,12.0,21.0,0.714,4.0,8.0,0.5,5.0,7.0,0.833,2.0,7.0,8.0,9.0,3.0,1.0,4.0,3.0,31.0,25.5,1.0,0.857,0.857,1.0,0.5,7.6,31.4,15.5,38.3,7.1,2.9,20.0,29.9,176.0,134.0,PHI,109,0,2023,2022-10-26,True
240.0,240.0,36.0,94.0,0.383,11.0,40.0,0.275,18.0,24.0,0.75,14.0,35.0,49.0,19.0,7.0,2.0,19.0,30.0,101.0,,,0.483,0.441,0.426,0.255,25.0,76.1,48.0,52.8,6.6,4.4,15.4,100.0,95.4,102.9,,,10.0,22.0,1.0,3.0,9.0,1.0,5.0,7.0,1.0,3.0,8.0,10.0,5.0,2.0,1.0,5.0,5.0,24.0,13.3,5.0,1.0,1.0,1.0,0.778,20.2,36.9,27.7,34.7,3.0,3.0,66.7,31.6,190.0,113.0,HOU,101,0,1,240.0,240.0,38.0,90.0,0.422,13.0,45.0,0.289,20.0,30.0,0.667,11.0,42.0,53.0,28.0,11.0,5.0,16.0,28.0,109.0,,,0.528,0.494,0.5,0.333,23.9,75.0,52.0,73.7,10.4,9.3,13.4,100.0,102.9,95.4,,,10.0,15.0,0.667,5.0,10.0,0.5,4.0,6.0,1.0,3.0,8.0,9.0,6.0,4.0,1.0,4.0,6.0,24.0,19.8,10.0,0.725,0.7,1.0,4.0,10.9,32.7,19.7,29.6,6.1,8.0,27.3,24.8,143.0,102.0,UTA,109,1,2023,2022-10-26,False
240.0,240.0,38.0,90.0,0.422,13.0,45.0,0.289,20.0,30.0,0.667,11.0,42.0,53.0,28.0,11.0,5.0,16.0,28.0,109.0,,,0.528,0.494,0.5,0.333,23.9,75.0,52.0,73.7,10.4,9.3,13.4,100.0,102.9,95.4,,,10.0,15.0,0.667,5.0,10.0,0.5,4.0,6.0,1.0,3.0,8.0,9.0,6.0,4.0,1.0,4.0,6.0,24.0,19.8,10.0,0.725,0.7,1.0,4.0,10.9,32.7,19.7,29.6,6.1,8.0,27.3,24.8,143.0,102.0,UTA,109,1,0,240.0,240.0,36.0,94.0,0.383,11.0,40.0,0.275,18.0,24.0,0.75,14.0,35.0,49.0,19.0,7.0,2.0,19.0,30.0,101.0,,,0.483,0.441,0.426,0.255,25.0,76.1,48.0,52.8,6.6,4.4,15.4,100.0,95.4,102.9,,,10.0,22.0,1.0,3.0,9.0,1.0,5.0,7.0,1.0,3.0,8.0,10.0,5.0,2.0,1.0,5.0,5.0,24.0,13.3,5.0,1.0,1.0,1.0,0.778,20.2,36.9,27.7,34.7,3.0,3.0,66.7,31.6,190.0,113.0,HOU,101,0,2023,2022-10-26,True
265.0,265.0,41.0,81.0,0.506,20.0,40.0,0.5,27.0,35.0,0.771,7.0,30.0,37.0,25.0,8.0,4.0,18.0,23.0,129.0,,,0.669,0.63,0.494,0.432,17.9,69.8,45.1,61.0,7.7,6.9,15.7,100.0,123.4,119.5,,,14.0,28.0,1.0,4.0,8.0,1.0,11.0,13.0,1.0,3.0,10.0,11.0,14.0,3.0,2.0,5.0,5.0,41.0,36.9,20.0,1.289,1.5,1.0,1.2,34.2,30.4,19.4,80.8,18.5,6.0,30.7,44.7,249.0,131.0,DAL,129,0,1,265.0,265.0,43.0,93.0,0.462,12.0,35.0,0.343,27.0,30.0,0.9,13.0,32.0,45.0,20.0,10.0,6.0,15.0,28.0,125.0,,,0.589,0.527,0.376,0.323,30.2,82.1,54.9,46.5,9.6,14.6,12.4,100.0,119.5,123.4,,,14.0,31.0,0.667,5.0,14.0,1.0,11.0,11.0,1.0,3.0,6.0,8.0,5.0,3.0,4.0,3.0,6.0,39.0,30.8,11.0,1.0,1.0,0.727,1.5,12.9,26.7,15.6,23.3,4.2,12.3,25.0,38.7,208.0,133.0,BRK,125,1,2023,2022-10-27,True
265.0,265.0,43.0,93.0,0.462,12.0,35.0,0.343,27.0,30.0,0.9,13.0,32.0,45.0,20.0,10.0,6.0,15.0,28.0,125.0,,,0.589,0.527,0.376,0.323,30.2,82.1,54.9,46.5,9.6,14.6,12.4,100.0,119.5,123.4,,,14.0,31.0,0.667,5.0,14.0,1.0,11.0,11.0,1.0,3.0,6.0,8.0,5.0,3.0,4.0,3.0,6.0,39.0,30.8,11.0,1.0,1.0,0.727,1.5,12.9,26.7,15.6,23.3,4.2,12.3,25.0,38.7,208.0,133.0,BRK,125,1,0,265.0,265.0,41.0,81.0,0.506,20.0,40.0,0.5,27.0,35.0,0.771,7.0,30.0,37.0,25.0,8.0,4.0,18.0,23.0,129.0,,,0.669,0.63,0.494,0.432,17.9,69.8,45.1,61.0,7.7,6.9,15.7,100.0,123.4,119.5,,,14.0,28.0,1.0,4.0,8.0,1.0,11.0,13.0,1.0,3.0,10.0,11.0,14.0,3.0,2.0,5.0,5.0,41.0,36.9,20.0,1.289,1.5,1.0,1.2,34.2,30.4,19.4,80.8,18.5,6.0,30.7,44.7,249.0,131.0,DAL,129,0,2023,2022-10-27,False
240.0,240.0,39.0,88.0,0.443,14.0,43.0,0.326,18.0,22.0,0.818,8.0,23.0,31.0,25.0,16.0,5.0,12.0,15.0,110.0,,,0.563,0.523,0.489,0.25,19.0,59.0,38.3,64.1,16.2,10.9,10.9,100.0,111.3,124.5,,,10.0,13.0,0.769,4.0,8.0,0.571,7.0,8.0,1.0,4.0,5.0,8.0,8.0,6.0,3.0,5.0,4.0,27.0,32.1,-1.0,0.84,0.769,0.8,0.615,12.1,16.6,12.6,36.2,7.9,8.3,23.2,25.0,159.0,136.0,MIA,110,0,1,240.0,240.0,46.0,92.0,0.5,18.0,46.0,0.391,13.0,15.0,0.867,16.0,34.0,50.0,30.0,4.0,2.0,21.0,13.0,123.0,,,0.624,0.598,0.5,0.163,41.0,81.0,61.7,65.2,4.0,4.4,17.6,100.0,124.5,111.3,,,13.0,22.0,0.667,7.0,14.0,0.5,6.0,6.0,1.0,4.0,7.0,10.0,9.0,1.0,1.0,5.0,4.0,33.0,29.6,17.0,0.773,0.75,1.0,0.667,27.5,24.7,25.6,42.5,2.7,6.0,32.4,29.4,163.0,119.0,GSW,123,1,2023,2022-10-27,False
240.0,240.0,46.0,92.0,0.5,18.0,46.0,0.391,13.0,15.0,0.867,16.0,34.0,50.0,30.0,4.0,2.0,21.0,13.0,123.0,,,0.624,0.598,0.5,0.163,41.0,81.0,61.7,65.2,4.0,4.4,17.6,100.0,124.5,111.3,,,13.0,22.0,0.667,7.0,14.0,0.5,6.0,6.0,1.0,4.0,7.0,10.0,9.0,1.0,1.0,5.0,4.0,33.0,29.6,17.0,0.773,0.75,1.0,0.667,27.5,24.7,25.6,42.5,2.7,6.0,32.4,29.4,163.0,119.0,GSW,123,1,0,240.0,240.0,39.0,88.0,0.443,14.0,43.0,0.326,18.0,22.0,0.818,8.0,23.0,31.0,25.0,16.0,5.0,12.0,15.0,110.0,,,0.563,0.523,0.489,0.25,19.0,59.0,38.3,64.1,16.2,10.9,10.9,100.0,111.3,124.5,,,10.0,13.0,0.769,4.0,8.0,0.571,7.0,8.0,1.0,4.0,5.0,8.0,8.0,6.0,3.0,5.0,4.0,27.0,32.1,-1.0,0.84,0.769,0.8,0.615,12.1,16.6,12.6,36.2,7.9,8.3,23.2,25.0,159.0,136.0,MIA,110,0,2023,2022-10-27,True
240.0,240.0,44.0,82.0,0.537,9.0,28.0,0.321,13.0,18.0,0.722,10.0,34.0,44.0,21.0,6.0,5.0,20.0,17.0,110.0,,,0.612,0.591,0.341,0.22,30.3,72.3,55.0,47.7,6.2,8.8,18.2,100.0,114.1,122.4,,,9.0,15.0,1.0,2.0,7.0,0.667,4.0,6.0,1.0,5.0,13.0,18.0,6.0,2.0,1.0,4.0,4.0,21.0,16.1,9.0,1.042,1.0,1.0,2.0,21.2,100.0,67.3,100.0,28.2,47.2,44.4,46.5,216.0,133.0,LAC,110,0,1,240.0,240.0,47.0,95.0,0.495,17.0,38.0,0.447,7.0,8.0,0.875,13.0,23.0,36.0,27.0,10.0,4.0,12.0,21.0,118.0,,,0.599,0.584,0.4,0.084,27.7,69.7,45.0,57.4,10.4,7.4,10.9,100.0,122.4,114.1,,,10.0,23.0,0.625,4.0,7.0,0.6,3.0,4.0,1.0,4.0,6.0,9.0,6.0,3.0,3.0,4.0,4.0,24.0,17.6,18.0,0.786,0.786,0.857,1.333,15.5,39.0,24.2,25.7,4.5,11.9,26.7,34.6,165.0,124.0,OKC,118,1,2023,2022-10-27,False
240.0,240.0,47.0,95.0,0.495,17.0,38.0,0.447,7.0,8.0,0.875,13.0,23.0,36.0,27.0,10.0,4.0,12.0,21.0,118.0,,,0.599,0.584,0.4,0.084,27.7,69.7,45.0,57.4,10.4,7.4,10.9,100.0,122.4,114.1,,,10.0,23.0,0.625,4.0,7.0,0.6,3.0,4.0,1.0,4.0,6.0,9.0,6.0,3.0,3.0,4.0,4.0,24.0,17.6,18.0,0.786,0.786,0.857,1.333,15.5,39.0,24.2,25.7,4.5,11.9,26.7,34.6,165.0,124.0,OKC,118,1,0,240.0,240.0,44.0,82.0,0.537,9.0,28.0,0.321,13.0,18.0,0.722,10.0,34.0,44.0,21.0,6.0,5.0,20.0,17.0,110.0,,,0.612,0.591,0.341,0.22,30.3,72.3,55.0,47.7,6.2,8.8,18.2,100.0,114.1,122.4,,,9.0,15.0,1.0,2.0,7.0,0.667,4.0,6.0,1.0,5.0,13.0,18.0,6.0,2.0,1.0,4.0,4.0,21.0,16.1,9.0,1.042,1.0,1.0,2.0,21.2,100.0,67.3,100.0,28.2,47.2,44.4,46.5,216.0,133.0,LAC,110,0,2023,2022-10-27,True
240.0,240.0,49.0,92.0,0.533,14.0,33.0,0.424,13.0,18.0,0.722,11.0,32.0,43.0,27.0,5.0,3.0,14.0,18.0,125.0,,,0.626,0.609,0.359,0.196,26.2,78.0,51.8,55.1,5.1,6.7,12.3,100.0,127.6,112.3,,,11.0,18.0,0.833,6.0,8.0,0.75,5.0,5.0,1.0,7.0,7.0,11.0,6.0,2.0,2.0,4.0,5.0,31.0,25.6,24.0,1.083,1.083,0.75,0.625,33.5,27.5,26.6,27.7,4.4,7.1,27.9,31.6,214.0,121.0,MEM,125,0,1,240.0,240.0,40.0,83.0,0.482,12.0,38.0,0.316,18.0,22.0,0.818,9.0,31.0,40.0,28.0,5.0,2.0,13.0,20.0,110.0,,,0.593,0.554,0.458,0.265,22.0,73.8,48.2,70.0,5.1,3.4,12.3,100.0,112.3,127.6,,,11.0,19.0,0.667,3.0,8.0,0.5,7.0,8.0,1.0,3.0,8.0,11.0,9.0,1.0,1.0,4.0,5.0,27.0,18.4,7.0,0.759,0.722,0.8,2.0,37.2,35.7,20.6,52.4,4.6,3.7,34.0,29.9,152.0,135.0,SAC,110,1,2023,2022-10-27,True
240.0,240.0,40.0,83.0,0.482,12.0,38.0,0.316,18.0,22.0,0.818,9.0,31.0,40.0,28.0,5.0,2.0,13.0,20.0,110.0,,,0.593,0.554,0.458,0.265,22.0,73.8,48.2,70.0,5.1,3.4,12.3,100.0,112.3,127.6,,,11.0,19.0,0.667,3.0,8.0,0.5,7.0,8.0,1.0,3.0,8.0,11.0,9.0,1.0,1.0,4.0,5.0,27.0,18.4,7.0,0.759,0.722,0.8,2.0,37.2,35.7,20.6,52.4,4.6,3.7,34.0,29.9,152.0,135.0,SAC,110,1,0,240.0,240.0,49.0,92.0,0.533,14.0,33.0,0.424,13.0,18.0,0.722,11.0,32.0,43.0,27.0,5.0,3.0,14.0,18.0,125.0,,,0.626,0.609,0.359,0.196,26.2,78.0,51.8,55.1,5.1,6.7,12.3,100.0,127.6,112.3,,,11.0,18.0,0.833,6.0,8.0,0.75,5.0,5.0,1.0,7.0,7.0,11.0,6.0,2.0,2.0,4.0,5.0,31.0,25.6,24.0,1.083,1.083,0.75,0.625,33.5,27.5,26.6,27.7,4.4,7.1,27.9,31.6,214.0,121.0,MEM,125,0,2023,2022-10-27,False
265.0,265.0,45.0,87.0,0.517,16.0,35.0,0.457,26.0,34.0,0.765,9.0,33.0,42.0,18.0,5.0,2.0,16.0,28.0,132.0,,,0.647,0.609,0.402,0.391,23.7,86.8,55.3,40.0,4.7,4.1,13.6,100.0,123.3,114.9,,,15.0,25.0,0.6,6.0,9.0,0.75,11.0,12.0,1.0,3.0,8.0,11.0,7.0,3.0,2.0,7.0,4.0,41.0,37.0,25.0,0.78,0.714,1.0,0.667,10.6,33.4,19.3,28.8,3.5,5.2,25.0,34.3,161.0,120.0,CLE,132,0,1,265.0,265.0,42.0,82.0,0.512,13.0,33.0,0.394,26.0,32.0,0.813,5.0,29.0,34.0,28.0,9.0,2.0,19.0,27.0,123.0,,,0.64,0.591,0.402,0.39,13.2,76.3,44.7,66.7,8.4,3.8,16.5,100.0,114.9,123.3,,,11.0,22.0,1.0,3.0,9.0,1.0,8.0,12.0,1.0,2.0,8.0,8.0,7.0,2.0,1.0,6.0,4.0,32.0,24.1,23.0,1.268,1.5,1.0,4.0,19.1,26.1,13.6,34.1,4.5,2.5,42.0,35.8,170.0,132.0,BOS,123,1,2023,2022-10-28,True
265.0,265.0,42.0,82.0,0.512,13.0,33.0,0.394,26.0,32.0,0.813,5.0,29.0,34.0,28.0,9.0,2.0,19.0,27.0,123.0,,,0.64,0.591,0.402,0.39,13.2,76.3,44.7,66.7,8.4,3.8,16.5,100.0,114.9,123.3,,,11.0,22.0,1.0,3.0,9.0,1.0,8.0,12.0,1.0,2.0,8.0,8.0,7.0,2.0,1.0,6.0,4.0,32.0,24.1,23.0,1.268,1.5,1.0,4.0,19.1,26.1,13.6,34.1,4.5,2.5,42.0,35.8,170.0,132.0,BOS,123,1,0,265.0,265.0,45.0,87.0,0.517,16.0,35.0,0.457,26.0,34.0,0.765,9.0,33.0,42.0,18.0,5.0,2.0,16.0,28.0,132.0,,,0.647,0.609,0.402,0.391,23.7,86.8,55.3,40.0,4.7,4.1,13.6,100.0,123.3,114.9,,,15.0,25.0,0.6,6.0,9.0,0.75,11.0,12.0,1.0,3.0,8.0,11.0,7.0,3.0,2.0,7.0,4.0,41.0,37.0,25.0,0.78,0.714,1.0,0.667,10.6,33.4,19.3,28.8,3.5,5.2,25.0,34.3,161.0,120.0,CLE,132,0,2023,2022-10-28,False
240.0,240.0,38.0,91.0,0.418,10.0,39.0,0.256,15.0,19.0,0.789,8.0,30.0,38.0,24.0,7.0,8.0,10.0,30.0,101.0,,,0.508,0.473,0.429,0.209,16.3,63.8,39.6,63.2,7.3,16.7,9.1,100.0,105.1,121.8,,,7.0,14.0,1.0,4.0,7.0,0.8,4.0,5.0,1.0,2.0,8.0,10.0,5.0,2.0,2.0,3.0,5.0,17.0,14.4,16.0,1.0,1.0,0.714,0.5,11.5,31.5,19.3,84.8,11.8,11.8,25.0,30.7,208.0,134.0,UTA,101,0,1,240.0,240.0,39.0,85.0,0.459,17.0,37.0,0.459,22.0,34.0,0.647,17.0,41.0,58.0,18.0,2.0,4.0,12.0,18.0,117.0,,,0.585,0.559,0.435,0.4,36.2,83.7,60.4,46.2,2.1,7.7,10.7,100.0,121.8,105.1,,,8.0,18.0,0.667,7.0,12.0,1.0,6.0,8.0,0.8,4.0,9.0,13.0,6.0,1.0,2.0,4.0,5.0,26.0,19.3,22.0,0.694,0.75,1.0,1.0,56.2,73.5,37.5,33.9,2.1,8.7,33.3,38.8,168.0,112.0,DEN,117,1,2023,2022-10-28,False
240.0,240.0,39.0,85.0,0.459,17.0,37.0,0.459,22.0,34.0,0.647,17.0,41.0,58.0,18.0,2.0,4.0,12.0,18.0,117.0,,,0.585,0.559,0.435,0.4,36.2,83.7,60.4,46.2,2.1,7.7,10.7,100.0,121.8,105.1,,,8.0,18.0,0.667,7.0,12.0,1.0,6.0,8.0,0.8,4.0,9.0,13.0,6.0,1.0,2.0,4.0,5.0,26.0,19.3,22.0,0.694,0.75,1.0,1.0,56.2,73.5,37.5,33.9,2.1,8.7,33.3,38.8,168.0,112.0,DEN,117,1,0,240.0,240.0,38.0,91.0,0.418,10.0,39.0,0.256,15.0,19.0,0.789,8.0,30.0,38.0,24.0,7.0,8.0,10.0,30.0,101.0,,,0.508,0.473,0.429,0.209,16.3,63.8,39.6,63.2,7.3,16.7,9.1,100.0,105.1,121.8,,,7.0,14.0,1.0,4.0,7.0,0.8,4.0,5.0,1.0,2.0,8.0,10.0,5.0,2.0,2.0,3.0,5.0,17.0,14.4,16.0,1.0,1.0,0.714,0.5,11.5,31.5,19.3,84.8,11.8,11.8,25.0,30.7,208.0,134.0,UTA,101,0,2023,2022-10-28,True
240.0,240.0,55.0,97.0,0.567,12.0,29.0,0.414,14.0,18.0,0.778,10.0,35.0,45.0,31.0,5.0,8.0,7.0,26.0,136.0,,,0.648,0.629,0.299,0.186,26.3,71.4,51.7,56.4,5.1,14.8,6.3,100.0,138.4,113.9,,,12.0,21.0,1.0,4.0,6.0,1.0,8.0,10.0,1.0,5.0,10.0,11.0,12.0,2.0,3.0,2.0,5.0,36.0,34.0,21.0,1.0,1.0,0.75,0.5,29.4,64.2,36.2,53.3,17.0,10.6,33.3,45.4,222.0,125.0,ATL,136,0,1,240.0,240.0,37.0,86.0,0.43,7.0,32.0,0.219,31.0,38.0,0.816,14.0,28.0,42.0,18.0,2.0,4.0,11.0,22.0,112.0,,,0.545,0.471,0.372,0.442,28.6,73.7,48.3,48.6,2.0,5.9,9.7,100.0,113.9,138.4,,,14.0,23.0,0.75,3.0,6.0,0.5,9.0,9.0,1.0,4.0,8.0,9.0,8.0,1.0,2.0,3.0,5.0,35.0,30.8,0.0,0.82,0.75,1.0,1.5,13.3,34.7,18.9,69.2,1.6,6.1,31.1,35.4,151.0,144.0,DET,112,1,2023,2022-10-28,True
240.0,240.0,37.0,86.0,0.43,7.0,32.0,0.219,31.0,38.0,0.816,14.0,28.0,42.0,18.0,2.0,4.0,11.0,22.0,112.0,,,0.545,0.471,0.372,0.442,28.6,73.7,48.3,48.6,2.0,5.9,9.7,100.0,113.9,138.4,,,14.0,23.0,0.75,3.0,6.0,0.5,9.0,9.0,1.0,4.0,8.0,9.0,8.0,1.0,2.0,3.0,5.0,35.0,30.8,0.0,0.82,0.75,1.0,1.5,13.3,34.7,18.9,69.2,1.6,6.1,31.1,35.4,151.0,144.0,DET,112,1,0,240.0,240.0,55.0,97.0,0.567,12.0,29.0,0.414,14.0,18.0,0.778,10.0,35.0,45.0,31.0,5.0,8.0,7.0,26.0,136.0,,,0.648,0.629,0.299,0.186,26.3,71.4,51.7,56.4,5.1,14.8,6.3,100.0,138.4,113.9,,,12.0,21.0,1.0,4.0,6.0,1.0,8.0,10.0,1.0,5.0,10.0,11.0,12.0,2.0,3.0,2.0,5.0,36.0,34.0,21.0,1.0,1.0,0.75,0.5,29.4,64.2,36.2,53.3,17.0,10.6,33.3,45.4,222.0,125.0,ATL,136,0,2023,2022-10-28,False
240.0,240.0,37.0,93.0,0.398,12.0,35.0,0.343,22.0,32.0,0.688,13.0,41.0,54.0,19.0,6.0,5.0,13.0,19.0,108.0,,,0.504,0.462,0.376,0.344,24.1,68.3,47.4,51.4,5.8,7.8,10.8,100.0,103.6,114.2,,,7.0,17.0,0.625,3.0,7.0,0.667,8.0,9.0,0.889,5.0,8.0,12.0,4.0,3.0,2.0,3.0,5.0,20.0,13.5,11.0,0.786,0.786,0.714,0.9,21.8,20.5,18.6,61.9,5.0,7.4,17.7,28.1,162.0,127.0,NYK,108,0,1,240.0,240.0,42.0,109.0,0.385,13.0,45.0,0.289,22.0,27.0,0.815,19.0,41.0,60.0,23.0,8.0,8.0,7.0,23.0,119.0,,,0.492,0.445,0.413,0.248,31.7,75.9,52.6,54.8,7.7,13.8,5.5,100.0,114.2,103.6,,,11.0,22.0,0.6,4.0,11.0,0.667,7.0,11.0,1.0,8.0,14.0,14.0,9.0,2.0,3.0,2.0,4.0,30.0,27.6,27.0,0.814,0.8,0.846,2.0,25.3,32.0,20.0,39.0,22.0,15.1,33.3,28.0,153.0,113.0,MIL,119,1,2023,2022-10-28,False
240.0,240.0,42.0,109.0,0.385,13.0,45.0,0.289,22.0,27.0,0.815,19.0,41.0,60.0,23.0,8.0,8.0,7.0,23.0,119.0,,,0.492,0.445,0.413,0.248,31.7,75.9,52.6,54.8,7.7,13.8,5.5,100.0,114.2,103.6,,,11.0,22.0,0.6,4.0,11.0,0.667,7.0,11.0,1.0,8.0,14.0,14.0,9.0,2.0,3.0,2.0,4.0,30.0,27.6,27.0,0.814,0.8,0.846,2.0,25.3,32.0,20.0,39.0,22.0,15.1,33.3,28.0,153.0,113.0,MIL,119,1,0,240.0,240.0,37.0,93.0,0.398,12.0,35.0,0.343,22.0,32.0,0.688,13.0,41.0,54.0,19.0,6.0,5.0,13.0,19.0,108.0,,,0.504,0.462,0.376,0.344,24.1,68.3,47.4,51.4,5.8,7.8,10.8,100.0,103.6,114.2,,,7.0,17.0,0.625,3.0,7.0,0.667,8.0,9.0,0.889,5.0,8.0,12.0,4.0,3.0,2.0,3.0,5.0,20.0,13.5,11.0,0.786,0.786,0.714,0.9,21.8,20.5,18.6,61.9,5.0,7.4,17.7,28.1,162.0,127.0,NYK,108,0,2023,2022-10-28,True
240.0,240.0,37.0,89.0,0.416,9.0,29.0,0.31,19.0,27.0,0.704,12.0,43.0,55.0,20.0,8.0,5.0,22.0,21.0,102.0,,,0.506,0.466,0.326,0.303,25.5,75.4,52.9,54.1,7.6,8.5,17.9,100.0,96.7,105.2,,,10.0,24.0,0.8,4.0,6.0,0.667,7.0,10.0,1.0,4.0,7.0,8.0,5.0,4.0,2.0,5.0,4.0,28.0,21.8,10.0,1.02,1.0,0.6,0.588,17.3,23.5,15.7,26.5,6.4,7.6,38.1,32.8,151.0,111.0,LAL,102,0,1,240.0,240.0,41.0,99.0,0.414,13.0,40.0,0.325,16.0,24.0,0.667,14.0,35.0,49.0,27.0,13.0,8.0,10.0,21.0,111.0,,,0.507,0.48,0.404,0.242,24.6,74.5,47.1,65.9,12.3,13.3,8.4,100.0,105.2,96.7,,,11.0,22.0,0.636,3.0,8.0,0.5,8.0,12.0,1.0,8.0,13.0,21.0,7.0,7.0,4.0,2.0,6.0,29.0,25.6,17.0,0.676,0.636,0.857,1.091,18.1,35.7,26.1,35.7,10.3,11.0,22.2,28.0,146.0,109.0,MIN,111,1,2023,2022-10-28,False
240.0,240.0,41.0,99.0,0.414,13.0,40.0,0.325,16.0,24.0,0.667,14.0,35.0,49.0,27.0,13.0,8.0,10.0,21.0,111.0,,,0.507,0.48,0.404,0.242,24.6,74.5,47.1,65.9,12.3,13.3,8.4,100.0,105.2,96.7,,,11.0,22.0,0.636,3.0,8.0,0.5,8.0,12.0,1.0,8.0,13.0,21.0,7.0,7.0,4.0,2.0,6.0,29.0,25.6,17.0,0.676,0.636,0.857,1.091,18.1,35.7,26.1,35.7,10.3,11.0,22.2,28.0,146.0,109.0,MIN,111,1,0,240.0,240.0,37.0,89.0,0.416,9.0,29.0,0.31,19.0,27.0,0.704,12.0,43.0,55.0,20.0,8.0,5.0,22.0,21.0,102.0,,,0.506,0.466,0.326,0.303,25.5,75.4,52.9,54.1,7.6,8.5,17.9,100.0,96.7,105.2,,,10.0,24.0,0.8,4.0,6.0,0.667,7.0,10.0,1.0,4.0,7.0,8.0,5.0,4.0,2.0,5.0,4.0,28.0,21.8,10.0,1.02,1.0,0.6,0.588,17.3,23.5,15.7,26.5,6.4,7.6,38.1,32.8,151.0,111.0,LAL,102,0,2023,2022-10-28,True
240.0,240.0,33.0,86.0,0.384,11.0,38.0,0.289,16.0,24.0,0.667,10.0,37.0,47.0,21.0,3.0,4.0,15.0,18.0,93.0,,,0.482,0.448,0.442,0.279,18.9,88.1,49.5,63.6,3.0,8.3,13.4,100.0,92.2,112.0,,,6.0,16.0,1.0,3.0,10.0,0.667,4.0,5.0,1.0,2.0,6.0,7.0,4.0,1.0,3.0,3.0,3.0,18.0,14.2,12.0,0.8,1.0,1.0,4.0,25.5,32.2,28.5,71.6,9.0,18.1,50.0,37.3,163.0,116.0,CHO,93,0,1,240.0,240.0,42.0,85.0,0.494,10.0,37.0,0.27,19.0,26.0,0.731,5.0,43.0,48.0,28.0,8.0,5.0,12.0,22.0,113.0,,,0.586,0.553,0.435,0.306,11.9,81.1,50.5,66.7,7.9,10.4,11.1,100.0,112.0,92.2,,,8.0,14.0,0.667,2.0,6.0,0.5,5.0,7.0,1.0,2.0,10.0,12.0,7.0,2.0,3.0,2.0,5.0,21.0,20.1,27.0,0.833,0.833,1.0,0.714,8.4,33.3,22.3,52.3,3.9,17.8,33.3,35.2,149.0,104.0,ORL,113,1,2023,2022-10-28,False
240.0,240.0,42.0,85.0,0.494,10.0,37.0,0.27,19.0,26.0,0.731,5.0,43.0,48.0,28.0,8.0,5.0,12.0,22.0,113.0,,,0.586,0.553,0.435,0.306,11.9,81.1,50.5,66.7,7.9,10.4,11.1,100.0,112.0,92.2,,,8.0,14.0,0.667,2.0,6.0,0.5,5.0,7.0,1.0,2.0,10.0,12.0,7.0,2.0,3.0,2.0,5.0,21.0,20.1,27.0,0.833,0.833,1.0,0.714,8.4,33.3,22.3,52.3,3.9,17.8,33.3,35.2,149.0,104.0,ORL,113,1,0,240.0,240.0,33.0,86.0,0.384,11.0,38.0,0.289,16.0,24.0,0.667,10.0,37.0,47.0,21.0,3.0,4.0,15.0,18.0,93.0,,,0.482,0.448,0.442,0.279,18.9,88.1,49.5,63.6,3.0,8.3,13.4,100.0,92.2,112.0,,,6.0,16.0,1.0,3.0,10.0,0.667,4.0,5.0,1.0,2.0,6.0,7.0,4.0,1.0,3.0,3.0,3.0,18.0,14.2,12.0,0.8,1.0,1.0,4.0,25.5,32.2,28.5,71.6,9.0,18.1,50.0,37.3,163.0,116.0,CHO,93,0,2023,2022-10-28,True
240.0,240.0,38.0,86.0,0.442,15.0,37.0,0.405,20.0,22.0,0.909,9.0,24.0,33.0,25.0,10.0,1.0,14.0,21.0,111.0,,,0.58,0.529,0.43,0.256,21.4,63.2,41.3,65.8,10.4,1.7,12.8,100.0,115.4,128.9,,,11.0,19.0,0.688,4.0,7.0,0.667,5.0,6.0,1.0,4.0,7.0,10.0,9.0,2.0,1.0,3.0,4.0,25.0,21.6,3.0,1.0,1.0,1.0,1.0,28.3,31.3,29.7,42.2,3.6,5.7,28.6,29.0,239.0,139.0,NOP,111,0,1,240.0,240.0,48.0,92.0,0.522,10.0,33.0,0.303,18.0,20.0,0.9,14.0,33.0,47.0,33.0,7.0,7.0,12.0,18.0,124.0,,,0.615,0.576,0.359,0.217,36.8,78.6,58.8,68.8,7.3,14.3,10.6,100.0,128.9,115.4,,,10.0,14.0,1.0,3.0,6.0,1.0,5.0,6.0,1.0,4.0,9.0,13.0,9.0,2.0,3.0,5.0,5.0,27.0,27.0,20.0,1.083,1.083,0.8,0.857,100.0,70.0,100.0,40.4,3.7,9.4,24.1,78.2,222.0,126.0,PHO,124,1,2023,2022-10-28,False
240.0,240.0,48.0,92.0,0.522,10.0,33.0,0.303,18.0,20.0,0.9,14.0,33.0,47.0,33.0,7.0,7.0,12.0,18.0,124.0,,,0.615,0.576,0.359,0.217,36.8,78.6,58.8,68.8,7.3,14.3,10.6,100.0,128.9,115.4,,,10.0,14.0,1.0,3.0,6.0,1.0,5.0,6.0,1.0,4.0,9.0,13.0,9.0,2.0,3.0,5.0,5.0,27.0,27.0,20.0,1.083,1.083,0.8,0.857,100.0,70.0,100.0,40.4,3.7,9.4,24.1,78.2,222.0,126.0,PHO,124,1,0,240.0,240.0,38.0,86.0,0.442,15.0,37.0,0.405,20.0,22.0,0.909,9.0,24.0,33.0,25.0,10.0,1.0,14.0,21.0,111.0,,,0.58,0.529,0.43,0.256,21.4,63.2,41.3,65.8,10.4,1.7,12.8,100.0,115.4,128.9,,,11.0,19.0,0.688,4.0,7.0,0.667,5.0,6.0,1.0,4.0,7.0,10.0,9.0,2.0,1.0,3.0,4.0,25.0,21.6,3.0,1.0,1.0,1.0,1.0,28.3,31.3,29.7,42.2,3.6,5.7,28.6,29.0,239.0,139.0,NOP,111,0,2023,2022-10-28,True
240.0,240.0,40.0,94.0,0.426,14.0,38.0,0.368,17.0,21.0,0.81,13.0,26.0,39.0,23.0,10.0,6.0,17.0,18.0,111.0,,,0.538,0.5,0.404,0.223,27.7,70.3,46.4,57.5,9.8,10.9,14.1,100.0,108.8,122.5,,,6.0,19.0,1.0,4.0,10.0,1.0,3.0,5.0,1.0,6.0,6.0,11.0,6.0,3.0,3.0,5.0,6.0,18.0,14.1,1.0,1.125,1.125,1.0,1.5,24.0,25.4,24.6,50.8,5.4,10.3,50.0,84.0,221.0,134.0,HOU,111,0,1,240.0,240.0,48.0,90.0,0.533,13.0,35.0,0.371,16.0,20.0,0.8,11.0,34.0,45.0,30.0,9.0,6.0,16.0,19.0,125.0,,,0.633,0.606,0.389,0.222,29.7,72.3,53.6,62.5,8.8,10.7,13.9,100.0,122.5,108.8,,,12.0,20.0,1.0,7.0,15.0,1.0,3.0,4.0,1.0,3.0,12.0,15.0,7.0,3.0,3.0,4.0,4.0,30.0,24.3,22.0,1.025,1.0,1.0,0.667,12.1,38.1,26.6,31.6,5.9,8.0,27.9,43.6,215.0,122.0,POR,125,1,2023,2022-10-28,False
240.0,240.0,48.0,90.0,0.533,13.0,35.0,0.371,16.0,20.0,0.8,11.0,34.0,45.0,30.0,9.0,6.0,16.0,19.0,125.0,,,0.633,0.606,0.389,0.222,29.7,72.3,53.6,62.5,8.8,10.7,13.9,100.0,122.5,108.8,,,12.0,20.0,1.0,7.0,15.0,1.0,3.0,4.0,1.0,3.0,12.0,15.0,7.0,3.0,3.0,4.0,4.0,30.0,24.3,22.0,1.025,1.0,1.0,0.667,12.1,38.1,26.6,31.6,5.9,8.0,27.9,43.6,215.0,122.0,POR,125,1,0,240.0,240.0,40.0,94.0,0.426,14.0,38.0,0.368,17.0,21.0,0.81,13.0,26.0,39.0,23.0,10.0,6.0,17.0,18.0,111.0,,,0.538,0.5,0.404,0.223,27.7,70.3,46.4,57.5,9.8,10.9,14.1,100.0,108.8,122.5,,,6.0,19.0,1.0,4.0,10.0,1.0,3.0,5.0,1.0,6.0,6.0,11.0,6.0,3.0,3.0,5.0,6.0,18.0,14.1,1.0,1.125,1.125,1.0,1.5,24.0,25.4,24.6,50.8,5.4,10.3,50.0,84.0,221.0,134.0,HOU,111,0,2023,2022-10-28,True
240.0,240.0,47.0,99.0,0.475,9.0,27.0,0.333,21.0,26.0,0.808,15.0,27.0,42.0,20.0,13.0,3.0,13.0,19.0,124.0,,,0.561,0.52,0.273,0.263,30.6,77.1,50.0,42.6,12.2,6.3,10.5,100.0,116.4,121.1,,,11.0,20.0,0.667,3.0,7.0,0.5,11.0,12.0,1.0,7.0,7.0,14.0,5.0,3.0,1.0,2.0,5.0,33.0,24.6,18.0,0.672,0.667,0.6,1.333,30.5,42.7,35.6,27.2,6.8,6.1,22.2,27.9,152.0,128.0,CHI,124,0,1,240.0,240.0,46.0,86.0,0.535,16.0,38.0,0.421,21.0,26.0,0.808,8.0,34.0,42.0,37.0,7.0,3.0,21.0,17.0,129.0,,,0.662,0.628,0.442,0.302,22.9,69.4,50.0,80.4,6.6,4.2,17.7,100.0,121.1,116.4,,,10.0,19.0,0.833,6.0,12.0,0.667,11.0,12.0,1.0,3.0,10.0,13.0,8.0,2.0,1.0,5.0,3.0,33.0,23.4,23.0,0.847,0.889,1.0,0.632,15.4,32.5,24.6,37.7,7.6,3.7,33.9,33.3,147.0,126.0,SAS,129,1,2023,2022-10-28,False
240.0,240.0,46.0,86.0,0.535,16.0,38.0,0.421,21.0,26.0,0.808,8.0,34.0,42.0,37.0,7.0,3.0,21.0,17.0,129.0,,,0.662,0.628,0.442,0.302,22.9,69.4,50.0,80.4,6.6,4.2,17.7,100.0,121.1,116.4,,,10.0,19.0,0.833,6.0,12.0,0.667,11.0,12.0,1.0,3.0,10.0,13.0,8.0,2.0,1.0,5.0,3.0,33.0,23.4,23.0,0.847,0.889,1.0,0.632,15.4,32.5,24.6,37.7,7.6,3.7,33.9,33.3,147.0,126.0,SAS,129,1,0,240.0,240.0,47.0,99.0,0.475,9.0,27.0,0.333,21.0,26.0,0.808,15.0,27.0,42.0,20.0,13.0,3.0,13.0,19.0,124.0,,,0.561,0.52,0.273,0.263,30.6,77.1,50.0,42.6,12.2,6.3,10.5,100.0,116.4,121.1,,,11.0,20.0,0.667,3.0,7.0,0.5,11.0,12.0,1.0,7.0,7.0,14.0,5.0,3.0,1.0,2.0,5.0,33.0,24.6,18.0,0.672,0.667,0.6,1.333,30.5,42.7,35.6,27.2,6.8,6.1,22.2,27.9,152.0,128.0,CHI,124,0,2023,2022-10-28,True
240.0,240.0,43.0,82.0,0.524,16.0,38.0,0.421,10.0,11.0,0.909,7.0,34.0,41.0,25.0,11.0,6.0,15.0,20.0,112.0,,,0.645,0.622,0.463,0.134,18.9,69.4,47.7,58.1,11.7,12.8,14.7,100.0,118.7,95.4,,,15.0,20.0,1.0,9.0,12.0,1.0,5.0,6.0,1.0,2.0,8.0,8.0,6.0,5.0,2.0,5.0,4.0,44.0,38.6,29.0,1.014,1.0,1.0,0.333,11.5,43.5,24.8,49.6,22.7,9.4,50.0,42.3,237.0,108.0,PHI,112,0,1,240.0,240.0,33.0,86.0,0.384,9.0,39.0,0.231,15.0,24.0,0.625,15.0,30.0,45.0,20.0,9.0,5.0,17.0,15.0,90.0,,,0.466,0.436,0.453,0.279,30.6,81.1,52.3,60.6,9.5,11.4,15.0,100.0,95.4,118.7,,,9.0,16.0,1.0,3.0,8.0,0.75,7.0,9.0,1.0,3.0,8.0,10.0,6.0,2.0,3.0,5.0,3.0,26.0,20.1,3.0,1.0,1.0,1.0,2.0,30.3,52.8,22.7,38.5,10.2,14.8,33.3,39.2,206.0,129.0,TOR,90,1,2023,2022-10-28,True
240.0,240.0,33.0,86.0,0.384,9.0,39.0,0.231,15.0,24.0,0.625,15.0,30.0,45.0,20.0,9.0,5.0,17.0,15.0,90.0,,,0.466,0.436,0.453,0.279,30.6,81.1,52.3,60.6,9.5,11.4,15.0,100.0,95.4,118.7,,,9.0,16.0,1.0,3.0,8.0,0.75,7.0,9.0,1.0,3.0,8.0,10.0,6.0,2.0,3.0,5.0,3.0,26.0,20.1,3.0,1.0,1.0,1.0,2.0,30.3,52.8,22.7,38.5,10.2,14.8,33.3,39.2,206.0,129.0,TOR,90,1,0,240.0,240.0,43.0,82.0,0.524,16.0,38.0,0.421,10.0,11.0,0.909,7.0,34.0,41.0,25.0,11.0,6.0,15.0,20.0,112.0,,,0.645,0.622,0.463,0.134,18.9,69.4,47.7,58.1,11.7,12.8,14.7,100.0,118.7,95.4,,,15.0,20.0,1.0,9.0,12.0,1.0,5.0,6.0,1.0,2.0,8.0,8.0,6.0,5.0,2.0,5.0,4.0,44.0,38.6,29.0,1.014,1.0,1.0,0.333,11.5,43.5,24.8,49.6,22.7,9.4,50.0,42.3,237.0,108.0,PHI,112,0,2023,2022-10-28,False
240.0,240.0,41.0,81.0,0.506,15.0,29.0,0.517,30.0,33.0,0.909,5.0,36.0,41.0,30.0,4.0,7.0,14.0,19.0,127.0,,,0.665,0.599,0.358,0.407,14.7,80.0,51.9,73.2,4.0,12.5,12.8,100.0,125.4,115.6,,,10.0,17.0,0.667,5.0,9.0,1.0,10.0,10.0,1.0,1.0,9.0,10.0,12.0,2.0,5.0,3.0,4.0,27.0,26.0,20.0,1.136,0.833,0.667,1.333,12.2,29.7,19.7,55.2,7.9,13.9,50.0,27.9,246.0,123.0,IND,127,0,1,240.0,240.0,41.0,86.0,0.477,12.0,30.0,0.4,23.0,28.0,0.821,9.0,29.0,38.0,25.0,5.0,3.0,13.0,23.0,117.0,,,0.595,0.547,0.349,0.326,20.0,85.3,48.1,61.0,4.9,5.8,11.7,100.0,115.6,125.4,,,11.0,19.0,1.0,3.0,7.0,1.0,7.0,7.0,1.0,2.0,9.0,9.0,12.0,3.0,1.0,3.0,4.0,31.0,29.0,6.0,1.5,1.5,1.0,1.25,25.9,34.1,16.3,48.8,3.8,3.7,22.2,42.4,263.0,132.0,WAS,117,1,2023,2022-10-28,True
240.0,240.0,41.0,86.0,0.477,12.0,30.0,0.4,23.0,28.0,0.821,9.0,29.0,38.0,25.0,5.0,3.0,13.0,23.0,117.0,,,0.595,0.547,0.349,0.326,20.0,85.3,48.1,61.0,4.9,5.8,11.7,100.0,115.6,125.4,,,11.0,19.0,1.0,3.0,7.0,1.0,7.0,7.0,1.0,2.0,9.0,9.0,12.0,3.0,1.0,3.0,4.0,31.0,29.0,6.0,1.5,1.5,1.0,1.25,25.9,34.1,16.3,48.8,3.8,3.7,22.2,42.4,263.0,132.0,WAS,117,1,0,240.0,240.0,41.0,81.0,0.506,15.0,29.0,0.517,30.0,33.0,0.909,5.0,36.0,41.0,30.0,4.0,7.0,14.0,19.0,127.0,,,0.665,0.599,0.358,0.407,14.7,80.0,51.9,73.2,4.0,12.5,12.8,100.0,125.4,115.6,,,10.0,17.0,0.667,5.0,9.0,1.0,10.0,10.0,1.0,1.0,9.0,10.0,12.0,2.0,5.0,3.0,4.0,27.0,26.0,20.0,1.136,0.833,0.667,1.333,12.2,29.7,19.7,55.2,7.9,13.9,50.0,27.9,246.0,123.0,IND,127,0,2023,2022-10-28,False
240.0,240.0,40.0,94.0,0.426,23.0,46.0,0.5,22.0,26.0,0.846,17.0,36.0,53.0,31.0,7.0,1.0,12.0,25.0,125.0,,,0.593,0.548,0.489,0.277,37.8,85.7,60.9,77.5,7.4,2.3,10.2,100.0,131.8,122.3,,,8.0,16.0,1.0,6.0,11.0,0.667,10.0,10.0,1.0,7.0,8.0,14.0,8.0,3.0,1.0,3.0,4.0,32.0,25.4,25.0,0.784,1.0,0.875,2.0,22.2,24.0,22.9,39.1,4.6,3.5,20.0,28.1,161.0,130.0,IND,125,0,1,240.0,240.0,41.0,82.0,0.5,14.0,39.0,0.359,20.0,26.0,0.769,6.0,28.0,34.0,29.0,6.0,9.0,9.0,20.0,116.0,,,0.621,0.585,0.476,0.317,14.3,62.2,39.1,70.7,6.3,18.8,8.8,100.0,122.3,131.8,,,13.0,22.0,0.667,5.0,12.0,0.5,9.0,9.0,1.0,2.0,7.0,9.0,9.0,3.0,4.0,3.0,4.0,35.0,26.8,4.0,0.926,0.833,1.0,1.0,10.4,41.6,22.5,40.1,4.0,10.3,25.0,32.6,182.0,146.0,BRK,116,1,2023,2022-10-29,True
240.0,240.0,41.0,82.0,0.5,14.0,39.0,0.359,20.0,26.0,0.769,6.0,28.0,34.0,29.0,6.0,9.0,9.0,20.0,116.0,,,0.621,0.585,0.476,0.317,14.3,62.2,39.1,70.7,6.3,18.8,8.8,100.0,122.3,131.8,,,13.0,22.0,0.667,5.0,12.0,0.5,9.0,9.0,1.0,2.0,7.0,9.0,9.0,3.0,4.0,3.0,4.0,35.0,26.8,4.0,0.926,0.833,1.0,1.0,10.4,41.6,22.5,40.1,4.0,10.3,25.0,32.6,182.0,146.0,BRK,116,1,0,240.0,240.0,40.0,94.0,0.426,23.0,46.0,0.5,22.0,26.0,0.846,17.0,36.0,53.0,31.0,7.0,1.0,12.0,25.0,125.0,,,0.593,0.548,0.489,0.277,37.8,85.7,60.9,77.5,7.4,2.3,10.2,100.0,131.8,122.3,,,8.0,16.0,1.0,6.0,11.0,0.667,10.0,10.0,1.0,7.0,8.0,14.0,8.0,3.0,1.0,3.0,4.0,32.0,25.4,25.0,0.784,1.0,0.875,2.0,22.2,24.0,22.9,39.1,4.6,3.5,20.0,28.1,161.0,130.0,IND,125,0,2023,2022-10-29,False
240.0,240.0,39.0,79.0,0.494,14.0,29.0,0.483,22.0,27.0,0.815,8.0,33.0,41.0,28.0,8.0,6.0,19.0,22.0,114.0,,,0.627,0.582,0.367,0.342,20.5,78.6,50.6,71.8,8.0,12.2,17.3,100.0,114.3,109.3,,,9.0,15.0,1.0,3.0,6.0,1.0,11.0,11.0,1.0,2.0,6.0,7.0,11.0,2.0,2.0,5.0,4.0,25.0,17.0,10.0,1.5,1.5,1.0,0.846,20.5,30.4,19.8,40.4,4.1,14.2,57.1,33.7,172.0,119.0,PHI,114,0,1,240.0,240.0,36.0,80.0,0.45,11.0,31.0,0.355,26.0,29.0,0.897,9.0,31.0,40.0,22.0,7.0,3.0,18.0,20.0,109.0,,,0.588,0.519,0.388,0.363,21.4,79.5,49.4,61.1,7.0,6.0,16.3,100.0,109.3,114.3,,,8.0,19.0,0.75,5.0,9.0,0.714,9.0,10.0,1.0,5.0,16.0,19.0,6.0,3.0,1.0,4.0,4.0,24.0,20.8,7.0,0.781,0.75,0.6,1.0,30.7,54.1,31.0,45.7,4.1,8.3,30.7,29.7,156.0,123.0,CHI,109,1,2023,2022-10-29,True
240.0,240.0,36.0,80.0,0.45,11.0,31.0,0.355,26.0,29.0,0.897,9.0,31.0,40.0,22.0,7.0,3.0,18.0,20.0,109.0,,,0.588,0.519,0.388,0.363,21.4,79.5,49.4,61.1,7.0,6.0,16.3,100.0,109.3,114.3,,,8.0,19.0,0.75,5.0,9.0,0.714,9.0,10.0,1.0,5.0,16.0,19.0,6.0,3.0,1.0,4.0,4.0,24.0,20.8,7.0,0.781,0.75,0.6,1.0,30.7,54.1,31.0,45.7,4.1,8.3,30.7,29.7,156.0,123.0,CHI,109,1,0,240.0,240.0,39.0,79.0,0.494,14.0,29.0,0.483,22.0,27.0,0.815,8.0,33.0,41.0,28.0,8.0,6.0,19.0,22.0,114.0,,,0.627,0.582,0.367,0.342,20.5,78.6,50.6,71.8,8.0,12.2,17.3,100.0,114.3,109.3,,,9.0,15.0,1.0,3.0,6.0,1.0,11.0,11.0,1.0,2.0,6.0,7.0,11.0,2.0,2.0,5.0,4.0,25.0,17.0,10.0,1.5,1.5,1.0,0.846,20.5,30.4,19.8,40.4,4.1,14.2,57.1,33.7,172.0,119.0,PHI,114,0,2023,2022-10-29,False
265.0,265.0,44.0,100.0,0.44,13.0,44.0,0.295,12.0,16.0,0.75,10.0,39.0,49.0,31.0,8.0,6.0,10.0,31.0,113.0,,,0.528,0.505,0.44,0.16,20.0,72.2,47.1,70.5,7.6,8.5,8.5,100.0,107.0,113.6,,,10.0,22.0,0.667,4.0,13.0,1.0,8.0,8.0,1.0,4.0,11.0,11.0,6.0,2.0,3.0,3.0,6.0,31.0,24.1,5.0,0.7,0.7,0.667,1.0,37.6,27.8,18.1,26.9,17.8,6.4,33.3,32.0,147.0,122.0,GSW,113,0,1,265.0,265.0,43.0,102.0,0.422,10.0,31.0,0.323,24.0,31.0,0.774,15.0,40.0,55.0,32.0,2.0,2.0,10.0,14.0,120.0,,,0.519,0.471,0.304,0.304,27.8,80.0,52.9,74.4,1.9,3.6,8.0,100.0,113.6,107.0,,,13.0,23.0,0.565,3.0,7.0,1.0,6.0,7.0,1.0,5.0,9.0,11.0,8.0,1.0,1.0,2.0,4.0,31.0,21.7,12.0,1.136,0.587,0.8,1.5,24.7,36.3,20.5,41.6,2.2,2.7,23.1,27.1,250.0,113.0,CHO,120,1,2023,2022-10-29,False
265.0,265.0,43.0,102.0,0.422,10.0,31.0,0.323,24.0,31.0,0.774,15.0,40.0,55.0,32.0,2.0,2.0,10.0,14.0,120.0,,,0.519,0.471,0.304,0.304,27.8,80.0,52.9,74.4,1.9,3.6,8.0,100.0,113.6,107.0,,,13.0,23.0,0.565,3.0,7.0,1.0,6.0,7.0,1.0,5.0,9.0,11.0,8.0,1.0,1.0,2.0,4.0,31.0,21.7,12.0,1.136,0.587,0.8,1.5,24.7,36.3,20.5,41.6,2.2,2.7,23.1,27.1,250.0,113.0,CHO,120,1,0,265.0,265.0,44.0,100.0,0.44,13.0,44.0,0.295,12.0,16.0,0.75,10.0,39.0,49.0,31.0,8.0,6.0,10.0,31.0,113.0,,,0.528,0.505,0.44,0.16,20.0,72.2,47.1,70.5,7.6,8.5,8.5,100.0,107.0,113.6,,,10.0,22.0,0.667,4.0,13.0,1.0,8.0,8.0,1.0,4.0,11.0,11.0,6.0,2.0,3.0,3.0,6.0,31.0,24.1,5.0,0.7,0.7,0.667,1.0,37.6,27.8,18.1,26.9,17.8,6.4,33.3,32.0,147.0,122.0,GSW,113,0,2023,2022-10-29,True
265.0,265.0,44.0,89.0,0.494,5.0,25.0,0.2,24.0,31.0,0.774,9.0,38.0,47.0,25.0,9.0,6.0,15.0,29.0,117.0,,,0.57,0.522,0.281,0.348,19.6,76.0,49.0,56.8,8.3,10.9,12.8,100.0,107.9,102.3,,,15.0,27.0,1.0,3.0,4.0,1.0,8.0,8.0,1.0,2.0,7.0,8.0,9.0,4.0,2.0,3.0,5.0,38.0,32.9,24.0,1.302,1.375,1.0,4.0,13.1,28.4,18.9,46.6,7.3,8.0,50.0,36.5,258.0,112.0,OKC,117,0,1,265.0,265.0,38.0,95.0,0.4,8.0,40.0,0.2,27.0,34.0,0.794,12.0,37.0,49.0,17.0,8.0,5.0,16.0,30.0,111.0,,,0.505,0.442,0.421,0.358,24.0,80.4,51.0,44.7,7.4,7.8,12.7,100.0,102.3,107.9,,,8.0,23.0,0.714,3.0,9.0,0.4,15.0,19.0,1.0,4.0,14.0,16.0,10.0,4.0,2.0,3.0,6.0,31.0,24.7,24.0,0.781,0.714,1.0,0.826,14.0,40.3,22.1,48.4,12.9,5.8,26.9,36.1,161.0,114.0,DAL,111,1,2023,2022-10-29,True
265.0,265.0,38.0,95.0,0.4,8.0,40.0,0.2,27.0,34.0,0.794,12.0,37.0,49.0,17.0,8.0,5.0,16.0,30.0,111.0,,,0.505,0.442,0.421,0.358,24.0,80.4,51.0,44.7,7.4,7.8,12.7,100.0,102.3,107.9,,,8.0,23.0,0.714,3.0,9.0,0.4,15.0,19.0,1.0,4.0,14.0,16.0,10.0,4.0,2.0,3.0,6.0,31.0,24.7,24.0,0.781,0.714,1.0,0.826,14.0,40.3,22.1,48.4,12.9,5.8,26.9,36.1,161.0,114.0,DAL,111,1,0,265.0,265.0,44.0,89.0,0.494,5.0,25.0,0.2,24.0,31.0,0.774,9.0,38.0,47.0,25.0,9.0,6.0,15.0,29.0,117.0,,,0.57,0.522,0.281,0.348,19.6,76.0,49.0,56.8,8.3,10.9,12.8,100.0,107.9,102.3,,,15.0,27.0,1.0,3.0,4.0,1.0,8.0,8.0,1.0,2.0,7.0,8.0,9.0,4.0,2.0,3.0,5.0,38.0,32.9,24.0,1.302,1.375,1.0,4.0,13.1,28.4,18.9,46.6,7.3,8.0,50.0,36.5,258.0,112.0,OKC,117,0,2023,2022-10-29,False
240.0,240.0,45.0,94.0,0.479,13.0,29.0,0.448,12.0,15.0,0.8,12.0,30.0,42.0,19.0,5.0,2.0,13.0,23.0,115.0,,,0.572,0.548,0.309,0.16,25.5,68.2,46.2,42.2,5.0,3.6,11.4,100.0,115.5,123.5,,,15.0,32.0,0.8,5.0,10.0,1.0,7.0,7.0,1.0,5.0,5.0,10.0,6.0,2.0,1.0,2.0,4.0,42.0,28.9,6.0,1.0,1.0,0.6,0.5,40.2,22.7,20.8,26.1,3.4,4.5,33.3,43.4,195.0,133.0,ATL,115,0,1,240.0,240.0,45.0,92.0,0.489,14.0,36.0,0.389,19.0,29.0,0.655,14.0,35.0,49.0,24.0,8.0,5.0,12.0,18.0,123.0,,,0.587,0.565,0.391,0.315,31.8,74.5,53.8,53.3,8.0,7.7,10.3,100.0,123.5,115.5,,,13.0,22.0,1.0,5.0,8.0,1.0,11.0,19.0,1.0,5.0,12.0,17.0,12.0,4.0,2.0,3.0,4.0,34.0,32.5,16.0,1.5,1.5,1.0,0.864,24.9,37.9,27.5,56.1,5.3,4.3,66.7,41.1,158.0,126.0,MIL,123,1,2023,2022-10-29,False
240.0,240.0,45.0,92.0,0.489,14.0,36.0,0.389,19.0,29.0,0.655,14.0,35.0,49.0,24.0,8.0,5.0,12.0,18.0,123.0,,,0.587,0.565,0.391,0.315,31.8,74.5,53.8,53.3,8.0,7.7,10.3,100.0,123.5,115.5,,,13.0,22.0,1.0,5.0,8.0,1.0,11.0,19.0,1.0,5.0,12.0,17.0,12.0,4.0,2.0,3.0,4.0,34.0,32.5,16.0,1.5,1.5,1.0,0.864,24.9,37.9,27.5,56.1,5.3,4.3,66.7,41.1,158.0,126.0,MIL,123,1,0,240.0,240.0,45.0,94.0,0.479,13.0,29.0,0.448,12.0,15.0,0.8,12.0,30.0,42.0,19.0,5.0,2.0,13.0,23.0,115.0,,,0.572,0.548,0.309,0.16,25.5,68.2,46.2,42.2,5.0,3.6,11.4,100.0,115.5,123.5,,,15.0,32.0,0.8,5.0,10.0,1.0,7.0,7.0,1.0,5.0,5.0,10.0,6.0,2.0,1.0,2.0,4.0,42.0,28.9,6.0,1.0,1.0,0.6,0.5,40.2,22.7,20.8,26.1,3.4,4.5,33.3,43.4,195.0,133.0,ATL,115,0,2023,2022-10-29,True
240.0,240.0,38.0,89.0,0.427,11.0,28.0,0.393,26.0,31.0,0.839,9.0,25.0,34.0,18.0,7.0,3.0,9.0,25.0,113.0,,,0.55,0.489,0.315,0.348,19.6,80.6,44.2,47.4,7.0,6.7,8.1,100.0,112.3,118.2,,,13.0,22.0,0.591,5.0,11.0,0.625,8.0,8.0,1.0,2.0,6.0,7.0,6.0,2.0,2.0,3.0,6.0,34.0,21.3,11.0,0.715,0.705,0.733,1.0,22.5,33.4,26.9,23.6,3.7,5.7,14.8,33.3,130.0,126.0,MIA,113,0,1,240.0,240.0,42.0,76.0,0.553,14.0,31.0,0.452,21.0,29.0,0.724,6.0,37.0,43.0,27.0,1.0,6.0,21.0,29.0,119.0,,,0.67,0.645,0.408,0.382,19.4,80.4,55.8,64.3,1.0,9.8,19.1,100.0,118.2,112.3,,,8.0,17.0,0.889,7.0,8.0,0.875,5.0,6.0,1.0,2.0,11.0,13.0,7.0,1.0,2.0,5.0,6.0,27.0,26.7,12.0,0.99,1.045,1.0,0.571,13.6,33.1,22.4,27.5,2.6,4.4,62.1,27.0,197.0,120.0,SAC,119,1,2023,2022-10-29,False
240.0,240.0,42.0,76.0,0.553,14.0,31.0,0.452,21.0,29.0,0.724,6.0,37.0,43.0,27.0,1.0,6.0,21.0,29.0,119.0,,,0.67,0.645,0.408,0.382,19.4,80.4,55.8,64.3,1.0,9.8,19.1,100.0,118.2,112.3,,,8.0,17.0,0.889,7.0,8.0,0.875,5.0,6.0,1.0,2.0,11.0,13.0,7.0,1.0,2.0,5.0,6.0,27.0,26.7,12.0,0.99,1.045,1.0,0.571,13.6,33.1,22.4,27.5,2.6,4.4,62.1,27.0,197.0,120.0,SAC,119,1,0,240.0,240.0,38.0,89.0,0.427,11.0,28.0,0.393,26.0,31.0,0.839,9.0,25.0,34.0,18.0,7.0,3.0,9.0,25.0,113.0,,,0.55,0.489,0.315,0.348,19.6,80.6,44.2,47.4,7.0,6.7,8.1,100.0,112.3,118.2,,,13.0,22.0,0.591,5.0,11.0,0.625,8.0,8.0,1.0,2.0,6.0,7.0,6.0,2.0,2.0,3.0,6.0,34.0,21.3,11.0,0.715,0.705,0.733,1.0,22.5,33.4,26.9,23.6,3.7,5.7,14.8,33.3,130.0,126.0,MIA,113,0,2023,2022-10-29,True
240.0,240.0,50.0,88.0,0.568,12.0,27.0,0.444,11.0,15.0,0.733,10.0,30.0,40.0,24.0,11.0,5.0,20.0,26.0,123.0,,,0.65,0.636,0.307,0.17,29.4,75.0,54.1,48.0,10.7,11.6,17.5,100.0,119.5,120.5,,,12.0,23.0,0.8,4.0,9.0,0.667,7.0,8.0,1.0,5.0,6.0,10.0,10.0,3.0,2.0,5.0,5.0,32.0,24.0,11.0,1.0,1.0,0.6,0.375,36.7,31.2,33.8,41.1,4.8,8.2,66.7,38.3,155.0,131.0,MEM,123,0,1,240.0,240.0,45.0,87.0,0.517,19.0,44.0,0.432,15.0,20.0,0.75,10.0,24.0,34.0,30.0,8.0,6.0,20.0,17.0,124.0,,,0.647,0.626,0.506,0.23,25.0,70.6,45.9,66.7,7.8,9.8,17.3,100.0,120.5,119.5,,,9.0,21.0,0.8,4.0,9.0,0.667,3.0,5.0,1.0,3.0,7.0,9.0,7.0,2.0,3.0,4.0,4.0,23.0,21.4,9.0,1.016,1.0,0.857,1.0,20.3,43.5,20.0,36.3,4.5,6.9,45.0,26.8,160.0,128.0,UTA,124,1,2023,2022-10-29,False
240.0,240.0,45.0,87.0,0.517,19.0,44.0,0.432,15.0,20.0,0.75,10.0,24.0,34.0,30.0,8.0,6.0,20.0,17.0,124.0,,,0.647,0.626,0.506,0.23,25.0,70.6,45.9,66.7,7.8,9.8,17.3,100.0,120.5,119.5,,,9.0,21.0,0.8,4.0,9.0,0.667,3.0,5.0,1.0,3.0,7.0,9.0,7.0,2.0,3.0,4.0,4.0,23.0,21.4,9.0,1.016,1.0,0.857,1.0,20.3,43.5,20.0,36.3,4.5,6.9,45.0,26.8,160.0,128.0,UTA,124,1,0,240.0,240.0,50.0,88.0,0.568,12.0,27.0,0.444,11.0,15.0,0.733,10.0,30.0,40.0,24.0,11.0,5.0,20.0,26.0,123.0,,,0.65,0.636,0.307,0.17,29.4,75.0,54.1,48.0,10.7,11.6,17.5,100.0,119.5,120.5,,,12.0,23.0,0.8,4.0,9.0,0.667,7.0,8.0,1.0,5.0,6.0,10.0,10.0,3.0,2.0,5.0,5.0,32.0,24.0,11.0,1.0,1.0,0.6,0.375,36.7,31.2,33.8,41.1,4.8,8.2,66.7,38.3,155.0,131.0,MEM,123,0,2023,2022-10-29,True
240.0,240.0,38.0,98.0,0.388,7.0,32.0,0.219,11.0,16.0,0.688,15.0,36.0,51.0,22.0,5.0,6.0,10.0,20.0,94.0,,,0.447,0.423,0.327,0.163,25.9,90.0,52.0,57.9,5.1,18.8,8.7,100.0,96.8,115.3,,,8.0,16.0,0.75,2.0,7.0,1.0,2.0,4.0,1.0,7.0,7.0,13.0,8.0,1.0,2.0,3.0,4.0,17.0,13.2,8.0,0.875,0.875,0.5,0.5,20.8,32.0,22.8,32.0,9.6,14.9,66.7,32.6,162.0,125.0,WAS,94,0,1,240.0,240.0,36.0,79.0,0.456,21.0,47.0,0.447,19.0,20.0,0.95,4.0,43.0,47.0,29.0,4.0,5.0,14.0,15.0,112.0,,,0.638,0.589,0.595,0.253,10.0,74.1,48.0,80.6,4.1,7.6,13.8,100.0,115.3,96.8,,,8.0,18.0,1.0,5.0,10.0,1.0,8.0,8.0,1.0,2.0,10.0,10.0,6.0,2.0,2.0,4.0,3.0,24.0,20.4,15.0,1.5,1.5,1.0,2.0,10.2,47.6,28.2,36.0,3.5,7.6,75.0,36.0,165.0,108.0,BOS,112,1,2023,2022-10-30,False
240.0,240.0,36.0,79.0,0.456,21.0,47.0,0.447,19.0,20.0,0.95,4.0,43.0,47.0,29.0,4.0,5.0,14.0,15.0,112.0,,,0.638,0.589,0.595,0.253,10.0,74.1,48.0,80.6,4.1,7.6,13.8,100.0,115.3,96.8,,,8.0,18.0,1.0,5.0,10.0,1.0,8.0,8.0,1.0,2.0,10.0,10.0,6.0,2.0,2.0,4.0,3.0,24.0,20.4,15.0,1.5,1.5,1.0,2.0,10.2,47.6,28.2,36.0,3.5,7.6,75.0,36.0,165.0,108.0,BOS,112,1,0,240.0,240.0,38.0,98.0,0.388,7.0,32.0,0.219,11.0,16.0,0.688,15.0,36.0,51.0,22.0,5.0,6.0,10.0,20.0,94.0,,,0.447,0.423,0.327,0.163,25.9,90.0,52.0,57.9,5.1,18.8,8.7,100.0,96.8,115.3,,,8.0,16.0,0.75,2.0,7.0,1.0,2.0,4.0,1.0,7.0,7.0,13.0,8.0,1.0,2.0,3.0,4.0,17.0,13.2,8.0,0.875,0.875,0.5,0.5,20.8,32.0,22.8,32.0,9.6,14.9,66.7,32.6,162.0,125.0,WAS,94,0,2023,2022-10-30,True
240.0,240.0,45.0,92.0,0.489,10.0,27.0,0.37,8.0,16.0,0.5,12.0,33.0,45.0,26.0,9.0,2.0,14.0,25.0,108.0,,,0.545,0.543,0.293,0.174,26.7,76.7,51.1,57.8,9.1,5.1,12.4,100.0,109.3,122.4,,,8.0,19.0,0.667,3.0,5.0,0.75,5.0,10.0,0.667,6.0,9.0,9.0,7.0,3.0,1.0,4.0,5.0,16.0,13.5,2.0,0.81,0.833,0.571,0.769,30.8,30.6,18.4,29.4,4.3,7.5,30.0,27.9,161.0,128.0,NYK,108,0,1,240.0,240.0,41.0,89.0,0.461,23.0,50.0,0.46,16.0,19.0,0.842,10.0,33.0,43.0,33.0,3.0,5.0,14.0,22.0,121.0,,,0.621,0.59,0.562,0.213,23.3,73.3,48.9,80.5,3.0,7.7,12.6,100.0,122.4,109.3,,,12.0,20.0,1.0,8.0,13.0,0.75,6.0,8.0,1.0,3.0,10.0,13.0,12.0,1.0,2.0,4.0,5.0,38.0,34.1,24.0,1.0,1.0,0.929,1.0,13.0,41.3,27.5,60.8,2.3,7.9,24.1,31.9,189.0,116.0,CLE,121,1,2023,2022-10-30,False
240.0,240.0,41.0,89.0,0.461,23.0,50.0,0.46,16.0,19.0,0.842,10.0,33.0,43.0,33.0,3.0,5.0,14.0,22.0,121.0,,,0.621,0.59,0.562,0.213,23.3,73.3,48.9,80.5,3.0,7.7,12.6,100.0,122.4,109.3,,,12.0,20.0,1.0,8.0,13.0,0.75,6.0,8.0,1.0,3.0,10.0,13.0,12.0,1.0,2.0,4.0,5.0,38.0,34.1,24.0,1.0,1.0,0.929,1.0,13.0,41.3,27.5,60.8,2.3,7.9,24.1,31.9,189.0,116.0,CLE,121,1,0,240.0,240.0,45.0,92.0,0.489,10.0,27.0,0.37,8.0,16.0,0.5,12.0,33.0,45.0,26.0,9.0,2.0,14.0,25.0,108.0,,,0.545,0.543,0.293,0.174,26.7,76.7,51.1,57.8,9.1,5.1,12.4,100.0,109.3,122.4,,,8.0,19.0,0.667,3.0,5.0,0.75,5.0,10.0,0.667,6.0,9.0,9.0,7.0,3.0,1.0,4.0,5.0,16.0,13.5,2.0,0.81,0.833,0.571,0.769,30.8,30.6,18.4,29.4,4.3,7.5,30.0,27.9,161.0,128.0,NYK,108,0,2023,2022-10-30,True
240.0,240.0,37.0,81.0,0.457,11.0,29.0,0.379,20.0,27.0,0.741,11.0,36.0,47.0,20.0,2.0,5.0,12.0,23.0,105.0,,,0.565,0.525,0.358,0.333,25.6,87.8,56.0,54.1,2.2,10.4,11.4,100.0,113.8,123.6,,,7.0,20.0,0.75,3.0,6.0,1.0,5.0,8.0,1.0,3.0,8.0,11.0,4.0,2.0,3.0,3.0,5.0,18.0,15.4,6.0,0.968,1.0,0.8,1.25,11.3,31.5,21.1,21.1,4.9,10.1,24.4,36.1,169.0,128.0,ORL,105,0,1,240.0,240.0,41.0,83.0,0.494,11.0,35.0,0.314,21.0,28.0,0.75,5.0,32.0,37.0,15.0,10.0,1.0,4.0,22.0,114.0,,,0.598,0.56,0.422,0.337,12.2,74.4,44.0,36.6,10.8,1.9,4.0,100.0,123.6,113.8,,,17.0,26.0,0.714,3.0,9.0,0.667,8.0,14.0,1.0,2.0,9.0,10.0,5.0,3.0,1.0,2.0,3.0,44.0,34.4,17.0,0.929,0.929,0.714,0.667,19.6,42.8,24.3,34.4,5.0,7.7,23.7,42.1,182.0,119.0,DAL,114,1,2023,2022-10-30,False
240.0,240.0,41.0,83.0,0.494,11.0,35.0,0.314,21.0,28.0,0.75,5.0,32.0,37.0,15.0,10.0,1.0,4.0,22.0,114.0,,,0.598,0.56,0.422,0.337,12.2,74.4,44.0,36.6,10.8,1.9,4.0,100.0,123.6,113.8,,,17.0,26.0,0.714,3.0,9.0,0.667,8.0,14.0,1.0,2.0,9.0,10.0,5.0,3.0,1.0,2.0,3.0,44.0,34.4,17.0,0.929,0.929,0.714,0.667,19.6,42.8,24.3,34.4,5.0,7.7,23.7,42.1,182.0,119.0,DAL,114,1,0,240.0,240.0,37.0,81.0,0.457,11.0,29.0,0.379,20.0,27.0,0.741,11.0,36.0,47.0,20.0,2.0,5.0,12.0,23.0,105.0,,,0.565,0.525,0.358,0.333,25.6,87.8,56.0,54.1,2.2,10.4,11.4,100.0,113.8,123.6,,,7.0,20.0,0.75,3.0,6.0,1.0,5.0,8.0,1.0,3.0,8.0,11.0,4.0,2.0,3.0,3.0,5.0,18.0,15.4,6.0,0.968,1.0,0.8,1.25,11.3,31.5,21.1,21.1,4.9,10.1,24.4,36.1,169.0,128.0,ORL,105,0,2023,2022-10-30,True
240.0,240.0,39.0,92.0,0.424,12.0,39.0,0.308,24.0,25.0,0.96,13.0,29.0,42.0,23.0,8.0,4.0,15.0,24.0,114.0,,,0.553,0.489,0.424,0.272,27.1,70.7,47.2,59.0,7.9,8.0,12.7,100.0,112.7,126.5,,,10.0,24.0,1.0,5.0,14.0,0.5,8.0,9.0,1.0,6.0,7.0,9.0,7.0,2.0,1.0,4.0,4.0,32.0,23.3,9.0,1.064,1.0,0.619,2.0,27.9,31.5,22.5,36.6,6.0,6.1,100.0,53.5,227.0,137.0,GSW,114,0,1,240.0,240.0,40.0,83.0,0.482,14.0,33.0,0.424,34.0,38.0,0.895,12.0,35.0,47.0,24.0,4.0,3.0,16.0,25.0,128.0,,,0.642,0.566,0.398,0.458,29.3,72.9,52.8,60.0,4.0,5.7,13.8,100.0,126.5,112.7,,,9.0,20.0,0.625,4.0,9.0,0.5,10.0,11.0,1.0,5.0,9.0,13.0,9.0,2.0,1.0,4.0,4.0,28.0,23.7,20.0,0.911,0.813,1.0,1.1,23.3,24.3,21.3,38.8,7.8,6.0,34.0,27.5,181.0,122.0,DET,128,1,2023,2022-10-30,False
240.0,240.0,40.0,83.0,0.482,14.0,33.0,0.424,34.0,38.0,0.895,12.0,35.0,47.0,24.0,4.0,3.0,16.0,25.0,128.0,,,0.642,0.566,0.398,0.458,29.3,72.9,52.8,60.0,4.0,5.7,13.8,100.0,126.5,112.7,,,9.0,20.0,0.625,4.0,9.0,0.5,10.0,11.0,1.0,5.0,9.0,13.0,9.0,2.0,1.0,4.0,4.0,28.0,23.7,20.0,0.911,0.813,1.0,1.1,23.3,24.3,21.3,38.8,7.8,6.0,34.0,27.5,181.0,122.0,DET,128,1,0,240.0,240.0,39.0,92.0,0.424,12.0,39.0,0.308,24.0,25.0,0.96,13.0,29.0,42.0,23.0,8.0,4.0,15.0,24.0,114.0,,,0.553,0.489,0.424,0.272,27.1,70.7,47.2,59.0,7.9,8.0,12.7,100.0,112.7,126.5,,,10.0,24.0,1.0,5.0,14.0,0.5,8.0,9.0,1.0,6.0,7.0,9.0,7.0,2.0,1.0,4.0,4.0,32.0,23.3,9.0,1.064,1.0,0.619,2.0,27.9,31.5,22.5,36.6,6.0,6.1,100.0,53.5,227.0,137.0,GSW,114,0,2023,2022-10-30,True
240.0,240.0,46.0,93.0,0.495,15.0,36.0,0.417,5.0,8.0,0.625,12.0,38.0,50.0,32.0,9.0,1.0,13.0,15.0,112.0,,,0.58,0.575,0.387,0.086,27.9,82.6,56.2,69.6,9.4,2.1,11.9,100.0,116.6,94.8,,,9.0,19.0,1.0,4.0,9.0,1.0,3.0,4.0,0.75,4.0,9.0,12.0,7.0,2.0,1.0,3.0,3.0,22.0,21.6,21.0,1.0,1.0,1.0,0.667,12.0,35.9,21.2,34.5,6.1,12.1,27.9,29.2,210.0,106.0,NOP,112,0,1,240.0,240.0,36.0,86.0,0.419,11.0,39.0,0.282,8.0,13.0,0.615,8.0,31.0,39.0,24.0,3.0,6.0,15.0,15.0,91.0,,,0.496,0.483,0.453,0.151,17.4,72.1,43.8,66.7,3.1,10.5,14.1,100.0,94.8,116.6,,,7.0,19.0,1.0,3.0,8.0,1.0,4.0,4.0,1.0,2.0,8.0,8.0,6.0,1.0,2.0,4.0,4.0,18.0,12.7,-2.0,1.0,1.0,0.8,0.8,9.6,32.8,15.8,43.0,1.9,7.9,33.3,40.2,137.0,127.0,LAC,91,1,2023,2022-10-30,True
240.0,240.0,36.0,86.0,0.419,11.0,39.0,0.282,8.0,13.0,0.615,8.0,31.0,39.0,24.0,3.0,6.0,15.0,15.0,91.0,,,0.496,0.483,0.453,0.151,17.4,72.1,43.8,66.7,3.1,10.5,14.1,100.0,94.8,116.6,,,7.0,19.0,1.0,3.0,8.0,1.0,4.0,4.0,1.0,2.0,8.0,8.0,6.0,1.0,2.0,4.0,4.0,18.0,12.7,-2.0,1.0,1.0,0.8,0.8,9.6,32.8,15.8,43.0,1.9,7.9,33.3,40.2,137.0,127.0,LAC,91,1,0,240.0,240.0,46.0,93.0,0.495,15.0,36.0,0.417,5.0,8.0,0.625,12.0,38.0,50.0,32.0,9.0,1.0,13.0,15.0,112.0,,,0.58,0.575,0.387,0.086,27.9,82.6,56.2,69.6,9.4,2.1,11.9,100.0,116.6,94.8,,,9.0,19.0,1.0,4.0,9.0,1.0,3.0,4.0,0.75,4.0,9.0,12.0,7.0,2.0,1.0,3.0,3.0,22.0,21.6,21.0,1.0,1.0,1.0,0.667,12.0,35.9,21.2,34.5,6.1,12.1,27.9,29.2,210.0,106.0,NOP,112,0,2023,2022-10-30,False
240.0,240.0,41.0,96.0,0.427,15.0,40.0,0.375,13.0,18.0,0.722,13.0,35.0,48.0,24.0,3.0,8.0,9.0,15.0,110.0,,,0.529,0.505,0.417,0.188,25.5,72.9,48.5,58.5,3.1,12.1,8.0,100.0,112.4,123.7,,,9.0,21.0,1.0,3.0,10.0,0.75,6.0,7.0,0.857,4.0,10.0,14.0,6.0,1.0,2.0,3.0,4.0,23.0,24.0,17.0,0.868,1.0,0.667,1.0,15.5,33.0,24.0,27.9,4.1,12.0,25.0,29.7,184.0,132.0,DEN,110,0,1,240.0,240.0,46.0,96.0,0.479,13.0,30.0,0.433,16.0,20.0,0.8,13.0,38.0,51.0,24.0,5.0,5.0,9.0,17.0,121.0,,,0.577,0.547,0.313,0.208,27.1,74.5,51.5,52.2,5.1,8.9,7.9,100.0,123.7,112.4,,,10.0,22.0,0.556,3.0,5.0,1.0,4.0,5.0,1.0,6.0,9.0,15.0,8.0,1.0,2.0,3.0,3.0,26.0,20.8,18.0,0.75,0.75,0.8,0.5,16.3,23.0,19.8,34.4,1.9,38.7,17.9,33.4,150.0,123.0,LAL,121,1,2023,2022-10-30,False
240.0,240.0,46.0,96.0,0.479,13.0,30.0,0.433,16.0,20.0,0.8,13.0,38.0,51.0,24.0,5.0,5.0,9.0,17.0,121.0,,,0.577,0.547,0.313,0.208,27.1,74.5,51.5,52.2,5.1,8.9,7.9,100.0,123.7,112.4,,,10.0,22.0,0.556,3.0,5.0,1.0,4.0,5.0,1.0,6.0,9.0,15.0,8.0,1.0,2.0,3.0,3.0,26.0,20.8,18.0,0.75,0.75,0.8,0.5,16.3,23.0,19.8,34.4,1.9,38.7,17.9,33.4,150.0,123.0,LAL,121,1,0,240.0,240.0,41.0,96.0,0.427,15.0,40.0,0.375,13.0,18.0,0.722,13.0,35.0,48.0,24.0,3.0,8.0,9.0,15.0,110.0,,,0.529,0.505,0.417,0.188,25.5,72.9,48.5,58.5,3.1,12.1,8.0,100.0,112.4,123.7,,,9.0,21.0,1.0,3.0,10.0,0.75,6.0,7.0,0.857,4.0,10.0,14.0,6.0,1.0,2.0,3.0,4.0,23.0,24.0,17.0,0.868,1.0,0.667,1.0,15.5,33.0,24.0,27.9,4.1,12.0,25.0,29.7,184.0,132.0,DEN,110,0,2023,2022-10-30,True
240.0,240.0,38.0,87.0,0.437,11.0,34.0,0.324,22.0,26.0,0.846,17.0,32.0,49.0,18.0,7.0,1.0,15.0,25.0,109.0,,,0.554,0.5,0.391,0.299,39.5,76.2,57.6,47.4,7.4,2.3,13.2,100.0,114.9,130.7,,,7.0,18.0,1.0,2.0,7.0,1.0,11.0,14.0,1.0,4.0,7.0,9.0,6.0,1.0,1.0,3.0,4.0,26.0,21.5,-1.0,1.5,1.5,1.0,0.824,26.9,36.7,31.8,29.6,4.3,4.4,60.0,29.8,256.0,137.0,HOU,109,0,1,240.0,240.0,45.0,84.0,0.536,12.0,40.0,0.3,22.0,30.0,0.733,10.0,26.0,36.0,29.0,9.0,8.0,12.0,22.0,124.0,,,0.638,0.607,0.476,0.357,23.8,60.5,42.4,64.4,9.5,15.1,11.0,100.0,130.7,114.9,,,14.0,24.0,1.0,5.0,11.0,0.667,5.0,5.0,1.0,5.0,7.0,7.0,15.0,4.0,5.0,3.0,5.0,30.0,22.7,19.0,1.0,1.0,1.0,5.0,24.4,25.4,16.9,57.1,12.1,20.6,50.0,43.6,200.0,128.0,PHO,124,1,2023,2022-10-30,False
240.0,240.0,45.0,84.0,0.536,12.0,40.0,0.3,22.0,30.0,0.733,10.0,26.0,36.0,29.0,9.0,8.0,12.0,22.0,124.0,,,0.638,0.607,0.476,0.357,23.8,60.5,42.4,64.4,9.5,15.1,11.0,100.0,130.7,114.9,,,14.0,24.0,1.0,5.0,11.0,0.667,5.0,5.0,1.0,5.0,7.0,7.0,15.0,4.0,5.0,3.0,5.0,30.0,22.7,19.0,1.0,1.0,1.0,5.0,24.4,25.4,16.9,57.1,12.1,20.6,50.0,43.6,200.0,128.0,PHO,124,1,0,240.0,240.0,38.0,87.0,0.437,11.0,34.0,0.324,22.0,26.0,0.846,17.0,32.0,49.0,18.0,7.0,1.0,15.0,25.0,109.0,,,0.554,0.5,0.391,0.299,39.5,76.2,57.6,47.4,7.4,2.3,13.2,100.0,114.9,130.7,,,7.0,18.0,1.0,2.0,7.0,1.0,11.0,14.0,1.0,4.0,7.0,9.0,6.0,1.0,1.0,3.0,4.0,26.0,21.5,-1.0,1.5,1.5,1.0,0.824,26.9,36.7,31.8,29.6,4.3,4.4,60.0,29.8,256.0,137.0,HOU,109,0,2023,2022-10-30,True
240.0,240.0,40.0,99.0,0.404,4.0,29.0,0.138,14.0,20.0,0.7,16.0,29.0,45.0,21.0,11.0,7.0,11.0,23.0,98.0,,,0.455,0.424,0.293,0.202,29.6,67.4,46.4,52.5,11.1,15.2,9.3,100.0,99.1,108.1,,,10.0,19.0,0.8,1.0,7.0,0.5,5.0,8.0,1.0,6.0,8.0,12.0,6.0,3.0,2.0,3.0,4.0,26.0,21.0,12.0,1.136,0.9,0.412,0.421,19.5,26.8,21.7,38.4,5.7,7.6,20.2,33.1,226.0,122.0,MIN,98,0,1,240.0,240.0,36.0,86.0,0.419,16.0,40.0,0.4,19.0,25.0,0.76,14.0,38.0,52.0,27.0,6.0,7.0,20.0,21.0,107.0,,,0.552,0.512,0.465,0.291,32.6,70.4,53.6,75.0,6.1,10.0,17.1,100.0,108.1,99.1,,,8.0,16.0,1.0,7.0,14.0,0.5,5.0,7.0,1.0,4.0,13.0,14.0,8.0,2.0,3.0,5.0,5.0,25.0,21.4,21.0,1.0,1.0,1.0,1.333,51.7,41.2,45.9,39.0,2.9,6.1,60.0,38.2,130.0,108.0,SAS,107,1,2023,2022-10-30,False
240.0,240.0,36.0,86.0,0.419,16.0,40.0,0.4,19.0,25.0,0.76,14.0,38.0,52.0,27.0,6.0,7.0,20.0,21.0,107.0,,,0.552,0.512,0.465,0.291,32.6,70.4,53.6,75.0,6.1,10.0,17.1,100.0,108.1,99.1,,,8.0,16.0,1.0,7.0,14.0,0.5,5.0,7.0,1.0,4.0,13.0,14.0,8.0,2.0,3.0,5.0,5.0,25.0,21.4,21.0,1.0,1.0,1.0,1.333,51.7,41.2,45.9,39.0,2.9,6.1,60.0,38.2,130.0,108.0,SAS,107,1,0,240.0,240.0,40.0,99.0,0.404,4.0,29.0,0.138,14.0,20.0,0.7,16.0,29.0,45.0,21.0,11.0,7.0,11.0,23.0,98.0,,,0.455,0.424,0.293,0.202,29.6,67.4,46.4,52.5,11.1,15.2,9.3,100.0,99.1,108.1,,,10.0,19.0,0.8,1.0,7.0,0.5,5.0,8.0,1.0,6.0,8.0,12.0,6.0,3.0,2.0,3.0,4.0,26.0,21.0,12.0,1.136,0.9,0.412,0.421,19.5,26.8,21.7,38.4,5.7,7.6,20.2,33.1,226.0,122.0,MIN,98,0,2023,2022-10-30,True
240.0,240.0,41.0,87.0,0.471,11.0,39.0,0.282,16.0,23.0,0.696,10.0,28.0,38.0,23.0,11.0,5.0,24.0,24.0,109.0,,,0.561,0.534,0.448,0.264,23.3,82.4,49.4,56.1,10.5,10.0,19.8,100.0,103.9,110.6,,,10.0,16.0,0.667,5.0,10.0,0.5,5.0,6.0,1.0,3.0,7.0,8.0,7.0,2.0,2.0,7.0,6.0,30.0,22.6,14.0,0.85,0.833,1.0,0.75,26.4,36.1,24.5,35.2,6.8,14.2,50.0,30.9,148.0,121.0,IND,109,0,1,240.0,240.0,43.0,80.0,0.538,11.0,30.0,0.367,19.0,20.0,0.95,6.0,33.0,39.0,26.0,11.0,9.0,20.0,18.0,116.0,,,0.653,0.606,0.375,0.25,17.6,76.7,50.6,60.5,10.5,18.8,18.4,100.0,110.6,103.9,,,13.0,22.0,1.0,4.0,11.0,0.5,8.0,8.0,1.0,3.0,9.0,9.0,7.0,3.0,4.0,4.0,4.0,36.0,31.3,17.0,1.0,1.0,1.0,1.0,13.6,25.7,18.1,31.8,8.2,12.9,60.0,32.5,134.0,114.0,BRK,116,1,2023,2022-10-31,False
240.0,240.0,43.0,80.0,0.538,11.0,30.0,0.367,19.0,20.0,0.95,6.0,33.0,39.0,26.0,11.0,9.0,20.0,18.0,116.0,,,0.653,0.606,0.375,0.25,17.6,76.7,50.6,60.5,10.5,18.8,18.4,100.0,110.6,103.9,,,13.0,22.0,1.0,4.0,11.0,0.5,8.0,8.0,1.0,3.0,9.0,9.0,7.0,3.0,4.0,4.0,4.0,36.0,31.3,17.0,1.0,1.0,1.0,1.0,13.6,25.7,18.1,31.8,8.2,12.9,60.0,32.5,134.0,114.0,BRK,116,1,0,240.0,240.0,41.0,87.0,0.471,11.0,39.0,0.282,16.0,23.0,0.696,10.0,28.0,38.0,23.0,11.0,5.0,24.0,24.0,109.0,,,0.561,0.534,0.448,0.264,23.3,82.4,49.4,56.1,10.5,10.0,19.8,100.0,103.9,110.6,,,10.0,16.0,0.667,5.0,10.0,0.5,5.0,6.0,1.0,3.0,7.0,8.0,7.0,2.0,2.0,7.0,6.0,30.0,22.6,14.0,0.85,0.833,1.0,0.75,26.4,36.1,24.5,35.2,6.8,14.2,50.0,30.9,148.0,121.0,IND,109,0,2023,2022-10-31,True
240.0,240.0,37.0,85.0,0.435,17.0,44.0,0.386,24.0,28.0,0.857,10.0,32.0,42.0,26.0,8.0,4.0,19.0,19.0,115.0,,,0.591,0.535,0.518,0.329,23.8,84.2,52.5,70.3,7.7,7.3,16.3,100.0,111.3,104.5,,,9.0,16.0,1.0,5.0,10.0,0.833,8.0,8.0,1.0,4.0,12.0,16.0,7.0,3.0,2.0,5.0,6.0,26.0,22.4,15.0,1.045,1.045,1.0,2.0,25.5,48.5,30.7,56.1,4.5,8.3,50.0,38.1,185.0,113.0,SAC,115,0,1,240.0,240.0,43.0,84.0,0.512,14.0,29.0,0.483,8.0,14.0,0.571,6.0,32.0,38.0,31.0,11.0,6.0,21.0,26.0,108.0,,,0.599,0.595,0.345,0.167,15.8,76.2,47.5,72.1,10.6,14.6,18.9,100.0,104.5,111.3,,,12.0,21.0,0.833,4.0,8.0,0.75,5.0,5.0,1.0,2.0,8.0,10.0,8.0,6.0,2.0,4.0,5.0,28.0,19.9,12.0,0.75,0.833,0.75,0.833,9.0,32.5,21.3,32.7,7.6,10.3,100.0,28.5,122.0,123.0,CHO,108,1,2023,2022-10-31,True
240.0,240.0,43.0,84.0,0.512,14.0,29.0,0.483,8.0,14.0,0.571,6.0,32.0,38.0,31.0,11.0,6.0,21.0,26.0,108.0,,,0.599,0.595,0.345,0.167,15.8,76.2,47.5,72.1,10.6,14.6,18.9,100.0,104.5,111.3,,,12.0,21.0,0.833,4.0,8.0,0.75,5.0,5.0,1.0,2.0,8.0,10.0,8.0,6.0,2.0,4.0,5.0,28.0,19.9,12.0,0.75,0.833,0.75,0.833,9.0,32.5,21.3,32.7,7.6,10.3,100.0,28.5,122.0,123.0,CHO,108,1,0,240.0,240.0,37.0,85.0,0.435,17.0,44.0,0.386,24.0,28.0,0.857,10.0,32.0,42.0,26.0,8.0,4.0,19.0,19.0,115.0,,,0.591,0.535,0.518,0.329,23.8,84.2,52.5,70.3,7.7,7.3,16.3,100.0,111.3,104.5,,,9.0,16.0,1.0,5.0,10.0,0.833,8.0,8.0,1.0,4.0,12.0,16.0,7.0,3.0,2.0,5.0,6.0,26.0,22.4,15.0,1.045,1.045,1.0,2.0,25.5,48.5,30.7,56.1,4.5,8.3,50.0,38.1,185.0,113.0,SAC,115,0,2023,2022-10-31,False
240.0,240.0,34.0,88.0,0.386,8.0,28.0,0.286,17.0,23.0,0.739,7.0,37.0,44.0,17.0,9.0,8.0,15.0,16.0,93.0,,,0.474,0.432,0.318,0.261,15.6,82.2,48.9,50.0,8.9,15.7,13.3,100.0,92.3,94.3,,,9.0,17.0,0.529,2.0,8.0,0.5,6.0,7.0,1.0,2.0,7.0,9.0,5.0,2.0,2.0,2.0,3.0,23.0,16.2,14.0,0.75,0.75,1.0,0.75,20.4,61.3,40.9,35.9,5.2,9.0,33.3,32.4,224.0,107.0,HOU,93,0,1,240.0,240.0,37.0,87.0,0.425,9.0,36.0,0.25,12.0,17.0,0.706,8.0,38.0,46.0,23.0,7.0,10.0,14.0,18.0,95.0,,,0.503,0.477,0.414,0.195,17.8,84.4,51.1,62.2,6.9,16.7,12.9,100.0,94.3,92.3,,,15.0,26.0,0.75,5.0,10.0,0.5,4.0,6.0,1.0,2.0,11.0,12.0,8.0,6.0,4.0,3.0,5.0,35.0,33.9,16.0,0.752,0.75,0.75,4.0,23.4,37.1,23.4,56.1,7.6,10.1,40.0,34.6,142.0,103.0,LAC,95,1,2023,2022-10-31,False
240.0,240.0,37.0,87.0,0.425,9.0,36.0,0.25,12.0,17.0,0.706,8.0,38.0,46.0,23.0,7.0,10.0,14.0,18.0,95.0,,,0.503,0.477,0.414,0.195,17.8,84.4,51.1,62.2,6.9,16.7,12.9,100.0,94.3,92.3,,,15.0,26.0,0.75,5.0,10.0,0.5,4.0,6.0,1.0,2.0,11.0,12.0,8.0,6.0,4.0,3.0,5.0,35.0,33.9,16.0,0.752,0.75,0.75,4.0,23.4,37.1,23.4,56.1,7.6,10.1,40.0,34.6,142.0,103.0,LAC,95,1,0,240.0,240.0,34.0,88.0,0.386,8.0,28.0,0.286,17.0,23.0,0.739,7.0,37.0,44.0,17.0,9.0,8.0,15.0,16.0,93.0,,,0.474,0.432,0.318,0.261,15.6,82.2,48.9,50.0,8.9,15.7,13.3,100.0,92.3,94.3,,,9.0,17.0,0.529,2.0,8.0,0.5,6.0,7.0,1.0,2.0,7.0,9.0,5.0,2.0,2.0,2.0,3.0,23.0,16.2,14.0,0.75,0.75,1.0,0.75,20.4,61.3,40.9,35.9,5.2,9.0,33.3,32.4,224.0,107.0,HOU,93,0,2023,2022-10-31,True
240.0,240.0,41.0,92.0,0.446,8.0,29.0,0.276,18.0,21.0,0.857,13.0,30.0,43.0,19.0,9.0,3.0,12.0,24.0,108.0,,,0.533,0.489,0.315,0.228,26.5,68.2,46.2,46.3,9.2,6.4,10.6,100.0,110.3,112.3,,,11.0,23.0,0.563,3.0,9.0,0.5,5.0,6.0,1.0,5.0,6.0,11.0,7.0,2.0,1.0,5.0,5.0,27.0,18.6,12.0,0.75,0.75,1.0,0.667,16.6,26.4,19.2,34.8,3.7,5.5,20.0,33.6,153.0,120.0,DET,108,0,1,240.0,240.0,38.0,87.0,0.437,11.0,40.0,0.275,23.0,29.0,0.793,14.0,36.0,50.0,20.0,5.0,5.0,16.0,21.0,110.0,,,0.551,0.5,0.46,0.333,31.8,73.5,53.8,52.6,5.1,7.9,13.8,100.0,112.3,110.3,,,12.0,23.0,0.625,5.0,11.0,0.5,7.0,9.0,1.0,4.0,9.0,12.0,10.0,2.0,2.0,4.0,5.0,31.0,23.0,12.0,0.781,0.688,1.0,1.333,13.6,31.8,22.3,44.4,4.1,20.8,66.7,40.5,143.0,119.0,MIL,110,1,2023,2022-10-31,False
240.0,240.0,38.0,87.0,0.437,11.0,40.0,0.275,23.0,29.0,0.793,14.0,36.0,50.0,20.0,5.0,5.0,16.0,21.0,110.0,,,0.551,0.5,0.46,0.333,31.8,73.5,53.8,52.6,5.1,7.9,13.8,100.0,112.3,110.3,,,12.0,23.0,0.625,5.0,11.0,0.5,7.0,9.0,1.0,4.0,9.0,12.0,10.0,2.0,2.0,4.0,5.0,31.0,23.0,12.0,0.781,0.688,1.0,1.333,13.6,31.8,22.3,44.4,4.1,20.8,66.7,40.5,143.0,119.0,MIL,110,1,0,240.0,240.0,41.0,92.0,0.446,8.0,29.0,0.276,18.0,21.0,0.857,13.0,30.0,43.0,19.0,9.0,3.0,12.0,24.0,108.0,,,0.533,0.489,0.315,0.228,26.5,68.2,46.2,46.3,9.2,6.4,10.6,100.0,110.3,112.3,,,11.0,23.0,0.563,3.0,9.0,0.5,5.0,6.0,1.0,5.0,6.0,11.0,7.0,2.0,1.0,5.0,5.0,27.0,18.6,12.0,0.75,0.75,1.0,0.667,16.6,26.4,19.2,34.8,3.7,5.5,20.0,33.6,153.0,120.0,DET,108,0,2023,2022-10-31,True
240.0,240.0,39.0,84.0,0.464,11.0,29.0,0.379,20.0,25.0,0.8,7.0,30.0,37.0,28.0,1.0,4.0,18.0,27.0,109.0,,,0.574,0.53,0.345,0.298,17.9,71.4,45.7,71.8,1.0,6.9,15.9,100.0,106.7,136.1,,,7.0,15.0,0.857,3.0,6.0,1.0,7.0,8.0,1.0,3.0,9.0,12.0,10.0,1.0,2.0,10.0,6.0,20.0,14.6,5.0,0.833,0.857,1.0,4.0,12.5,36.1,24.0,50.6,1.5,10.2,37.7,34.7,146.0,143.0,ATL,109,0,1,240.0,240.0,46.0,92.0,0.5,14.0,34.0,0.412,33.0,40.0,0.825,12.0,32.0,44.0,25.0,13.0,9.0,7.0,22.0,139.0,,,0.634,0.576,0.37,0.435,28.6,82.1,54.3,54.3,12.7,16.4,6.0,100.0,136.1,106.7,,,8.0,21.0,1.0,5.0,9.0,1.0,13.0,16.0,1.0,3.0,9.0,12.0,8.0,6.0,3.0,2.0,5.0,31.0,27.5,31.0,1.33,1.5,1.0,2.0,25.1,45.9,22.1,32.0,10.4,16.8,19.4,33.1,253.0,118.0,TOR,139,1,2023,2022-10-31,False
240.0,240.0,46.0,92.0,0.5,14.0,34.0,0.412,33.0,40.0,0.825,12.0,32.0,44.0,25.0,13.0,9.0,7.0,22.0,139.0,,,0.634,0.576,0.37,0.435,28.6,82.1,54.3,54.3,12.7,16.4,6.0,100.0,136.1,106.7,,,8.0,21.0,1.0,5.0,9.0,1.0,13.0,16.0,1.0,3.0,9.0,12.0,8.0,6.0,3.0,2.0,5.0,31.0,27.5,31.0,1.33,1.5,1.0,2.0,25.1,45.9,22.1,32.0,10.4,16.8,19.4,33.1,253.0,118.0,TOR,139,1,0,240.0,240.0,39.0,84.0,0.464,11.0,29.0,0.379,20.0,25.0,0.8,7.0,30.0,37.0,28.0,1.0,4.0,18.0,27.0,109.0,,,0.574,0.53,0.345,0.298,17.9,71.4,45.7,71.8,1.0,6.9,15.9,100.0,106.7,136.1,,,7.0,15.0,0.857,3.0,6.0,1.0,7.0,8.0,1.0,3.0,9.0,12.0,10.0,1.0,2.0,10.0,6.0,20.0,14.6,5.0,0.833,0.857,1.0,4.0,12.5,36.1,24.0,50.6,1.5,10.2,37.7,34.7,146.0,143.0,ATL,109,0,2023,2022-10-31,True
240.0,240.0,38.0,92.0,0.413,6.0,26.0,0.231,23.0,42.0,0.548,18.0,34.0,52.0,14.0,8.0,4.0,16.0,17.0,105.0,,,0.475,0.446,0.283,0.457,32.7,75.6,52.0,36.8,7.7,9.5,12.7,100.0,101.3,116.7,,,12.0,18.0,0.75,3.0,7.0,0.5,12.0,15.0,1.0,4.0,7.0,9.0,4.0,3.0,1.0,5.0,4.0,37.0,28.9,4.0,0.752,0.75,0.667,1.75,18.7,45.7,30.9,37.1,10.0,6.2,47.4,47.8,144.0,127.0,MEM,105,0,1,240.0,240.0,42.0,89.0,0.472,19.0,47.0,0.404,18.0,22.0,0.818,11.0,37.0,48.0,26.0,10.0,6.0,16.0,30.0,121.0,,,0.613,0.579,0.528,0.247,24.4,67.3,48.0,61.9,9.6,9.1,14.0,100.0,116.7,101.3,,,11.0,15.0,0.733,5.0,9.0,0.714,5.0,6.0,1.0,4.0,7.0,11.0,7.0,4.0,4.0,3.0,6.0,31.0,31.8,19.0,0.879,0.867,1.0,0.571,13.5,79.7,43.9,30.3,14.2,9.2,50.0,31.9,176.0,110.0,UTA,121,1,2023,2022-10-31,False
240.0,240.0,42.0,89.0,0.472,19.0,47.0,0.404,18.0,22.0,0.818,11.0,37.0,48.0,26.0,10.0,6.0,16.0,30.0,121.0,,,0.613,0.579,0.528,0.247,24.4,67.3,48.0,61.9,9.6,9.1,14.0,100.0,116.7,101.3,,,11.0,15.0,0.733,5.0,9.0,0.714,5.0,6.0,1.0,4.0,7.0,11.0,7.0,4.0,4.0,3.0,6.0,31.0,31.8,19.0,0.879,0.867,1.0,0.571,13.5,79.7,43.9,30.3,14.2,9.2,50.0,31.9,176.0,110.0,UTA,121,1,0,240.0,240.0,38.0,92.0,0.413,6.0,26.0,0.231,23.0,42.0,0.548,18.0,34.0,52.0,14.0,8.0,4.0,16.0,17.0,105.0,,,0.475,0.446,0.283,0.457,32.7,75.6,52.0,36.8,7.7,9.5,12.7,100.0,101.3,116.7,,,12.0,18.0,0.75,3.0,7.0,0.5,12.0,15.0,1.0,4.0,7.0,9.0,4.0,3.0,1.0,5.0,4.0,37.0,28.9,4.0,0.752,0.75,0.667,1.75,18.7,45.7,30.9,37.1,10.0,6.2,47.4,47.8,144.0,127.0,MEM,105,0,2023,2022-10-31,True
240.0,240.0,46.0,83.0,0.554,12.0,30.0,0.4,14.0,20.0,0.7,4.0,33.0,37.0,26.0,14.0,3.0,14.0,20.0,118.0,,,0.643,0.627,0.361,0.241,11.1,78.6,47.4,56.5,14.1,5.4,13.2,100.0,119.1,112.0,,,12.0,22.0,0.75,4.0,7.0,0.571,5.0,7.0,1.0,2.0,7.0,7.0,17.0,4.0,2.0,4.0,3.0,28.0,25.1,10.0,1.136,0.813,1.0,2.0,17.8,34.7,18.7,60.6,20.0,12.6,66.7,34.4,243.0,121.0,PHI,118,0,1,240.0,240.0,38.0,81.0,0.469,10.0,25.0,0.4,25.0,26.0,0.962,9.0,32.0,41.0,22.0,8.0,4.0,16.0,18.0,111.0,,,0.6,0.531,0.309,0.321,21.4,88.9,52.6,57.9,8.1,7.5,14.8,100.0,112.0,119.1,,,10.0,18.0,0.6,3.0,7.0,1.0,9.0,9.0,1.0,4.0,6.0,9.0,6.0,3.0,1.0,4.0,3.0,32.0,31.3,8.0,1.136,0.7,0.5,1.0,13.2,37.2,20.6,29.7,5.5,5.4,51.0,29.6,250.0,127.0,WAS,111,1,2023,2022-10-31,True
240.0,240.0,38.0,81.0,0.469,10.0,25.0,0.4,25.0,26.0,0.962,9.0,32.0,41.0,22.0,8.0,4.0,16.0,18.0,111.0,,,0.6,0.531,0.309,0.321,21.4,88.9,52.6,57.9,8.1,7.5,14.8,100.0,112.0,119.1,,,10.0,18.0,0.6,3.0,7.0,1.0,9.0,9.0,1.0,4.0,6.0,9.0,6.0,3.0,1.0,4.0,3.0,32.0,31.3,8.0,1.136,0.7,0.5,1.0,13.2,37.2,20.6,29.7,5.5,5.4,51.0,29.6,250.0,127.0,WAS,111,1,0,240.0,240.0,46.0,83.0,0.554,12.0,30.0,0.4,14.0,20.0,0.7,4.0,33.0,37.0,26.0,14.0,3.0,14.0,20.0,118.0,,,0.643,0.627,0.361,0.241,11.1,78.6,47.4,56.5,14.1,5.4,13.2,100.0,119.1,112.0,,,12.0,22.0,0.75,4.0,7.0,0.571,5.0,7.0,1.0,2.0,7.0,7.0,17.0,4.0,2.0,4.0,3.0,28.0,25.1,10.0,1.136,0.813,1.0,2.0,17.8,34.7,18.7,60.6,20.0,12.6,66.7,34.4,243.0,121.0,PHI,118,0,2023,2022-10-31,False
240.0,240.0,39.0,89.0,0.438,12.0,30.0,0.4,18.0,21.0,0.857,11.0,33.0,44.0,20.0,8.0,4.0,10.0,13.0,108.0,,,0.55,0.506,0.337,0.236,24.4,89.2,53.7,51.3,8.4,9.5,9.2,100.0,114.0,104.5,,,10.0,21.0,0.636,5.0,11.0,0.667,4.0,4.0,1.0,3.0,12.0,15.0,5.0,3.0,2.0,3.0,2.0,29.0,21.3,12.0,0.768,0.75,0.75,0.5,19.9,48.8,27.5,24.7,4.7,7.6,21.6,31.9,143.0,111.0,CHI,108,0,1,240.0,240.0,36.0,74.0,0.486,12.0,32.0,0.375,15.0,19.0,0.789,4.0,34.0,38.0,27.0,4.0,7.0,18.0,20.0,99.0,,,0.601,0.568,0.432,0.257,10.8,75.6,46.3,75.0,4.2,11.9,17.9,100.0,104.5,114.0,,,9.0,16.0,1.0,4.0,7.0,0.667,12.0,12.0,1.0,2.0,10.0,10.0,7.0,2.0,2.0,7.0,4.0,32.0,25.5,6.0,0.868,1.0,0.875,1.0,9.3,30.8,16.9,34.5,5.4,5.9,34.2,35.6,158.0,124.0,BRK,99,1,2023,2022-11-01,True
240.0,240.0,36.0,74.0,0.486,12.0,32.0,0.375,15.0,19.0,0.789,4.0,34.0,38.0,27.0,4.0,7.0,18.0,20.0,99.0,,,0.601,0.568,0.432,0.257,10.8,75.6,46.3,75.0,4.2,11.9,17.9,100.0,104.5,114.0,,,9.0,16.0,1.0,4.0,7.0,0.667,12.0,12.0,1.0,2.0,10.0,10.0,7.0,2.0,2.0,7.0,4.0,32.0,25.5,6.0,0.868,1.0,0.875,1.0,9.3,30.8,16.9,34.5,5.4,5.9,34.2,35.6,158.0,124.0,BRK,99,1,0,240.0,240.0,39.0,89.0,0.438,12.0,30.0,0.4,18.0,21.0,0.857,11.0,33.0,44.0,20.0,8.0,4.0,10.0,13.0,108.0,,,0.55,0.506,0.337,0.236,24.4,89.2,53.7,51.3,8.4,9.5,9.2,100.0,114.0,104.5,,,10.0,21.0,0.636,5.0,11.0,0.667,4.0,4.0,1.0,3.0,12.0,15.0,5.0,3.0,2.0,3.0,2.0,29.0,21.3,12.0,0.768,0.75,0.75,0.5,19.9,48.8,27.5,24.7,4.7,7.6,21.6,31.9,143.0,111.0,CHI,108,0,2023,2022-11-01,False
240.0,240.0,39.0,84.0,0.464,18.0,49.0,0.367,13.0,17.0,0.765,10.0,31.0,41.0,31.0,8.0,5.0,20.0,22.0,109.0,,,0.596,0.571,0.583,0.202,25.0,77.5,51.3,79.5,8.1,10.9,17.9,100.0,110.0,117.0,,,8.0,19.0,1.0,4.0,12.0,0.571,5.0,5.0,1.0,5.0,9.0,13.0,13.0,3.0,2.0,5.0,4.0,23.0,25.4,11.0,1.0,1.0,1.0,0.5,33.9,31.3,30.5,61.8,4.5,11.0,29.8,33.0,216.0,125.0,GSW,109,0,1,240.0,240.0,40.0,88.0,0.455,16.0,42.0,0.381,20.0,20.0,1.0,9.0,30.0,39.0,32.0,7.0,3.0,15.0,16.0,116.0,,,0.599,0.545,0.477,0.227,22.5,75.0,48.8,80.0,7.1,8.6,13.4,100.0,117.0,110.0,,,8.0,17.0,0.6,5.0,10.0,0.625,9.0,9.0,1.0,3.0,6.0,8.0,9.0,3.0,1.0,3.0,4.0,24.0,19.4,29.0,0.85,0.85,0.8,1.0,11.6,55.5,27.7,35.3,4.9,13.8,22.2,27.9,132.0,116.0,MIA,116,1,2023,2022-11-01,False
240.0,240.0,40.0,88.0,0.455,16.0,42.0,0.381,20.0,20.0,1.0,9.0,30.0,39.0,32.0,7.0,3.0,15.0,16.0,116.0,,,0.599,0.545,0.477,0.227,22.5,75.0,48.8,80.0,7.1,8.6,13.4,100.0,117.0,110.0,,,8.0,17.0,0.6,5.0,10.0,0.625,9.0,9.0,1.0,3.0,6.0,8.0,9.0,3.0,1.0,3.0,4.0,24.0,19.4,29.0,0.85,0.85,0.8,1.0,11.6,55.5,27.7,35.3,4.9,13.8,22.2,27.9,132.0,116.0,MIA,116,1,0,240.0,240.0,39.0,84.0,0.464,18.0,49.0,0.367,13.0,17.0,0.765,10.0,31.0,41.0,31.0,8.0,5.0,20.0,22.0,109.0,,,0.596,0.571,0.583,0.202,25.0,77.5,51.3,79.5,8.1,10.9,17.9,100.0,110.0,117.0,,,8.0,19.0,1.0,4.0,12.0,0.571,5.0,5.0,1.0,5.0,9.0,13.0,13.0,3.0,2.0,5.0,4.0,23.0,25.4,11.0,1.0,1.0,1.0,0.5,33.9,31.3,30.5,61.8,4.5,11.0,29.8,33.0,216.0,125.0,GSW,109,0,2023,2022-11-01,True
240.0,240.0,39.0,87.0,0.448,10.0,29.0,0.345,20.0,20.0,1.0,12.0,37.0,49.0,20.0,7.0,10.0,25.0,14.0,108.0,,,0.564,0.506,0.333,0.23,30.0,82.2,57.6,51.3,6.5,16.4,20.7,100.0,100.4,107.9,,,10.0,18.0,0.667,2.0,9.0,1.0,8.0,8.0,1.0,5.0,9.0,12.0,7.0,2.0,4.0,6.0,3.0,30.0,30.0,12.0,1.0,1.0,1.0,0.667,19.1,31.1,22.5,33.1,3.6,10.2,50.0,26.6,226.0,118.0,ORL,108,0,1,240.0,240.0,45.0,95.0,0.474,10.0,34.0,0.294,16.0,20.0,0.8,8.0,28.0,36.0,28.0,13.0,9.0,17.0,17.0,116.0,,,0.559,0.526,0.358,0.211,17.8,70.0,42.4,62.2,12.1,15.5,14.1,100.0,107.9,100.4,,,12.0,18.0,0.75,3.0,8.0,0.667,10.0,11.0,1.0,4.0,5.0,9.0,10.0,3.0,3.0,5.0,4.0,34.0,29.8,22.0,1.0,1.0,1.0,0.611,18.1,28.4,16.3,48.8,6.2,7.9,40.0,34.2,147.0,115.0,OKC,116,1,2023,2022-11-01,False
240.0,240.0,45.0,95.0,0.474,10.0,34.0,0.294,16.0,20.0,0.8,8.0,28.0,36.0,28.0,13.0,9.0,17.0,17.0,116.0,,,0.559,0.526,0.358,0.211,17.8,70.0,42.4,62.2,12.1,15.5,14.1,100.0,107.9,100.4,,,12.0,18.0,0.75,3.0,8.0,0.667,10.0,11.0,1.0,4.0,5.0,9.0,10.0,3.0,3.0,5.0,4.0,34.0,29.8,22.0,1.0,1.0,1.0,0.611,18.1,28.4,16.3,48.8,6.2,7.9,40.0,34.2,147.0,115.0,OKC,116,1,0,240.0,240.0,39.0,87.0,0.448,10.0,29.0,0.345,20.0,20.0,1.0,12.0,37.0,49.0,20.0,7.0,10.0,25.0,14.0,108.0,,,0.564,0.506,0.333,0.23,30.0,82.2,57.6,51.3,6.5,16.4,20.7,100.0,100.4,107.9,,,10.0,18.0,0.667,2.0,9.0,1.0,8.0,8.0,1.0,5.0,9.0,12.0,7.0,2.0,4.0,6.0,3.0,30.0,30.0,12.0,1.0,1.0,1.0,0.667,19.1,31.1,22.5,33.1,3.6,10.2,50.0,26.6,226.0,118.0,ORL,108,0,2023,2022-11-01,True
240.0,240.0,37.0,87.0,0.425,13.0,34.0,0.382,20.0,24.0,0.833,10.0,32.0,42.0,24.0,5.0,4.0,18.0,24.0,107.0,,,0.548,0.5,0.391,0.276,27.0,82.1,55.3,64.9,5.0,8.7,15.6,100.0,107.1,116.2,,,9.0,21.0,1.0,5.0,10.0,0.5,7.0,7.0,1.0,5.0,6.0,10.0,7.0,3.0,1.0,4.0,5.0,24.0,20.0,14.0,0.945,1.0,1.0,7.0,17.6,23.4,17.7,36.0,3.7,6.0,37.5,28.9,188.0,125.0,MIN,107,0,1,240.0,240.0,41.0,89.0,0.461,17.0,43.0,0.395,17.0,22.0,0.773,7.0,27.0,34.0,31.0,9.0,8.0,11.0,20.0,116.0,,,0.588,0.556,0.483,0.247,17.9,73.0,44.7,75.6,9.0,15.1,10.0,100.0,116.2,107.1,,,10.0,18.0,1.0,7.0,11.0,1.0,4.0,6.0,1.0,2.0,7.0,8.0,12.0,3.0,4.0,2.0,5.0,29.0,26.7,20.0,1.5,1.5,1.0,1.0,24.5,51.7,37.8,50.2,9.8,12.1,33.3,32.5,263.0,121.0,PHO,116,1,2023,2022-11-01,False
240.0,240.0,41.0,89.0,0.461,17.0,43.0,0.395,17.0,22.0,0.773,7.0,27.0,34.0,31.0,9.0,8.0,11.0,20.0,116.0,,,0.588,0.556,0.483,0.247,17.9,73.0,44.7,75.6,9.0,15.1,10.0,100.0,116.2,107.1,,,10.0,18.0,1.0,7.0,11.0,1.0,4.0,6.0,1.0,2.0,7.0,8.0,12.0,3.0,4.0,2.0,5.0,29.0,26.7,20.0,1.5,1.5,1.0,1.0,24.5,51.7,37.8,50.2,9.8,12.1,33.3,32.5,263.0,121.0,PHO,116,1,0,240.0,240.0,37.0,87.0,0.425,13.0,34.0,0.382,20.0,24.0,0.833,10.0,32.0,42.0,24.0,5.0,4.0,18.0,24.0,107.0,,,0.548,0.5,0.391,0.276,27.0,82.1,55.3,64.9,5.0,8.7,15.6,100.0,107.1,116.2,,,9.0,21.0,1.0,5.0,10.0,0.5,7.0,7.0,1.0,5.0,6.0,10.0,7.0,3.0,1.0,4.0,5.0,24.0,20.0,14.0,0.945,1.0,1.0,7.0,17.6,23.4,17.7,36.0,3.7,6.0,37.5,28.9,188.0,125.0,MIN,107,0,2023,2022-11-01,True
240.0,240.0,36.0,92.0,0.391,7.0,32.0,0.219,9.0,16.0,0.563,13.0,34.0,47.0,22.0,12.0,12.0,17.0,14.0,88.0,,,0.444,0.429,0.348,0.174,24.5,75.6,48.0,61.1,11.8,21.1,14.7,100.0,86.8,104.5,,,9.0,18.0,0.667,5.0,11.0,0.455,3.0,4.0,1.0,4.0,9.0,13.0,6.0,5.0,2.0,4.0,3.0,24.0,19.8,2.0,0.671,0.676,1.0,0.667,14.3,37.9,25.2,31.4,6.7,15.1,60.0,34.6,133.0,112.0,CHO,88,0,1,240.0,240.0,38.0,88.0,0.432,14.0,31.0,0.452,16.0,18.0,0.889,11.0,40.0,51.0,28.0,6.0,9.0,20.0,18.0,106.0,,,0.553,0.511,0.352,0.205,24.4,75.5,52.0,73.7,5.9,15.0,17.3,100.0,104.5,86.8,,,7.0,16.0,1.0,3.0,7.0,1.0,5.0,5.0,1.0,3.0,11.0,13.0,6.0,2.0,3.0,5.0,3.0,17.0,18.7,22.0,1.142,1.214,0.667,0.667,19.5,49.0,26.5,49.3,3.5,8.9,28.7,35.2,159.0,94.0,CHI,106,1,2023,2022-11-02,False
240.0,240.0,38.0,88.0,0.432,14.0,31.0,0.452,16.0,18.0,0.889,11.0,40.0,51.0,28.0,6.0,9.0,20.0,18.0,106.0,,,0.553,0.511,0.352,0.205,24.4,75.5,52.0,73.7,5.9,15.0,17.3,100.0,104.5,86.8,,,7.0,16.0,1.0,3.0,7.0,1.0,5.0,5.0,1.0,3.0,11.0,13.0,6.0,2.0,3.0,5.0,3.0,17.0,18.7,22.0,1.142,1.214,0.667,0.667,19.5,49.0,26.5,49.3,3.5,8.9,28.7,35.2,159.0,94.0,CHI,106,1,0,240.0,240.0,36.0,92.0,0.391,7.0,32.0,0.219,9.0,16.0,0.563,13.0,34.0,47.0,22.0,12.0,12.0,17.0,14.0,88.0,,,0.444,0.429,0.348,0.174,24.5,75.6,48.0,61.1,11.8,21.1,14.7,100.0,86.8,104.5,,,9.0,18.0,0.667,5.0,11.0,0.455,3.0,4.0,1.0,4.0,9.0,13.0,6.0,5.0,2.0,4.0,3.0,24.0,19.8,2.0,0.671,0.676,1.0,0.667,14.3,37.9,25.2,31.4,6.7,15.1,60.0,34.6,133.0,112.0,CHO,88,0,2023,2022-11-02,True
265.0,265.0,38.0,93.0,0.409,11.0,41.0,0.268,26.0,27.0,0.963,8.0,44.0,52.0,26.0,5.0,9.0,14.0,24.0,113.0,,,0.539,0.468,0.441,0.29,16.0,83.0,50.5,68.4,4.6,14.8,11.8,100.0,103.5,104.4,,,10.0,26.0,0.545,3.0,10.0,0.333,8.0,8.0,1.0,3.0,11.0,12.0,6.0,2.0,4.0,6.0,5.0,30.0,21.3,11.0,0.631,0.591,1.0,0.571,7.4,27.5,15.4,55.8,3.1,34.8,20.2,32.1,229.0,112.0,BOS,113,0,1,265.0,265.0,42.0,100.0,0.42,11.0,39.0,0.282,19.0,24.0,0.792,9.0,42.0,51.0,24.0,6.0,4.0,11.0,23.0,114.0,,,0.516,0.475,0.39,0.24,17.0,84.0,49.5,57.1,5.5,7.7,9.0,100.0,104.4,103.5,,,11.0,27.0,0.875,5.0,11.0,0.455,6.0,7.0,1.0,3.0,11.0,14.0,12.0,3.0,2.0,3.0,4.0,29.0,28.9,15.0,0.845,0.875,1.0,0.5,8.2,33.6,19.8,48.9,4.0,5.6,100.0,39.5,135.0,112.0,CLE,114,1,2023,2022-11-02,False
265.0,265.0,42.0,100.0,0.42,11.0,39.0,0.282,19.0,24.0,0.792,9.0,42.0,51.0,24.0,6.0,4.0,11.0,23.0,114.0,,,0.516,0.475,0.39,0.24,17.0,84.0,49.5,57.1,5.5,7.7,9.0,100.0,104.4,103.5,,,11.0,27.0,0.875,5.0,11.0,0.455,6.0,7.0,1.0,3.0,11.0,14.0,12.0,3.0,2.0,3.0,4.0,29.0,28.9,15.0,0.845,0.875,1.0,0.5,8.2,33.6,19.8,48.9,4.0,5.6,100.0,39.5,135.0,112.0,CLE,114,1,0,265.0,265.0,38.0,93.0,0.409,11.0,41.0,0.268,26.0,27.0,0.963,8.0,44.0,52.0,26.0,5.0,9.0,14.0,24.0,113.0,,,0.539,0.468,0.441,0.29,16.0,83.0,50.5,68.4,4.6,14.8,11.8,100.0,103.5,104.4,,,10.0,26.0,0.545,3.0,10.0,0.333,8.0,8.0,1.0,3.0,11.0,12.0,6.0,2.0,4.0,6.0,5.0,30.0,21.3,11.0,0.631,0.591,1.0,0.571,7.4,27.5,15.4,55.8,3.1,34.8,20.2,32.1,229.0,112.0,BOS,113,0,2023,2022-11-02,True
240.0,240.0,39.0,84.0,0.464,10.0,30.0,0.333,12.0,14.0,0.857,12.0,28.0,40.0,28.0,6.0,1.0,17.0,17.0,100.0,,,0.555,0.524,0.357,0.167,28.6,80.0,51.9,71.8,6.5,2.2,15.9,100.0,107.6,110.8,,,9.0,20.0,1.0,4.0,9.0,1.0,4.0,5.0,1.0,4.0,7.0,8.0,8.0,2.0,1.0,4.0,5.0,22.0,15.3,4.0,1.0,1.0,0.667,0.5,20.2,52.4,23.8,44.2,3.4,3.2,25.0,32.6,200.0,119.0,UTA,100,0,1,240.0,240.0,42.0,84.0,0.5,11.0,38.0,0.289,8.0,15.0,0.533,7.0,30.0,37.0,20.0,9.0,4.0,12.0,14.0,103.0,,,0.568,0.565,0.452,0.179,20.0,71.4,48.1,47.6,9.7,7.4,11.7,100.0,110.8,107.6,,,12.0,20.0,1.0,4.0,11.0,0.667,7.0,10.0,0.7,2.0,8.0,10.0,11.0,4.0,2.0,5.0,3.0,33.0,27.6,25.0,1.0,1.0,1.0,0.667,14.7,39.5,26.9,57.8,6.5,7.1,18.4,39.2,226.0,119.0,DAL,103,1,2023,2022-11-02,False
240.0,240.0,42.0,84.0,0.5,11.0,38.0,0.289,8.0,15.0,0.533,7.0,30.0,37.0,20.0,9.0,4.0,12.0,14.0,103.0,,,0.568,0.565,0.452,0.179,20.0,71.4,48.1,47.6,9.7,7.4,11.7,100.0,110.8,107.6,,,12.0,20.0,1.0,4.0,11.0,0.667,7.0,10.0,0.7,2.0,8.0,10.0,11.0,4.0,2.0,5.0,3.0,33.0,27.6,25.0,1.0,1.0,1.0,0.667,14.7,39.5,26.9,57.8,6.5,7.1,18.4,39.2,226.0,119.0,DAL,103,1,0,240.0,240.0,39.0,84.0,0.464,10.0,30.0,0.333,12.0,14.0,0.857,12.0,28.0,40.0,28.0,6.0,1.0,17.0,17.0,100.0,,,0.555,0.524,0.357,0.167,28.6,80.0,51.9,71.8,6.5,2.2,15.9,100.0,107.6,110.8,,,9.0,20.0,1.0,4.0,9.0,1.0,4.0,5.0,1.0,4.0,7.0,8.0,8.0,2.0,1.0,4.0,5.0,22.0,15.3,4.0,1.0,1.0,0.667,0.5,20.2,52.4,23.8,44.2,3.4,3.2,25.0,32.6,200.0,119.0,UTA,100,0,2023,2022-11-02,True
240.0,240.0,41.0,84.0,0.488,12.0,33.0,0.364,15.0,19.0,0.789,9.0,34.0,43.0,20.0,10.0,6.0,15.0,20.0,109.0,,,0.59,0.56,0.393,0.226,20.9,68.0,46.2,48.8,10.3,12.0,14.0,100.0,111.8,103.6,,,10.0,20.0,0.75,4.0,8.0,0.667,5.0,6.0,1.0,3.0,9.0,10.0,5.0,2.0,2.0,5.0,6.0,28.0,20.2,16.0,1.0,1.0,1.0,0.4,27.4,31.5,29.6,42.0,6.8,13.6,30.4,36.9,178.0,111.0,LAC,109,0,1,240.0,240.0,37.0,88.0,0.42,11.0,38.0,0.289,16.0,21.0,0.762,16.0,34.0,50.0,17.0,9.0,5.0,19.0,22.0,101.0,,,0.519,0.483,0.432,0.239,32.0,79.1,53.8,45.9,9.2,9.8,16.3,100.0,103.6,111.8,,,9.0,19.0,0.615,4.0,9.0,0.667,10.0,11.0,1.0,4.0,10.0,13.0,7.0,2.0,3.0,6.0,6.0,26.0,24.8,6.0,0.75,0.75,1.0,0.846,30.9,33.4,24.9,31.2,8.0,15.6,33.3,30.8,165.0,122.0,HOU,101,1,2023,2022-11-02,True
240.0,240.0,37.0,88.0,0.42,11.0,38.0,0.289,16.0,21.0,0.762,16.0,34.0,50.0,17.0,9.0,5.0,19.0,22.0,101.0,,,0.519,0.483,0.432,0.239,32.0,79.1,53.8,45.9,9.2,9.8,16.3,100.0,103.6,111.8,,,9.0,19.0,0.615,4.0,9.0,0.667,10.0,11.0,1.0,4.0,10.0,13.0,7.0,2.0,3.0,6.0,6.0,26.0,24.8,6.0,0.75,0.75,1.0,0.846,30.9,33.4,24.9,31.2,8.0,15.6,33.3,30.8,165.0,122.0,HOU,101,1,0,240.0,240.0,41.0,84.0,0.488,12.0,33.0,0.364,15.0,19.0,0.789,9.0,34.0,43.0,20.0,10.0,6.0,15.0,20.0,109.0,,,0.59,0.56,0.393,0.226,20.9,68.0,46.2,48.8,10.3,12.0,14.0,100.0,111.8,103.6,,,10.0,20.0,0.75,4.0,8.0,0.667,5.0,6.0,1.0,3.0,9.0,10.0,5.0,2.0,2.0,5.0,6.0,28.0,20.2,16.0,1.0,1.0,1.0,0.4,27.4,31.5,29.6,42.0,6.8,13.6,30.4,36.9,178.0,111.0,LAC,109,0,2023,2022-11-02,False
265.0,265.0,47.0,102.0,0.461,8.0,25.0,0.32,15.0,21.0,0.714,11.0,40.0,51.0,35.0,10.0,5.0,14.0,20.0,117.0,,,0.526,0.5,0.245,0.206,19.6,78.4,47.7,74.5,8.9,8.1,11.2,100.0,103.6,106.3,,,11.0,27.0,0.75,3.0,6.0,0.75,5.0,8.0,1.0,4.0,8.0,10.0,8.0,4.0,2.0,3.0,5.0,27.0,17.7,10.0,0.938,0.938,0.6,0.444,21.7,28.7,22.8,41.9,6.1,5.3,50.0,32.1,153.0,116.0,NOP,117,0,1,265.0,265.0,45.0,98.0,0.459,10.0,36.0,0.278,20.0,23.0,0.87,11.0,45.0,56.0,30.0,6.0,8.0,18.0,17.0,120.0,,,0.555,0.51,0.367,0.235,21.6,80.4,52.3,66.7,5.3,10.4,14.3,100.0,106.3,103.6,,,9.0,23.0,0.75,5.0,9.0,0.556,6.0,6.0,1.0,5.0,11.0,16.0,9.0,2.0,4.0,6.0,4.0,28.0,22.5,9.0,0.778,0.75,0.818,0.857,14.0,32.0,21.3,58.3,3.0,7.4,40.0,28.5,167.0,111.0,LAL,120,1,2023,2022-11-02,False
265.0,265.0,45.0,98.0,0.459,10.0,36.0,0.278,20.0,23.0,0.87,11.0,45.0,56.0,30.0,6.0,8.0,18.0,17.0,120.0,,,0.555,0.51,0.367,0.235,21.6,80.4,52.3,66.7,5.3,10.4,14.3,100.0,106.3,103.6,,,9.0,23.0,0.75,5.0,9.0,0.556,6.0,6.0,1.0,5.0,11.0,16.0,9.0,2.0,4.0,6.0,4.0,28.0,22.5,9.0,0.778,0.75,0.818,0.857,14.0,32.0,21.3,58.3,3.0,7.4,40.0,28.5,167.0,111.0,LAL,120,1,0,265.0,265.0,47.0,102.0,0.461,8.0,25.0,0.32,15.0,21.0,0.714,11.0,40.0,51.0,35.0,10.0,5.0,14.0,20.0,117.0,,,0.526,0.5,0.245,0.206,19.6,78.4,47.7,74.5,8.9,8.1,11.2,100.0,103.6,106.3,,,11.0,27.0,0.75,3.0,6.0,0.75,5.0,8.0,1.0,4.0,8.0,10.0,8.0,4.0,2.0,3.0,5.0,27.0,17.7,10.0,0.938,0.938,0.6,0.444,21.7,28.7,22.8,41.9,6.1,5.3,50.0,32.1,153.0,116.0,NOP,117,0,2023,2022-11-02,True
240.0,240.0,41.0,86.0,0.477,13.0,36.0,0.361,12.0,14.0,0.857,4.0,35.0,39.0,29.0,4.0,3.0,12.0,18.0,107.0,,,0.581,0.552,0.419,0.163,9.8,79.5,45.9,70.7,4.1,5.5,11.5,100.0,110.2,113.3,,,9.0,17.0,1.0,4.0,9.0,1.0,5.0,7.0,1.0,2.0,12.0,12.0,8.0,1.0,2.0,3.0,4.0,22.0,21.3,7.0,1.0,1.0,1.0,1.333,10.8,40.8,21.1,64.9,2.5,6.4,28.6,34.4,208.0,119.0,SAC,107,0,1,240.0,240.0,44.0,89.0,0.494,11.0,34.0,0.324,11.0,13.0,0.846,9.0,37.0,46.0,27.0,5.0,5.0,11.0,20.0,110.0,,,0.581,0.556,0.382,0.146,20.5,90.2,54.1,61.4,5.1,10.0,10.4,100.0,113.3,110.2,,,12.0,21.0,0.667,2.0,7.0,0.667,4.0,5.0,1.0,2.0,10.0,12.0,7.0,2.0,3.0,4.0,5.0,26.0,21.6,15.0,0.833,0.833,0.833,0.357,13.7,44.2,28.4,29.4,2.6,7.6,19.2,29.5,153.0,113.0,MIA,110,1,2023,2022-11-02,False
240.0,240.0,44.0,89.0,0.494,11.0,34.0,0.324,11.0,13.0,0.846,9.0,37.0,46.0,27.0,5.0,5.0,11.0,20.0,110.0,,,0.581,0.556,0.382,0.146,20.5,90.2,54.1,61.4,5.1,10.0,10.4,100.0,113.3,110.2,,,12.0,21.0,0.667,2.0,7.0,0.667,4.0,5.0,1.0,2.0,10.0,12.0,7.0,2.0,3.0,4.0,5.0,26.0,21.6,15.0,0.833,0.833,0.833,0.357,13.7,44.2,28.4,29.4,2.6,7.6,19.2,29.5,153.0,113.0,MIA,110,1,0,240.0,240.0,41.0,86.0,0.477,13.0,36.0,0.361,12.0,14.0,0.857,4.0,35.0,39.0,29.0,4.0,3.0,12.0,18.0,107.0,,,0.581,0.552,0.419,0.163,9.8,79.5,45.9,70.7,4.1,5.5,11.5,100.0,110.2,113.3,,,9.0,17.0,1.0,4.0,9.0,1.0,5.0,7.0,1.0,2.0,12.0,12.0,8.0,1.0,2.0,3.0,4.0,22.0,21.3,7.0,1.0,1.0,1.0,1.333,10.8,40.8,21.1,64.9,2.5,6.4,28.6,34.4,208.0,119.0,SAC,107,0,2023,2022-11-02,True
240.0,240.0,33.0,79.0,0.418,11.0,31.0,0.355,14.0,15.0,0.933,2.0,33.0,35.0,18.0,7.0,3.0,21.0,22.0,91.0,,,0.532,0.487,0.392,0.19,5.1,68.8,40.2,54.5,6.8,5.6,19.7,100.0,88.9,113.3,,,6.0,13.0,0.667,3.0,7.0,0.667,9.0,10.0,1.0,1.0,9.0,10.0,6.0,4.0,1.0,7.0,5.0,22.0,14.7,5.0,0.81,0.778,1.0,0.833,11.8,44.4,24.5,97.0,6.2,4.0,36.0,31.5,165.0,122.0,DET,91,0,1,240.0,240.0,43.0,92.0,0.467,10.0,38.0,0.263,20.0,24.0,0.833,15.0,37.0,52.0,24.0,17.0,5.0,16.0,16.0,116.0,,,0.566,0.522,0.413,0.261,31.3,94.9,59.8,55.8,16.6,10.4,13.5,100.0,113.3,88.9,,,11.0,24.0,0.688,4.0,7.0,1.0,10.0,12.0,1.0,5.0,7.0,12.0,4.0,5.0,2.0,4.0,3.0,32.0,32.2,29.0,0.813,0.813,1.0,1.333,16.9,43.8,22.4,25.9,10.2,17.8,33.3,41.5,152.0,98.0,MIL,116,1,2023,2022-11-02,False
240.0,240.0,43.0,92.0,0.467,10.0,38.0,0.263,20.0,24.0,0.833,15.0,37.0,52.0,24.0,17.0,5.0,16.0,16.0,116.0,,,0.566,0.522,0.413,0.261,31.3,94.9,59.8,55.8,16.6,10.4,13.5,100.0,113.3,88.9,,,11.0,24.0,0.688,4.0,7.0,1.0,10.0,12.0,1.0,5.0,7.0,12.0,4.0,5.0,2.0,4.0,3.0,32.0,32.2,29.0,0.813,0.813,1.0,1.333,16.9,43.8,22.4,25.9,10.2,17.8,33.3,41.5,152.0,98.0,MIL,116,1,0,240.0,240.0,33.0,79.0,0.418,11.0,31.0,0.355,14.0,15.0,0.933,2.0,33.0,35.0,18.0,7.0,3.0,21.0,22.0,91.0,,,0.532,0.487,0.392,0.19,5.1,68.8,40.2,54.5,6.8,5.6,19.7,100.0,88.9,113.3,,,6.0,13.0,0.667,3.0,7.0,0.667,9.0,10.0,1.0,1.0,9.0,10.0,6.0,4.0,1.0,7.0,5.0,22.0,14.7,5.0,0.81,0.778,1.0,0.833,11.8,44.4,24.5,97.0,6.2,4.0,36.0,31.5,165.0,122.0,DET,91,0,2023,2022-11-02,True
240.0,240.0,44.0,107.0,0.411,12.0,34.0,0.353,12.0,16.0,0.75,17.0,34.0,51.0,28.0,11.0,4.0,9.0,18.0,112.0,,,0.491,0.467,0.318,0.15,29.8,73.9,49.5,63.6,10.9,7.4,7.3,100.0,110.6,97.8,,,14.0,27.0,0.519,5.0,12.0,1.0,4.0,4.0,1.0,5.0,8.0,13.0,9.0,5.0,1.0,3.0,4.0,36.0,32.5,26.0,0.75,0.75,1.0,0.4,75.4,27.0,41.7,43.0,6.3,3.6,14.5,35.5,172.0,111.0,ATL,112,0,1,240.0,240.0,37.0,90.0,0.411,10.0,36.0,0.278,15.0,20.0,0.75,12.0,40.0,52.0,23.0,3.0,9.0,17.0,19.0,99.0,,,0.501,0.467,0.4,0.222,26.1,70.2,50.5,62.2,3.0,12.3,14.7,100.0,97.8,110.6,,,8.0,18.0,0.8,2.0,6.0,0.5,6.0,9.0,1.0,3.0,14.0,16.0,5.0,1.0,4.0,4.0,4.0,20.0,13.2,7.0,0.8,0.8,1.0,0.75,17.0,41.1,30.3,31.5,2.6,10.7,25.0,29.5,144.0,123.0,NYK,99,1,2023,2022-11-02,True
240.0,240.0,37.0,90.0,0.411,10.0,36.0,0.278,15.0,20.0,0.75,12.0,40.0,52.0,23.0,3.0,9.0,17.0,19.0,99.0,,,0.501,0.467,0.4,0.222,26.1,70.2,50.5,62.2,3.0,12.3,14.7,100.0,97.8,110.6,,,8.0,18.0,0.8,2.0,6.0,0.5,6.0,9.0,1.0,3.0,14.0,16.0,5.0,1.0,4.0,4.0,4.0,20.0,13.2,7.0,0.8,0.8,1.0,0.75,17.0,41.1,30.3,31.5,2.6,10.7,25.0,29.5,144.0,123.0,NYK,99,1,0,240.0,240.0,44.0,107.0,0.411,12.0,34.0,0.353,12.0,16.0,0.75,17.0,34.0,51.0,28.0,11.0,4.0,9.0,18.0,112.0,,,0.491,0.467,0.318,0.15,29.8,73.9,49.5,63.6,10.9,7.4,7.3,100.0,110.6,97.8,,,14.0,27.0,0.519,5.0,12.0,1.0,4.0,4.0,1.0,5.0,8.0,13.0,9.0,5.0,1.0,3.0,4.0,36.0,32.5,26.0,0.75,0.75,1.0,0.4,75.4,27.0,41.7,43.0,6.3,3.6,14.5,35.5,172.0,111.0,ATL,112,0,2023,2022-11-02,False
240.0,240.0,45.0,78.0,0.577,5.0,21.0,0.238,26.0,32.0,0.813,7.0,36.0,43.0,27.0,4.0,9.0,8.0,18.0,121.0,,,0.657,0.609,0.269,0.41,21.2,85.7,57.3,60.0,4.3,18.8,8.0,100.0,131.2,120.4,,,11.0,17.0,1.0,2.0,5.0,0.5,11.0,11.0,1.0,2.0,9.0,10.0,6.0,1.0,3.0,4.0,5.0,30.0,31.0,17.0,1.0,1.0,0.6,1.333,25.9,29.9,19.5,29.3,4.7,10.4,25.0,31.0,200.0,128.0,WAS,121,0,1,240.0,240.0,39.0,84.0,0.464,19.0,36.0,0.528,14.0,20.0,0.7,6.0,26.0,32.0,25.0,3.0,1.0,8.0,25.0,111.0,,,0.598,0.577,0.429,0.238,14.3,78.8,42.7,64.1,3.3,1.8,7.9,100.0,120.4,131.2,,,11.0,20.0,1.0,5.0,9.0,1.0,5.0,8.0,0.833,2.0,7.0,9.0,10.0,1.0,1.0,4.0,5.0,32.0,24.2,4.0,1.25,1.25,0.545,0.5,19.6,30.8,22.0,48.8,3.3,3.1,44.4,32.1,247.0,135.0,PHI,111,1,2023,2022-11-02,True
240.0,240.0,39.0,84.0,0.464,19.0,36.0,0.528,14.0,20.0,0.7,6.0,26.0,32.0,25.0,3.0,1.0,8.0,25.0,111.0,,,0.598,0.577,0.429,0.238,14.3,78.8,42.7,64.1,3.3,1.8,7.9,100.0,120.4,131.2,,,11.0,20.0,1.0,5.0,9.0,1.0,5.0,8.0,0.833,2.0,7.0,9.0,10.0,1.0,1.0,4.0,5.0,32.0,24.2,4.0,1.25,1.25,0.545,0.5,19.6,30.8,22.0,48.8,3.3,3.1,44.4,32.1,247.0,135.0,PHI,111,1,0,240.0,240.0,45.0,78.0,0.577,5.0,21.0,0.238,26.0,32.0,0.813,7.0,36.0,43.0,27.0,4.0,9.0,8.0,18.0,121.0,,,0.657,0.609,0.269,0.41,21.2,85.7,57.3,60.0,4.3,18.8,8.0,100.0,131.2,120.4,,,11.0,17.0,1.0,2.0,5.0,0.5,11.0,11.0,1.0,2.0,9.0,10.0,6.0,1.0,3.0,4.0,5.0,30.0,31.0,17.0,1.0,1.0,0.6,1.333,25.9,29.9,19.5,29.3,4.7,10.4,25.0,31.0,200.0,128.0,WAS,121,0,2023,2022-11-02,False
240.0,240.0,38.0,83.0,0.458,13.0,28.0,0.464,22.0,27.0,0.815,10.0,36.0,46.0,28.0,7.0,5.0,15.0,19.0,111.0,,,0.585,0.536,0.337,0.325,25.0,69.2,50.0,73.7,7.0,8.9,13.7,100.0,111.7,106.7,,,7.0,19.0,0.667,5.0,8.0,0.625,10.0,11.0,1.0,4.0,9.0,11.0,7.0,2.0,2.0,8.0,3.0,29.0,23.1,13.0,0.833,0.833,1.0,0.688,14.3,25.9,17.1,38.1,5.1,6.1,26.6,41.4,154.0,112.0,MEM,111,0,1,240.0,240.0,36.0,89.0,0.404,13.0,33.0,0.394,21.0,26.0,0.808,16.0,30.0,46.0,27.0,5.0,3.0,20.0,17.0,106.0,,,0.528,0.478,0.371,0.292,30.8,75.0,50.0,75.0,5.0,5.5,16.6,100.0,106.7,111.7,,,10.0,21.0,0.571,4.0,11.0,1.0,7.0,8.0,1.0,6.0,7.0,13.0,8.0,2.0,1.0,4.0,5.0,31.0,21.5,12.0,0.73,0.679,0.6,1.25,27.2,27.3,19.5,40.2,4.0,3.6,32.6,38.7,134.0,120.0,POR,106,1,2023,2022-11-02,True
240.0,240.0,36.0,89.0,0.404,13.0,33.0,0.394,21.0,26.0,0.808,16.0,30.0,46.0,27.0,5.0,3.0,20.0,17.0,106.0,,,0.528,0.478,0.371,0.292,30.8,75.0,50.0,75.0,5.0,5.5,16.6,100.0,106.7,111.7,,,10.0,21.0,0.571,4.0,11.0,1.0,7.0,8.0,1.0,6.0,7.0,13.0,8.0,2.0,1.0,4.0,5.0,31.0,21.5,12.0,0.73,0.679,0.6,1.25,27.2,27.3,19.5,40.2,4.0,3.6,32.6,38.7,134.0,120.0,POR,106,1,0,240.0,240.0,38.0,83.0,0.458,13.0,28.0,0.464,22.0,27.0,0.815,10.0,36.0,46.0,28.0,7.0,5.0,15.0,19.0,111.0,,,0.585,0.536,0.337,0.325,25.0,69.2,50.0,73.7,7.0,8.9,13.7,100.0,111.7,106.7,,,7.0,19.0,0.667,5.0,8.0,0.625,10.0,11.0,1.0,4.0,9.0,11.0,7.0,2.0,2.0,8.0,3.0,29.0,23.1,13.0,0.833,0.833,1.0,0.688,14.3,25.9,17.1,38.1,5.1,6.1,26.6,41.4,154.0,112.0,MEM,111,0,2023,2022-11-02,False
240.0,240.0,57.0,106.0,0.538,14.0,33.0,0.424,15.0,16.0,0.938,9.0,41.0,50.0,31.0,16.0,6.0,11.0,17.0,143.0,,,0.633,0.604,0.311,0.151,21.4,75.9,52.1,54.4,14.5,11.8,8.9,100.0,130.0,90.9,,,10.0,19.0,0.714,3.0,6.0,1.0,4.0,4.0,1.0,2.0,9.0,10.0,11.0,5.0,1.0,3.0,4.0,24.0,20.6,35.0,0.929,0.929,1.0,1.0,14.1,29.0,18.1,48.4,10.7,7.2,33.3,31.5,225.0,106.0,TOR,143,0,1,240.0,240.0,37.0,94.0,0.394,14.0,43.0,0.326,12.0,14.0,0.857,13.0,33.0,46.0,29.0,3.0,6.0,23.0,20.0,100.0,,,0.499,0.468,0.457,0.149,24.1,78.6,47.9,78.4,2.7,8.2,18.7,100.0,90.9,130.0,,,6.0,12.0,0.6,3.0,6.0,0.5,3.0,4.0,1.0,5.0,8.0,8.0,7.0,1.0,2.0,5.0,4.0,17.0,10.9,-6.0,0.765,0.75,1.0,0.4,21.5,42.2,18.5,51.1,4.4,11.0,45.5,25.0,156.0,134.0,SAS,100,1,2023,2022-11-02,True
240.0,240.0,37.0,94.0,0.394,14.0,43.0,0.326,12.0,14.0,0.857,13.0,33.0,46.0,29.0,3.0,6.0,23.0,20.0,100.0,,,0.499,0.468,0.457,0.149,24.1,78.6,47.9,78.4,2.7,8.2,18.7,100.0,90.9,130.0,,,6.0,12.0,0.6,3.0,6.0,0.5,3.0,4.0,1.0,5.0,8.0,8.0,7.0,1.0,2.0,5.0,4.0,17.0,10.9,-6.0,0.765,0.75,1.0,0.4,21.5,42.2,18.5,51.1,4.4,11.0,45.5,25.0,156.0,134.0,SAS,100,1,0,240.0,240.0,57.0,106.0,0.538,14.0,33.0,0.424,15.0,16.0,0.938,9.0,41.0,50.0,31.0,16.0,6.0,11.0,17.0,143.0,,,0.633,0.604,0.311,0.151,21.4,75.9,52.1,54.4,14.5,11.8,8.9,100.0,130.0,90.9,,,10.0,19.0,0.714,3.0,6.0,1.0,4.0,4.0,1.0,2.0,9.0,10.0,11.0,5.0,1.0,3.0,4.0,24.0,20.6,35.0,0.929,0.929,1.0,1.0,14.1,29.0,18.1,48.4,10.7,7.2,33.3,31.5,225.0,106.0,TOR,143,0,2023,2022-11-02,False
240.0,240.0,45.0,84.0,0.536,18.0,31.0,0.581,14.0,16.0,0.875,8.0,39.0,47.0,32.0,5.0,2.0,20.0,15.0,122.0,,,0.67,0.643,0.369,0.19,21.1,79.6,54.0,71.1,5.0,3.1,18.0,100.0,121.0,109.1,,,10.0,19.0,1.0,4.0,6.0,1.0,4.0,5.0,1.0,3.0,13.0,13.0,14.0,2.0,1.0,10.0,4.0,27.0,26.9,15.0,1.5,1.5,1.0,0.667,69.1,35.7,50.3,51.1,5.0,2.4,49.2,32.1,276.0,115.0,DEN,122,0,1,240.0,240.0,45.0,93.0,0.484,6.0,29.0,0.207,14.0,19.0,0.737,10.0,30.0,40.0,19.0,9.0,5.0,10.0,19.0,110.0,,,0.543,0.516,0.312,0.204,20.4,78.9,46.0,42.2,8.9,9.4,9.0,100.0,109.1,121.0,,,13.0,17.0,0.765,2.0,6.0,0.5,11.0,11.0,1.0,3.0,6.0,7.0,5.0,2.0,2.0,4.0,3.0,37.0,30.8,9.0,0.847,0.765,0.667,0.667,22.4,33.3,21.1,21.8,4.2,6.9,22.2,31.6,146.0,131.0,OKC,110,1,2023,2022-11-03,True
240.0,240.0,45.0,93.0,0.484,6.0,29.0,0.207,14.0,19.0,0.737,10.0,30.0,40.0,19.0,9.0,5.0,10.0,19.0,110.0,,,0.543,0.516,0.312,0.204,20.4,78.9,46.0,42.2,8.9,9.4,9.0,100.0,109.1,121.0,,,13.0,17.0,0.765,2.0,6.0,0.5,11.0,11.0,1.0,3.0,6.0,7.0,5.0,2.0,2.0,4.0,3.0,37.0,30.8,9.0,0.847,0.765,0.667,0.667,22.4,33.3,21.1,21.8,4.2,6.9,22.2,31.6,146.0,131.0,OKC,110,1,0,240.0,240.0,45.0,84.0,0.536,18.0,31.0,0.581,14.0,16.0,0.875,8.0,39.0,47.0,32.0,5.0,2.0,20.0,15.0,122.0,,,0.67,0.643,0.369,0.19,21.1,79.6,54.0,71.1,5.0,3.1,18.0,100.0,121.0,109.1,,,10.0,19.0,1.0,4.0,6.0,1.0,4.0,5.0,1.0,3.0,13.0,13.0,14.0,2.0,1.0,10.0,4.0,27.0,26.9,15.0,1.5,1.5,1.0,0.667,69.1,35.7,50.3,51.1,5.0,2.4,49.2,32.1,276.0,115.0,DEN,122,0,2023,2022-11-03,False
240.0,240.0,50.0,97.0,0.515,19.0,43.0,0.442,10.0,15.0,0.667,9.0,26.0,35.0,31.0,5.0,3.0,14.0,32.0,129.0,,,0.623,0.613,0.443,0.155,20.5,70.3,43.2,62.0,4.7,6.3,11.9,100.0,122.5,123.4,,,13.0,24.0,0.8,8.0,15.0,1.0,5.0,5.0,1.0,2.0,5.0,7.0,9.0,1.0,2.0,5.0,6.0,39.0,30.2,13.0,0.806,0.8,1.0,2.0,13.4,31.8,21.8,33.4,4.8,6.1,33.3,31.1,175.0,130.0,GSW,129,0,1,240.0,240.0,42.0,78.0,0.538,13.0,30.0,0.433,33.0,46.0,0.717,11.0,35.0,46.0,20.0,9.0,6.0,19.0,22.0,130.0,,,0.662,0.622,0.385,0.59,29.7,79.5,56.8,47.6,8.5,11.1,16.2,100.0,123.4,122.5,,,9.0,17.0,0.667,3.0,6.0,1.0,6.0,11.0,1.0,4.0,8.0,9.0,9.0,4.0,2.0,5.0,4.0,26.0,21.7,13.0,0.966,0.917,1.0,2.0,26.7,38.7,21.0,39.7,9.4,9.5,100.0,29.4,201.0,129.0,ORL,130,1,2023,2022-11-03,False
240.0,240.0,42.0,78.0,0.538,13.0,30.0,0.433,33.0,46.0,0.717,11.0,35.0,46.0,20.0,9.0,6.0,19.0,22.0,130.0,,,0.662,0.622,0.385,0.59,29.7,79.5,56.8,47.6,8.5,11.1,16.2,100.0,123.4,122.5,,,9.0,17.0,0.667,3.0,6.0,1.0,6.0,11.0,1.0,4.0,8.0,9.0,9.0,4.0,2.0,5.0,4.0,26.0,21.7,13.0,0.966,0.917,1.0,2.0,26.7,38.7,21.0,39.7,9.4,9.5,100.0,29.4,201.0,129.0,ORL,130,1,0,240.0,240.0,50.0,97.0,0.515,19.0,43.0,0.442,10.0,15.0,0.667,9.0,26.0,35.0,31.0,5.0,3.0,14.0,32.0,129.0,,,0.623,0.613,0.443,0.155,20.5,70.3,43.2,62.0,4.7,6.3,11.9,100.0,122.5,123.4,,,13.0,24.0,0.8,8.0,15.0,1.0,5.0,5.0,1.0,2.0,5.0,7.0,9.0,1.0,2.0,5.0,6.0,39.0,30.2,13.0,0.806,0.8,1.0,2.0,13.4,31.8,21.8,33.4,4.8,6.1,33.3,31.1,175.0,130.0,GSW,129,0,2023,2022-11-03,True
240.0,240.0,43.0,83.0,0.518,11.0,28.0,0.393,22.0,25.0,0.88,4.0,33.0,37.0,21.0,8.0,5.0,17.0,28.0,119.0,,,0.633,0.584,0.337,0.301,11.1,82.5,48.7,48.8,7.6,9.6,15.3,100.0,113.3,117.2,,,13.0,23.0,0.714,4.0,6.0,1.0,20.0,22.0,0.909,3.0,9.0,12.0,5.0,2.0,1.0,4.0,6.0,46.0,38.2,10.0,0.857,0.857,0.75,0.957,11.4,30.7,21.5,26.1,5.8,5.9,100.0,41.8,161.0,123.0,CHI,119,0,1,240.0,240.0,41.0,83.0,0.494,9.0,31.0,0.29,32.0,39.0,0.821,7.0,32.0,39.0,24.0,5.0,7.0,14.0,23.0,123.0,,,0.614,0.548,0.373,0.47,17.5,88.9,51.3,58.5,4.8,12.7,12.3,100.0,117.2,113.3,,,9.0,23.0,0.9,3.0,10.0,0.5,17.0,20.0,1.0,2.0,10.0,12.0,6.0,2.0,2.0,4.0,5.0,36.0,29.6,19.0,0.895,0.9,0.667,0.9,13.2,33.3,18.9,25.6,6.3,12.0,40.0,34.7,140.0,119.0,BOS,123,1,2023,2022-11-04,False
240.0,240.0,41.0,83.0,0.494,9.0,31.0,0.29,32.0,39.0,0.821,7.0,32.0,39.0,24.0,5.0,7.0,14.0,23.0,123.0,,,0.614,0.548,0.373,0.47,17.5,88.9,51.3,58.5,4.8,12.7,12.3,100.0,117.2,113.3,,,9.0,23.0,0.9,3.0,10.0,0.5,17.0,20.0,1.0,2.0,10.0,12.0,6.0,2.0,2.0,4.0,5.0,36.0,29.6,19.0,0.895,0.9,0.667,0.9,13.2,33.3,18.9,25.6,6.3,12.0,40.0,34.7,140.0,119.0,BOS,123,1,0,240.0,240.0,43.0,83.0,0.518,11.0,28.0,0.393,22.0,25.0,0.88,4.0,33.0,37.0,21.0,8.0,5.0,17.0,28.0,119.0,,,0.633,0.584,0.337,0.301,11.1,82.5,48.7,48.8,7.6,9.6,15.3,100.0,113.3,117.2,,,13.0,23.0,0.714,4.0,6.0,1.0,20.0,22.0,0.909,3.0,9.0,12.0,5.0,2.0,1.0,4.0,6.0,46.0,38.2,10.0,0.857,0.857,0.75,0.957,11.4,30.7,21.5,26.1,5.8,5.9,100.0,41.8,161.0,123.0,CHI,119,0,2023,2022-11-04,True
240.0,240.0,39.0,88.0,0.443,11.0,34.0,0.324,21.0,25.0,0.84,18.0,26.0,44.0,20.0,10.0,4.0,19.0,22.0,110.0,,,0.556,0.506,0.386,0.284,41.9,81.3,58.7,51.3,10.3,9.3,16.1,100.0,113.7,114.8,,,11.0,21.0,1.0,4.0,7.0,0.667,6.0,6.0,1.0,4.0,8.0,11.0,10.0,5.0,1.0,5.0,4.0,27.0,19.7,20.0,1.0,1.0,1.0,0.667,18.9,31.5,19.4,37.1,6.5,31.0,50.0,27.1,211.0,123.0,TOR,110,0,1,240.0,240.0,39.0,77.0,0.506,12.0,34.0,0.353,21.0,25.0,0.84,6.0,25.0,31.0,23.0,12.0,3.0,19.0,21.0,111.0,,,0.631,0.584,0.442,0.325,18.8,58.1,41.3,59.0,12.4,5.6,17.8,100.0,114.8,113.7,,,10.0,17.0,1.0,3.0,8.0,1.0,12.0,14.0,1.0,2.0,7.0,8.0,7.0,3.0,1.0,4.0,4.0,35.0,32.8,12.0,1.167,1.167,0.75,0.933,9.8,26.0,14.9,30.6,5.9,3.9,42.9,36.2,232.0,125.0,DAL,111,1,2023,2022-11-04,False
240.0,240.0,39.0,77.0,0.506,12.0,34.0,0.353,21.0,25.0,0.84,6.0,25.0,31.0,23.0,12.0,3.0,19.0,21.0,111.0,,,0.631,0.584,0.442,0.325,18.8,58.1,41.3,59.0,12.4,5.6,17.8,100.0,114.8,113.7,,,10.0,17.0,1.0,3.0,8.0,1.0,12.0,14.0,1.0,2.0,7.0,8.0,7.0,3.0,1.0,4.0,4.0,35.0,32.8,12.0,1.167,1.167,0.75,0.933,9.8,26.0,14.9,30.6,5.9,3.9,42.9,36.2,232.0,125.0,DAL,111,1,0,240.0,240.0,39.0,88.0,0.443,11.0,34.0,0.324,21.0,25.0,0.84,18.0,26.0,44.0,20.0,10.0,4.0,19.0,22.0,110.0,,,0.556,0.506,0.386,0.284,41.9,81.3,58.7,51.3,10.3,9.3,16.1,100.0,113.7,114.8,,,11.0,21.0,1.0,4.0,7.0,0.667,6.0,6.0,1.0,4.0,8.0,11.0,10.0,5.0,1.0,5.0,4.0,27.0,19.7,20.0,1.0,1.0,1.0,0.667,18.9,31.5,19.4,37.1,6.5,31.0,50.0,27.1,211.0,123.0,TOR,110,0,2023,2022-11-04,True
240.0,240.0,44.0,81.0,0.543,11.0,26.0,0.423,13.0,16.0,0.813,10.0,37.0,47.0,30.0,5.0,13.0,19.0,15.0,112.0,,,0.636,0.611,0.321,0.198,28.6,80.4,58.0,68.2,5.2,28.3,17.8,100.0,116.5,91.6,,,11.0,16.0,1.0,4.0,7.0,0.667,3.0,4.0,1.0,4.0,6.0,8.0,10.0,2.0,8.0,4.0,4.0,23.0,27.1,30.0,1.0,1.0,0.75,0.5,26.6,40.5,23.0,69.1,9.8,27.6,100.0,30.0,200.0,104.0,CLE,112,0,1,240.0,240.0,31.0,83.0,0.373,13.0,37.0,0.351,13.0,15.0,0.867,9.0,25.0,34.0,16.0,10.0,6.0,19.0,22.0,88.0,,,0.491,0.452,0.446,0.181,19.6,71.4,42.0,51.6,10.4,10.9,17.5,100.0,91.6,116.5,,,7.0,18.0,0.6,3.0,7.0,0.6,5.0,6.0,1.0,3.0,6.0,6.0,5.0,3.0,1.0,4.0,4.0,19.0,14.9,0.0,0.698,0.643,1.0,0.462,17.2,44.0,19.5,37.6,5.4,23.6,50.0,36.2,140.0,123.0,DET,88,1,2023,2022-11-04,True
240.0,240.0,31.0,83.0,0.373,13.0,37.0,0.351,13.0,15.0,0.867,9.0,25.0,34.0,16.0,10.0,6.0,19.0,22.0,88.0,,,0.491,0.452,0.446,0.181,19.6,71.4,42.0,51.6,10.4,10.9,17.5,100.0,91.6,116.5,,,7.0,18.0,0.6,3.0,7.0,0.6,5.0,6.0,1.0,3.0,6.0,6.0,5.0,3.0,1.0,4.0,4.0,19.0,14.9,0.0,0.698,0.643,1.0,0.462,17.2,44.0,19.5,37.6,5.4,23.6,50.0,36.2,140.0,123.0,DET,88,1,0,240.0,240.0,44.0,81.0,0.543,11.0,26.0,0.423,13.0,16.0,0.813,10.0,37.0,47.0,30.0,5.0,13.0,19.0,15.0,112.0,,,0.636,0.611,0.321,0.198,28.6,80.4,58.0,68.2,5.2,28.3,17.8,100.0,116.5,91.6,,,11.0,16.0,1.0,4.0,7.0,0.667,3.0,4.0,1.0,4.0,6.0,8.0,10.0,2.0,8.0,4.0,4.0,23.0,27.1,30.0,1.0,1.0,0.75,0.5,26.6,40.5,23.0,69.1,9.8,27.6,100.0,30.0,200.0,104.0,CLE,112,0,2023,2022-11-04,False
240.0,240.0,31.0,81.0,0.383,11.0,39.0,0.282,26.0,26.0,1.0,8.0,34.0,42.0,17.0,10.0,2.0,19.0,22.0,99.0,,,0.535,0.451,0.481,0.321,17.8,87.2,50.0,54.8,9.8,4.9,17.0,100.0,97.4,99.4,,,8.0,20.0,0.6,4.0,10.0,0.5,9.0,9.0,1.0,3.0,7.0,10.0,5.0,3.0,1.0,5.0,5.0,29.0,19.8,8.0,0.75,0.75,1.0,2.0,9.4,26.1,16.9,29.8,5.6,4.2,50.0,32.5,123.0,107.0,MIA,99,0,1,240.0,240.0,37.0,80.0,0.463,12.0,39.0,0.308,15.0,23.0,0.652,5.0,37.0,42.0,28.0,7.0,5.0,19.0,19.0,101.0,,,0.56,0.538,0.488,0.288,12.8,82.2,50.0,75.7,6.9,11.9,17.4,100.0,99.4,97.4,,,10.0,18.0,0.778,5.0,12.0,0.5,10.0,12.0,1.0,2.0,9.0,9.0,9.0,2.0,3.0,5.0,4.0,25.0,22.8,13.0,0.775,0.833,1.0,1.091,10.3,27.9,14.9,54.1,4.1,10.9,50.0,25.1,125.0,107.0,IND,101,1,2023,2022-11-04,False
240.0,240.0,37.0,80.0,0.463,12.0,39.0,0.308,15.0,23.0,0.652,5.0,37.0,42.0,28.0,7.0,5.0,19.0,19.0,101.0,,,0.56,0.538,0.488,0.288,12.8,82.2,50.0,75.7,6.9,11.9,17.4,100.0,99.4,97.4,,,10.0,18.0,0.778,5.0,12.0,0.5,10.0,12.0,1.0,2.0,9.0,9.0,9.0,2.0,3.0,5.0,4.0,25.0,22.8,13.0,0.775,0.833,1.0,1.091,10.3,27.9,14.9,54.1,4.1,10.9,50.0,25.1,125.0,107.0,IND,101,1,0,240.0,240.0,31.0,81.0,0.383,11.0,39.0,0.282,26.0,26.0,1.0,8.0,34.0,42.0,17.0,10.0,2.0,19.0,22.0,99.0,,,0.535,0.451,0.481,0.321,17.8,87.2,50.0,54.8,9.8,4.9,17.0,100.0,97.4,99.4,,,8.0,20.0,0.6,4.0,10.0,0.5,9.0,9.0,1.0,3.0,7.0,10.0,5.0,3.0,1.0,5.0,5.0,29.0,19.8,8.0,0.75,0.75,1.0,2.0,9.4,26.1,16.9,29.8,5.6,4.2,50.0,32.5,123.0,107.0,MIA,99,0,2023,2022-11-04,True
240.0,240.0,52.0,103.0,0.505,17.0,40.0,0.425,9.0,10.0,0.9,15.0,33.0,48.0,31.0,8.0,3.0,8.0,22.0,130.0,,,0.605,0.587,0.388,0.097,32.6,78.6,54.5,59.6,8.3,5.3,6.9,100.0,135.0,120.5,,,9.0,19.0,0.8,3.0,9.0,1.0,6.0,6.0,1.0,3.0,10.0,13.0,10.0,2.0,2.0,2.0,5.0,27.0,26.9,17.0,0.827,0.85,1.0,0.353,29.5,89.1,42.5,35.8,6.7,15.9,33.3,32.4,177.0,129.0,UTA,130,0,1,240.0,240.0,40.0,83.0,0.482,11.0,26.0,0.423,25.0,28.0,0.893,9.0,31.0,40.0,22.0,6.0,6.0,11.0,17.0,116.0,,,0.608,0.548,0.313,0.337,21.4,67.4,45.5,55.0,6.2,9.5,10.3,100.0,120.5,135.0,,,9.0,19.0,1.0,3.0,6.0,1.0,5.0,5.0,1.0,3.0,8.0,10.0,8.0,2.0,2.0,4.0,3.0,26.0,22.5,2.0,1.33,1.5,1.0,4.0,11.4,31.3,21.8,38.7,3.4,7.0,34.7,70.4,250.0,144.0,LAL,116,1,2023,2022-11-04,True
240.0,240.0,40.0,83.0,0.482,11.0,26.0,0.423,25.0,28.0,0.893,9.0,31.0,40.0,22.0,6.0,6.0,11.0,17.0,116.0,,,0.608,0.548,0.313,0.337,21.4,67.4,45.5,55.0,6.2,9.5,10.3,100.0,120.5,135.0,,,9.0,19.0,1.0,3.0,6.0,1.0,5.0,5.0,1.0,3.0,8.0,10.0,8.0,2.0,2.0,4.0,3.0,26.0,22.5,2.0,1.33,1.5,1.0,4.0,11.4,31.3,21.8,38.7,3.4,7.0,34.7,70.4,250.0,144.0,LAL,116,1,0,240.0,240.0,52.0,103.0,0.505,17.0,40.0,0.425,9.0,10.0,0.9,15.0,33.0,48.0,31.0,8.0,3.0,8.0,22.0,130.0,,,0.605,0.587,0.388,0.097,32.6,78.6,54.5,59.6,8.3,5.3,6.9,100.0,135.0,120.5,,,9.0,19.0,0.8,3.0,9.0,1.0,6.0,6.0,1.0,3.0,10.0,13.0,10.0,2.0,2.0,2.0,5.0,27.0,26.9,17.0,0.827,0.85,1.0,0.353,29.5,89.1,42.5,35.8,6.7,15.9,33.3,32.4,177.0,129.0,UTA,130,0,2023,2022-11-04,False
240.0,240.0,33.0,86.0,0.384,8.0,27.0,0.296,25.0,31.0,0.806,12.0,29.0,41.0,22.0,11.0,7.0,18.0,17.0,99.0,,,0.497,0.43,0.314,0.36,22.2,61.7,40.6,66.7,10.6,11.3,15.3,100.0,95.0,124.8,,,7.0,15.0,0.7,2.0,7.0,0.5,5.0,6.0,1.0,4.0,5.0,9.0,5.0,2.0,3.0,3.0,3.0,17.0,14.5,9.0,0.833,0.7,0.8,1.0,18.8,27.0,22.7,41.7,6.3,31.5,37.5,29.2,145.0,132.0,CHO,99,0,1,240.0,240.0,50.0,98.0,0.51,16.0,36.0,0.444,14.0,18.0,0.778,18.0,42.0,60.0,34.0,6.0,10.0,19.0,20.0,130.0,,,0.614,0.592,0.367,0.184,38.3,77.8,59.4,68.0,5.8,16.9,15.2,100.0,124.8,95.0,,,8.0,16.0,0.75,6.0,7.0,0.857,5.0,5.0,1.0,11.0,8.0,19.0,11.0,2.0,3.0,5.0,4.0,23.0,21.5,40.0,1.0,1.0,1.0,0.714,51.7,37.1,41.5,50.1,8.9,15.3,33.3,30.2,204.0,103.0,MEM,130,1,2023,2022-11-04,False
240.0,240.0,50.0,98.0,0.51,16.0,36.0,0.444,14.0,18.0,0.778,18.0,42.0,60.0,34.0,6.0,10.0,19.0,20.0,130.0,,,0.614,0.592,0.367,0.184,38.3,77.8,59.4,68.0,5.8,16.9,15.2,100.0,124.8,95.0,,,8.0,16.0,0.75,6.0,7.0,0.857,5.0,5.0,1.0,11.0,8.0,19.0,11.0,2.0,3.0,5.0,4.0,23.0,21.5,40.0,1.0,1.0,1.0,0.714,51.7,37.1,41.5,50.1,8.9,15.3,33.3,30.2,204.0,103.0,MEM,130,1,0,240.0,240.0,33.0,86.0,0.384,8.0,27.0,0.296,25.0,31.0,0.806,12.0,29.0,41.0,22.0,11.0,7.0,18.0,17.0,99.0,,,0.497,0.43,0.314,0.36,22.2,61.7,40.6,66.7,10.6,11.3,15.3,100.0,95.0,124.8,,,7.0,15.0,0.7,2.0,7.0,0.5,5.0,6.0,1.0,4.0,5.0,9.0,5.0,2.0,3.0,3.0,3.0,17.0,14.5,9.0,0.833,0.7,0.8,1.0,18.8,27.0,22.7,41.7,6.3,31.5,37.5,29.2,145.0,132.0,CHO,99,0,2023,2022-11-04,True
240.0,240.0,41.0,85.0,0.482,17.0,38.0,0.447,16.0,28.0,0.571,7.0,44.0,51.0,29.0,7.0,2.0,13.0,22.0,115.0,,,0.591,0.582,0.447,0.329,15.9,81.5,52.0,70.7,6.8,3.9,11.8,100.0,111.6,99.0,,,12.0,24.0,1.0,4.0,11.0,1.0,10.0,20.0,1.0,3.0,14.0,14.0,11.0,2.0,1.0,4.0,4.0,29.0,26.0,25.0,1.5,1.5,1.0,1.176,10.9,37.1,20.4,50.7,4.6,4.8,33.3,38.6,278.0,105.0,MIL,115,0,1,240.0,240.0,39.0,92.0,0.424,11.0,41.0,0.268,13.0,17.0,0.765,10.0,37.0,47.0,22.0,2.0,4.0,16.0,25.0,102.0,,,0.513,0.484,0.446,0.185,18.5,84.1,48.0,56.4,1.9,8.5,13.9,100.0,99.0,111.6,,,10.0,19.0,0.8,3.0,9.0,1.0,3.0,4.0,1.0,4.0,9.0,13.0,5.0,1.0,1.0,4.0,6.0,24.0,15.5,13.0,0.9,0.9,1.0,0.667,11.7,32.2,20.9,30.2,1.5,5.5,44.4,30.9,124.0,117.0,MIN,102,1,2023,2022-11-04,True
240.0,240.0,39.0,92.0,0.424,11.0,41.0,0.268,13.0,17.0,0.765,10.0,37.0,47.0,22.0,2.0,4.0,16.0,25.0,102.0,,,0.513,0.484,0.446,0.185,18.5,84.1,48.0,56.4,1.9,8.5,13.9,100.0,99.0,111.6,,,10.0,19.0,0.8,3.0,9.0,1.0,3.0,4.0,1.0,4.0,9.0,13.0,5.0,1.0,1.0,4.0,6.0,24.0,15.5,13.0,0.9,0.9,1.0,0.667,11.7,32.2,20.9,30.2,1.5,5.5,44.4,30.9,124.0,117.0,MIN,102,1,0,240.0,240.0,41.0,85.0,0.482,17.0,38.0,0.447,16.0,28.0,0.571,7.0,44.0,51.0,29.0,7.0,2.0,13.0,22.0,115.0,,,0.591,0.582,0.447,0.329,15.9,81.5,52.0,70.7,6.8,3.9,11.8,100.0,111.6,99.0,,,12.0,24.0,1.0,4.0,11.0,1.0,10.0,20.0,1.0,3.0,14.0,14.0,11.0,2.0,1.0,4.0,4.0,29.0,26.0,25.0,1.5,1.5,1.0,1.176,10.9,37.1,20.4,50.7,4.6,4.8,33.3,38.6,278.0,105.0,MIL,115,0,2023,2022-11-04,False
240.0,240.0,35.0,71.0,0.493,12.0,32.0,0.375,23.0,25.0,0.92,3.0,26.0,29.0,23.0,7.0,1.0,23.0,25.0,105.0,,,0.64,0.577,0.451,0.352,9.7,74.3,43.9,65.7,7.1,1.9,21.9,100.0,106.1,115.2,,,7.0,18.0,1.0,4.0,10.0,0.667,7.0,7.0,1.0,1.0,5.0,6.0,9.0,3.0,1.0,5.0,5.0,20.0,17.7,10.0,0.906,1.0,1.0,4.0,9.3,41.3,26.3,39.1,4.0,2.4,45.0,45.1,166.0,124.0,GSW,105,0,1,240.0,240.0,41.0,81.0,0.506,12.0,29.0,0.414,20.0,29.0,0.69,9.0,28.0,37.0,24.0,10.0,2.0,16.0,21.0,114.0,,,0.608,0.58,0.358,0.358,25.7,90.3,56.1,58.5,10.1,5.1,14.6,100.0,115.2,106.1,,,10.0,17.0,0.833,3.0,7.0,0.75,7.0,10.0,1.0,4.0,6.0,8.0,5.0,3.0,2.0,4.0,4.0,26.0,18.1,22.0,0.833,0.833,1.0,2.0,19.2,39.8,22.4,49.8,5.4,6.8,25.4,30.9,158.0,114.0,NOP,114,1,2023,2022-11-04,False
240.0,240.0,41.0,81.0,0.506,12.0,29.0,0.414,20.0,29.0,0.69,9.0,28.0,37.0,24.0,10.0,2.0,16.0,21.0,114.0,,,0.608,0.58,0.358,0.358,25.7,90.3,56.1,58.5,10.1,5.1,14.6,100.0,115.2,106.1,,,10.0,17.0,0.833,3.0,7.0,0.75,7.0,10.0,1.0,4.0,6.0,8.0,5.0,3.0,2.0,4.0,4.0,26.0,18.1,22.0,0.833,0.833,1.0,2.0,19.2,39.8,22.4,49.8,5.4,6.8,25.4,30.9,158.0,114.0,NOP,114,1,0,240.0,240.0,35.0,71.0,0.493,12.0,32.0,0.375,23.0,25.0,0.92,3.0,26.0,29.0,23.0,7.0,1.0,23.0,25.0,105.0,,,0.64,0.577,0.451,0.352,9.7,74.3,43.9,65.7,7.1,1.9,21.9,100.0,106.1,115.2,,,7.0,18.0,1.0,4.0,10.0,0.667,7.0,7.0,1.0,1.0,5.0,6.0,9.0,3.0,1.0,5.0,5.0,20.0,17.7,10.0,0.906,1.0,1.0,4.0,9.3,41.3,26.3,39.1,4.0,2.4,45.0,45.1,166.0,124.0,GSW,105,0,2023,2022-11-04,True
240.0,240.0,37.0,80.0,0.463,9.0,33.0,0.273,23.0,27.0,0.852,10.0,40.0,50.0,24.0,5.0,8.0,22.0,21.0,106.0,,,0.577,0.519,0.413,0.338,24.4,75.5,53.2,64.9,4.8,15.7,19.3,100.0,102.4,100.5,,,8.0,16.0,1.0,3.0,8.0,1.0,8.0,9.0,1.0,4.0,9.0,10.0,7.0,2.0,3.0,6.0,3.0,23.0,19.8,19.0,1.127,1.125,1.0,2.0,23.9,26.2,24.6,39.0,4.4,13.6,66.7,36.5,230.0,111.0,NYK,106,0,1,240.0,240.0,37.0,98.0,0.378,13.0,47.0,0.277,17.0,21.0,0.81,13.0,31.0,44.0,27.0,12.0,8.0,15.0,25.0,104.0,,,0.485,0.444,0.48,0.214,24.5,75.6,46.8,73.0,11.6,17.0,12.3,100.0,100.5,102.4,,,10.0,29.0,0.667,4.0,13.0,0.5,7.0,8.0,1.0,4.0,7.0,9.0,9.0,6.0,2.0,4.0,4.0,31.0,22.0,5.0,0.735,0.7,0.875,1.333,12.0,25.7,12.3,46.5,15.4,11.2,40.0,36.3,158.0,112.0,PHI,104,1,2023,2022-11-04,True
240.0,240.0,37.0,98.0,0.378,13.0,47.0,0.277,17.0,21.0,0.81,13.0,31.0,44.0,27.0,12.0,8.0,15.0,25.0,104.0,,,0.485,0.444,0.48,0.214,24.5,75.6,46.8,73.0,11.6,17.0,12.3,100.0,100.5,102.4,,,10.0,29.0,0.667,4.0,13.0,0.5,7.0,8.0,1.0,4.0,7.0,9.0,9.0,6.0,2.0,4.0,4.0,31.0,22.0,5.0,0.735,0.7,0.875,1.333,12.0,25.7,12.3,46.5,15.4,11.2,40.0,36.3,158.0,112.0,PHI,104,1,0,240.0,240.0,37.0,80.0,0.463,9.0,33.0,0.273,23.0,27.0,0.852,10.0,40.0,50.0,24.0,5.0,8.0,22.0,21.0,106.0,,,0.577,0.519,0.413,0.338,24.4,75.5,53.2,64.9,4.8,15.7,19.3,100.0,102.4,100.5,,,8.0,16.0,1.0,3.0,8.0,1.0,8.0,9.0,1.0,4.0,9.0,10.0,7.0,2.0,3.0,6.0,3.0,23.0,19.8,19.0,1.127,1.125,1.0,2.0,23.9,26.2,24.6,39.0,4.4,13.6,66.7,36.5,230.0,111.0,NYK,106,0,2023,2022-11-04,False
240.0,240.0,43.0,85.0,0.506,10.0,23.0,0.435,12.0,15.0,0.8,11.0,31.0,42.0,30.0,6.0,3.0,18.0,24.0,108.0,,,0.59,0.565,0.271,0.176,29.7,70.5,51.9,69.8,6.3,6.1,16.4,100.0,114.2,112.1,,,10.0,17.0,1.0,2.0,8.0,1.0,9.0,11.0,1.0,5.0,8.0,9.0,9.0,2.0,1.0,3.0,4.0,30.0,21.9,10.0,1.0,1.0,0.615,0.647,26.3,24.2,19.2,40.3,5.5,4.2,30.0,32.1,157.0,121.0,POR,108,0,1,240.0,240.0,36.0,83.0,0.434,14.0,34.0,0.412,20.0,21.0,0.952,13.0,26.0,39.0,26.0,8.0,4.0,17.0,22.0,106.0,,,0.575,0.518,0.41,0.253,29.5,70.3,48.1,72.2,8.5,6.5,15.6,100.0,112.1,114.2,,,10.0,21.0,1.0,3.0,7.0,1.0,6.0,6.0,1.0,4.0,5.0,8.0,11.0,2.0,2.0,5.0,5.0,25.0,16.9,8.0,1.16,1.167,0.75,1.0,29.7,34.9,24.2,45.2,10.1,41.7,100.0,35.5,178.0,123.0,PHO,106,1,2023,2022-11-04,True
240.0,240.0,36.0,83.0,0.434,14.0,34.0,0.412,20.0,21.0,0.952,13.0,26.0,39.0,26.0,8.0,4.0,17.0,22.0,106.0,,,0.575,0.518,0.41,0.253,29.5,70.3,48.1,72.2,8.5,6.5,15.6,100.0,112.1,114.2,,,10.0,21.0,1.0,3.0,7.0,1.0,6.0,6.0,1.0,4.0,5.0,8.0,11.0,2.0,2.0,5.0,5.0,25.0,16.9,8.0,1.16,1.167,0.75,1.0,29.7,34.9,24.2,45.2,10.1,41.7,100.0,35.5,178.0,123.0,PHO,106,1,0,240.0,240.0,43.0,85.0,0.506,10.0,23.0,0.435,12.0,15.0,0.8,11.0,31.0,42.0,30.0,6.0,3.0,18.0,24.0,108.0,,,0.59,0.565,0.271,0.176,29.7,70.5,51.9,69.8,6.3,6.1,16.4,100.0,114.2,112.1,,,10.0,17.0,1.0,2.0,8.0,1.0,9.0,11.0,1.0,5.0,8.0,9.0,9.0,2.0,1.0,3.0,4.0,30.0,21.9,10.0,1.0,1.0,0.615,0.647,26.3,24.2,19.2,40.3,5.5,4.2,30.0,32.1,157.0,121.0,POR,108,0,2023,2022-11-04,False
240.0,240.0,42.0,80.0,0.525,15.0,33.0,0.455,14.0,19.0,0.737,3.0,41.0,44.0,26.0,6.0,5.0,16.0,25.0,113.0,,,0.639,0.619,0.413,0.238,9.4,87.2,55.7,61.9,5.9,8.8,15.3,100.0,112.0,105.1,,,11.0,16.0,1.0,4.0,6.0,0.667,6.0,7.0,1.0,1.0,14.0,15.0,6.0,2.0,4.0,5.0,5.0,32.0,24.8,16.0,1.0,1.0,1.0,2.0,45.2,39.6,25.3,33.4,8.2,9.3,40.0,69.3,200.0,111.0,LAC,113,0,1,240.0,240.0,42.0,88.0,0.477,12.0,31.0,0.387,10.0,18.0,0.556,6.0,29.0,35.0,23.0,7.0,2.0,13.0,17.0,106.0,,,0.553,0.545,0.352,0.205,12.8,90.6,44.3,54.8,6.9,4.3,11.9,100.0,105.1,112.0,,,12.0,19.0,0.75,4.0,9.0,0.8,5.0,8.0,1.0,2.0,7.0,7.0,6.0,3.0,1.0,3.0,3.0,29.0,21.8,16.0,0.882,0.875,0.5,2.0,10.7,49.7,20.1,27.4,5.4,4.8,30.0,32.2,142.0,117.0,SAS,106,1,2023,2022-11-04,True
240.0,240.0,42.0,88.0,0.477,12.0,31.0,0.387,10.0,18.0,0.556,6.0,29.0,35.0,23.0,7.0,2.0,13.0,17.0,106.0,,,0.553,0.545,0.352,0.205,12.8,90.6,44.3,54.8,6.9,4.3,11.9,100.0,105.1,112.0,,,12.0,19.0,0.75,4.0,9.0,0.8,5.0,8.0,1.0,2.0,7.0,7.0,6.0,3.0,1.0,3.0,3.0,29.0,21.8,16.0,0.882,0.875,0.5,2.0,10.7,49.7,20.1,27.4,5.4,4.8,30.0,32.2,142.0,117.0,SAS,106,1,0,240.0,240.0,42.0,80.0,0.525,15.0,33.0,0.455,14.0,19.0,0.737,3.0,41.0,44.0,26.0,6.0,5.0,16.0,25.0,113.0,,,0.639,0.619,0.413,0.238,9.4,87.2,55.7,61.9,5.9,8.8,15.3,100.0,112.0,105.1,,,11.0,16.0,1.0,4.0,6.0,0.667,6.0,7.0,1.0,1.0,14.0,15.0,6.0,2.0,4.0,5.0,5.0,32.0,24.8,16.0,1.0,1.0,1.0,2.0,45.2,39.6,25.3,33.4,8.2,9.3,40.0,69.3,200.0,111.0,LAC,113,0,2023,2022-11-04,False
240.0,240.0,50.0,90.0,0.556,14.0,28.0,0.5,14.0,14.0,1.0,7.0,41.0,48.0,32.0,8.0,7.0,9.0,19.0,128.0,,,0.666,0.633,0.311,0.156,17.9,85.4,55.2,64.0,8.3,14.3,8.6,100.0,132.3,88.9,,,10.0,21.0,0.9,3.0,6.0,0.667,6.0,6.0,1.0,3.0,9.0,9.0,11.0,2.0,3.0,2.0,4.0,28.0,26.0,36.0,0.9,0.9,0.8,0.571,15.4,27.1,18.4,44.8,6.6,10.4,50.0,36.0,183.0,97.0,BRK,128,0,1,240.0,240.0,30.0,83.0,0.361,8.0,34.0,0.235,18.0,22.0,0.818,7.0,32.0,39.0,18.0,4.0,3.0,13.0,15.0,86.0,,,0.464,0.41,0.41,0.265,14.6,82.1,44.8,60.0,4.1,4.8,12.3,100.0,88.9,132.3,,,8.0,18.0,1.0,3.0,8.0,0.5,6.0,8.0,1.0,3.0,7.0,10.0,5.0,2.0,1.0,3.0,2.0,20.0,15.9,-5.0,1.136,1.0,0.833,0.667,13.0,47.8,21.5,41.0,3.4,7.5,53.2,31.6,141.0,139.0,WAS,86,1,2023,2022-11-04,True
240.0,240.0,30.0,83.0,0.361,8.0,34.0,0.235,18.0,22.0,0.818,7.0,32.0,39.0,18.0,4.0,3.0,13.0,15.0,86.0,,,0.464,0.41,0.41,0.265,14.6,82.1,44.8,60.0,4.1,4.8,12.3,100.0,88.9,132.3,,,8.0,18.0,1.0,3.0,8.0,0.5,6.0,8.0,1.0,3.0,7.0,10.0,5.0,2.0,1.0,3.0,2.0,20.0,15.9,-5.0,1.136,1.0,0.833,0.667,13.0,47.8,21.5,41.0,3.4,7.5,53.2,31.6,141.0,139.0,WAS,86,1,0,240.0,240.0,50.0,90.0,0.556,14.0,28.0,0.5,14.0,14.0,1.0,7.0,41.0,48.0,32.0,8.0,7.0,9.0,19.0,128.0,,,0.666,0.633,0.311,0.156,17.9,85.4,55.2,64.0,8.3,14.3,8.6,100.0,132.3,88.9,,,10.0,21.0,0.9,3.0,6.0,0.667,6.0,6.0,1.0,3.0,9.0,9.0,11.0,2.0,3.0,2.0,4.0,28.0,26.0,36.0,0.9,0.9,0.8,0.571,15.4,27.1,18.4,44.8,6.6,10.4,50.0,36.0,183.0,97.0,BRK,128,0,2023,2022-11-04,False
265.0,265.0,47.0,108.0,0.435,7.0,23.0,0.304,20.0,28.0,0.714,19.0,40.0,59.0,23.0,8.0,6.0,16.0,24.0,121.0,,,0.503,0.468,0.213,0.259,33.3,76.9,54.1,48.9,7.1,9.0,11.7,100.0,107.3,109.9,,,12.0,23.0,0.75,4.0,9.0,0.5,7.0,10.0,1.0,7.0,10.0,17.0,7.0,3.0,2.0,7.0,5.0,29.0,19.6,6.0,0.82,0.75,1.0,0.692,25.4,39.7,32.2,33.7,5.2,5.1,50.0,32.8,181.0,119.0,NOP,121,0,1,265.0,265.0,47.0,103.0,0.456,9.0,36.0,0.25,21.0,25.0,0.84,12.0,38.0,50.0,28.0,12.0,8.0,13.0,23.0,124.0,,,0.544,0.5,0.35,0.243,23.1,66.7,45.9,59.6,10.6,9.4,10.2,100.0,109.9,107.3,,,10.0,26.0,0.714,2.0,9.0,0.5,14.0,15.0,1.0,5.0,14.0,19.0,11.0,3.0,4.0,5.0,5.0,34.0,24.1,21.0,0.786,0.786,0.857,1.0,14.6,37.2,26.4,39.2,6.3,7.1,20.0,37.1,157.0,114.0,ATL,124,1,2023,2022-11-05,False
265.0,265.0,47.0,103.0,0.456,9.0,36.0,0.25,21.0,25.0,0.84,12.0,38.0,50.0,28.0,12.0,8.0,13.0,23.0,124.0,,,0.544,0.5,0.35,0.243,23.1,66.7,45.9,59.6,10.6,9.4,10.2,100.0,109.9,107.3,,,10.0,26.0,0.714,2.0,9.0,0.5,14.0,15.0,1.0,5.0,14.0,19.0,11.0,3.0,4.0,5.0,5.0,34.0,24.1,21.0,0.786,0.786,0.857,1.0,14.6,37.2,26.4,39.2,6.3,7.1,20.0,37.1,157.0,114.0,ATL,124,1,0,265.0,265.0,47.0,108.0,0.435,7.0,23.0,0.304,20.0,28.0,0.714,19.0,40.0,59.0,23.0,8.0,6.0,16.0,24.0,121.0,,,0.503,0.468,0.213,0.259,33.3,76.9,54.1,48.9,7.1,9.0,11.7,100.0,107.3,109.9,,,12.0,23.0,0.75,4.0,9.0,0.5,7.0,10.0,1.0,7.0,10.0,17.0,7.0,3.0,2.0,7.0,5.0,29.0,19.6,6.0,0.82,0.75,1.0,0.692,25.4,39.7,32.2,33.7,5.2,5.1,50.0,32.8,181.0,119.0,NOP,121,0,2023,2022-11-05,True
240.0,240.0,33.0,84.0,0.393,12.0,36.0,0.333,20.0,22.0,0.909,9.0,32.0,41.0,23.0,8.0,10.0,11.0,21.0,98.0,,,0.523,0.464,0.429,0.262,19.6,71.1,45.1,69.7,8.6,22.7,10.5,100.0,105.0,100.7,,,10.0,20.0,0.714,3.0,8.0,0.667,10.0,11.0,1.0,4.0,8.0,9.0,5.0,3.0,4.0,3.0,4.0,27.0,19.1,13.0,0.917,0.917,0.833,1.0,13.6,32.9,18.7,39.5,12.5,17.2,28.7,31.5,141.0,115.0,BRK,98,0,1,240.0,240.0,32.0,86.0,0.372,14.0,42.0,0.333,16.0,23.0,0.696,13.0,37.0,50.0,22.0,3.0,6.0,15.0,21.0,94.0,,,0.489,0.453,0.488,0.267,28.9,80.4,54.9,68.8,3.2,12.5,13.5,100.0,100.7,105.0,,,9.0,24.0,0.6,6.0,14.0,0.5,5.0,7.0,1.0,4.0,8.0,11.0,5.0,1.0,4.0,4.0,5.0,25.0,16.2,14.0,0.694,0.6,0.786,1.0,24.1,29.4,26.8,45.5,1.9,11.8,28.8,33.8,140.0,113.0,CHO,94,1,2023,2022-11-05,True
240.0,240.0,32.0,86.0,0.372,14.0,42.0,0.333,16.0,23.0,0.696,13.0,37.0,50.0,22.0,3.0,6.0,15.0,21.0,94.0,,,0.489,0.453,0.488,0.267,28.9,80.4,54.9,68.8,3.2,12.5,13.5,100.0,100.7,105.0,,,9.0,24.0,0.6,6.0,14.0,0.5,5.0,7.0,1.0,4.0,8.0,11.0,5.0,1.0,4.0,4.0,5.0,25.0,16.2,14.0,0.694,0.6,0.786,1.0,24.1,29.4,26.8,45.5,1.9,11.8,28.8,33.8,140.0,113.0,CHO,94,1,0,240.0,240.0,33.0,84.0,0.393,12.0,36.0,0.333,20.0,22.0,0.909,9.0,32.0,41.0,23.0,8.0,10.0,11.0,21.0,98.0,,,0.523,0.464,0.429,0.262,19.6,71.1,45.1,69.7,8.6,22.7,10.5,100.0,105.0,100.7,,,10.0,20.0,0.714,3.0,8.0,0.667,10.0,11.0,1.0,4.0,8.0,9.0,5.0,3.0,4.0,3.0,4.0,27.0,19.1,13.0,0.917,0.917,0.833,1.0,13.6,32.9,18.7,39.5,12.5,17.2,28.7,31.5,141.0,115.0,BRK,98,0,2023,2022-11-05,False
240.0,240.0,39.0,80.0,0.488,12.0,30.0,0.4,11.0,19.0,0.579,6.0,22.0,28.0,28.0,8.0,3.0,15.0,13.0,101.0,,,0.572,0.563,0.375,0.238,14.0,68.8,37.3,71.8,8.2,5.2,14.5,100.0,104.1,129.8,,,8.0,14.0,1.0,4.0,7.0,1.0,5.0,6.0,1.0,3.0,5.0,8.0,7.0,2.0,1.0,3.0,4.0,25.0,18.7,6.0,1.25,1.25,1.0,1.0,12.1,37.1,17.9,39.7,5.4,3.4,50.0,29.3,241.0,138.0,SAS,101,0,1,240.0,240.0,53.0,87.0,0.609,15.0,29.0,0.517,5.0,10.0,0.5,10.0,37.0,47.0,37.0,10.0,0.0,18.0,15.0,126.0,,,0.689,0.695,0.333,0.115,31.3,86.0,62.7,69.8,10.3,0.0,16.5,100.0,129.8,104.1,,,9.0,17.0,1.0,6.0,8.0,1.0,3.0,3.0,1.0,2.0,8.0,9.0,10.0,4.0,0.0,4.0,3.0,24.0,23.6,27.0,1.5,1.5,1.0,0.5,18.1,46.4,30.8,49.2,7.4,0.0,100.0,32.2,300.0,113.0,DEN,126,1,2023,2022-11-05,False
240.0,240.0,53.0,87.0,0.609,15.0,29.0,0.517,5.0,10.0,0.5,10.0,37.0,47.0,37.0,10.0,0.0,18.0,15.0,126.0,,,0.689,0.695,0.333,0.115,31.3,86.0,62.7,69.8,10.3,0.0,16.5,100.0,129.8,104.1,,,9.0,17.0,1.0,6.0,8.0,1.0,3.0,3.0,1.0,2.0,8.0,9.0,10.0,4.0,0.0,4.0,3.0,24.0,23.6,27.0,1.5,1.5,1.0,0.5,18.1,46.4,30.8,49.2,7.4,0.0,100.0,32.2,300.0,113.0,DEN,126,1,0,240.0,240.0,39.0,80.0,0.488,12.0,30.0,0.4,11.0,19.0,0.579,6.0,22.0,28.0,28.0,8.0,3.0,15.0,13.0,101.0,,,0.572,0.563,0.375,0.238,14.0,68.8,37.3,71.8,8.2,5.2,14.5,100.0,104.1,129.8,,,8.0,14.0,1.0,4.0,7.0,1.0,5.0,6.0,1.0,3.0,5.0,8.0,7.0,2.0,1.0,3.0,4.0,25.0,18.7,6.0,1.25,1.25,1.0,1.0,12.1,37.1,17.9,39.7,5.4,3.4,50.0,29.3,241.0,138.0,SAS,101,0,2023,2022-11-05,True
240.0,240.0,36.0,84.0,0.429,12.0,35.0,0.343,10.0,16.0,0.625,9.0,29.0,38.0,22.0,6.0,3.0,16.0,18.0,94.0,,,0.516,0.5,0.417,0.19,19.6,61.7,40.9,61.1,6.3,7.0,14.9,100.0,98.5,113.2,,,7.0,16.0,0.75,2.0,6.0,0.667,4.0,5.0,1.0,3.0,5.0,6.0,7.0,2.0,1.0,4.0,3.0,18.0,11.5,11.0,1.0,1.0,0.75,0.667,20.3,30.9,15.6,40.3,9.9,6.4,100.0,36.2,206.0,126.0,OKC,94,0,1,240.0,240.0,38.0,90.0,0.422,17.0,47.0,0.362,15.0,17.0,0.882,18.0,37.0,55.0,23.0,7.0,6.0,19.0,16.0,108.0,,,0.554,0.517,0.522,0.189,38.3,80.4,59.1,60.5,7.3,12.2,16.3,100.0,113.2,98.5,,,10.0,16.0,0.75,5.0,9.0,0.833,4.0,4.0,1.0,4.0,17.0,21.0,13.0,2.0,2.0,3.0,6.0,25.0,17.7,17.0,1.07,1.063,0.75,1.0,30.8,100.0,53.4,65.6,4.9,100.0,51.0,34.1,157.0,107.0,MIL,108,1,2023,2022-11-05,False
240.0,240.0,38.0,90.0,0.422,17.0,47.0,0.362,15.0,17.0,0.882,18.0,37.0,55.0,23.0,7.0,6.0,19.0,16.0,108.0,,,0.554,0.517,0.522,0.189,38.3,80.4,59.1,60.5,7.3,12.2,16.3,100.0,113.2,98.5,,,10.0,16.0,0.75,5.0,9.0,0.833,4.0,4.0,1.0,4.0,17.0,21.0,13.0,2.0,2.0,3.0,6.0,25.0,17.7,17.0,1.07,1.063,0.75,1.0,30.8,100.0,53.4,65.6,4.9,100.0,51.0,34.1,157.0,107.0,MIL,108,1,0,240.0,240.0,36.0,84.0,0.429,12.0,35.0,0.343,10.0,16.0,0.625,9.0,29.0,38.0,22.0,6.0,3.0,16.0,18.0,94.0,,,0.516,0.5,0.417,0.19,19.6,61.7,40.9,61.1,6.3,7.0,14.9,100.0,98.5,113.2,,,7.0,16.0,0.75,2.0,6.0,0.667,4.0,5.0,1.0,3.0,5.0,6.0,7.0,2.0,1.0,4.0,3.0,18.0,11.5,11.0,1.0,1.0,0.75,0.667,20.3,30.9,15.6,40.3,9.9,6.4,100.0,36.2,206.0,126.0,OKC,94,0,2023,2022-11-05,True
240.0,240.0,40.0,84.0,0.476,16.0,38.0,0.421,21.0,31.0,0.677,12.0,21.0,33.0,27.0,10.0,0.0,23.0,18.0,117.0,,,0.599,0.571,0.452,0.369,30.8,70.0,47.8,67.5,9.7,0.0,19.1,100.0,113.1,124.7,,,8.0,16.0,0.889,4.0,11.0,1.0,5.0,7.0,1.0,5.0,4.0,7.0,6.0,3.0,0.0,5.0,4.0,21.0,17.5,7.0,0.912,0.938,0.857,2.0,30.2,51.9,23.9,55.6,15.1,0.0,50.0,33.1,157.0,131.0,HOU,117,0,1,240.0,240.0,49.0,80.0,0.613,15.0,33.0,0.455,16.0,20.0,0.8,9.0,27.0,36.0,38.0,11.0,5.0,24.0,27.0,129.0,,,0.726,0.706,0.413,0.25,30.0,69.2,52.2,77.6,10.6,10.9,21.3,100.0,124.7,113.1,,,9.0,14.0,1.0,3.0,8.0,1.0,4.0,5.0,1.0,3.0,6.0,9.0,11.0,3.0,2.0,5.0,6.0,25.0,23.9,20.0,1.042,1.0,0.667,1.0,18.0,27.9,20.7,52.7,4.6,7.9,41.0,52.4,203.0,124.0,MIN,129,1,2023,2022-11-05,False
240.0,240.0,49.0,80.0,0.613,15.0,33.0,0.455,16.0,20.0,0.8,9.0,27.0,36.0,38.0,11.0,5.0,24.0,27.0,129.0,,,0.726,0.706,0.413,0.25,30.0,69.2,52.2,77.6,10.6,10.9,21.3,100.0,124.7,113.1,,,9.0,14.0,1.0,3.0,8.0,1.0,4.0,5.0,1.0,3.0,6.0,9.0,11.0,3.0,2.0,5.0,6.0,25.0,23.9,20.0,1.042,1.0,0.667,1.0,18.0,27.9,20.7,52.7,4.6,7.9,41.0,52.4,203.0,124.0,MIN,129,1,0,240.0,240.0,40.0,84.0,0.476,16.0,38.0,0.421,21.0,31.0,0.677,12.0,21.0,33.0,27.0,10.0,0.0,23.0,18.0,117.0,,,0.599,0.571,0.452,0.369,30.8,70.0,47.8,67.5,9.7,0.0,19.1,100.0,113.1,124.7,,,8.0,16.0,0.889,4.0,11.0,1.0,5.0,7.0,1.0,5.0,4.0,7.0,6.0,3.0,0.0,5.0,4.0,21.0,17.5,7.0,0.912,0.938,0.857,2.0,30.2,51.9,23.9,55.6,15.1,0.0,50.0,33.1,157.0,131.0,HOU,117,0,2023,2022-11-05,True
240.0,240.0,47.0,88.0,0.534,27.0,51.0,0.529,12.0,12.0,1.0,8.0,26.0,34.0,30.0,5.0,2.0,13.0,17.0,133.0,,,0.713,0.688,0.58,0.136,20.0,68.4,43.6,63.8,5.2,3.2,12.2,100.0,138.1,122.6,,,10.0,19.0,0.75,6.0,13.0,1.0,4.0,4.0,1.0,3.0,5.0,7.0,11.0,2.0,2.0,3.0,5.0,30.0,22.1,20.0,0.944,0.944,0.889,0.286,22.2,31.2,26.6,36.8,3.7,4.2,33.3,27.2,185.0,129.0,BOS,133,0,1,240.0,240.0,46.0,90.0,0.511,11.0,27.0,0.407,15.0,16.0,0.938,12.0,32.0,44.0,22.0,6.0,4.0,14.0,14.0,118.0,,,0.608,0.572,0.3,0.178,31.6,80.0,56.4,47.8,6.2,10.8,12.6,100.0,122.6,138.1,,,10.0,19.0,1.0,3.0,7.0,1.0,6.0,6.0,1.0,5.0,11.0,14.0,10.0,1.0,1.0,6.0,3.0,29.0,21.6,7.0,1.5,1.5,1.0,0.4,16.9,34.3,24.8,46.9,4.6,51.2,66.7,35.5,200.0,145.0,NYK,118,1,2023,2022-11-05,True
240.0,240.0,46.0,90.0,0.511,11.0,27.0,0.407,15.0,16.0,0.938,12.0,32.0,44.0,22.0,6.0,4.0,14.0,14.0,118.0,,,0.608,0.572,0.3,0.178,31.6,80.0,56.4,47.8,6.2,10.8,12.6,100.0,122.6,138.1,,,10.0,19.0,1.0,3.0,7.0,1.0,6.0,6.0,1.0,5.0,11.0,14.0,10.0,1.0,1.0,6.0,3.0,29.0,21.6,7.0,1.5,1.5,1.0,0.4,16.9,34.3,24.8,46.9,4.6,51.2,66.7,35.5,200.0,145.0,NYK,118,1,0,240.0,240.0,47.0,88.0,0.534,27.0,51.0,0.529,12.0,12.0,1.0,8.0,26.0,34.0,30.0,5.0,2.0,13.0,17.0,133.0,,,0.713,0.688,0.58,0.136,20.0,68.4,43.6,63.8,5.2,3.2,12.2,100.0,138.1,122.6,,,10.0,19.0,0.75,6.0,13.0,1.0,4.0,4.0,1.0,3.0,5.0,7.0,11.0,2.0,2.0,3.0,5.0,30.0,22.1,20.0,0.944,0.944,0.889,0.286,22.2,31.2,26.6,36.8,3.7,4.2,33.3,27.2,185.0,129.0,BOS,133,0,2023,2022-11-05,False
265.0,265.0,47.0,93.0,0.505,15.0,40.0,0.375,17.0,26.0,0.654,6.0,30.0,36.0,24.0,5.0,4.0,14.0,20.0,126.0,,,0.603,0.586,0.43,0.28,12.8,81.1,42.9,51.1,4.5,5.8,11.8,100.0,114.2,111.5,,,14.0,24.0,0.714,4.0,7.0,0.571,7.0,12.0,1.0,2.0,9.0,11.0,6.0,1.0,1.0,4.0,4.0,37.0,25.2,16.0,0.773,0.714,0.857,0.857,43.5,39.4,36.5,54.3,5.7,9.1,50.0,34.5,164.0,117.0,SAC,126,0,1,265.0,265.0,50.0,92.0,0.543,4.0,23.0,0.174,19.0,20.0,0.95,7.0,41.0,48.0,27.0,8.0,4.0,18.0,26.0,123.0,,,0.61,0.565,0.25,0.217,18.9,87.2,57.1,54.0,7.3,7.5,15.2,100.0,111.5,114.2,,,14.0,26.0,0.909,2.0,5.0,0.667,5.0,5.0,1.0,2.0,15.0,16.0,7.0,3.0,2.0,6.0,6.0,33.0,27.3,14.0,1.005,1.0,0.5,0.5,12.6,42.4,25.3,23.8,4.3,8.8,50.0,33.0,200.0,121.0,ORL,123,1,2023,2022-11-05,True
265.0,265.0,50.0,92.0,0.543,4.0,23.0,0.174,19.0,20.0,0.95,7.0,41.0,48.0,27.0,8.0,4.0,18.0,26.0,123.0,,,0.61,0.565,0.25,0.217,18.9,87.2,57.1,54.0,7.3,7.5,15.2,100.0,111.5,114.2,,,14.0,26.0,0.909,2.0,5.0,0.667,5.0,5.0,1.0,2.0,15.0,16.0,7.0,3.0,2.0,6.0,6.0,33.0,27.3,14.0,1.005,1.0,0.5,0.5,12.6,42.4,25.3,23.8,4.3,8.8,50.0,33.0,200.0,121.0,ORL,123,1,0,265.0,265.0,47.0,93.0,0.505,15.0,40.0,0.375,17.0,26.0,0.654,6.0,30.0,36.0,24.0,5.0,4.0,14.0,20.0,126.0,,,0.603,0.586,0.43,0.28,12.8,81.1,42.9,51.1,4.5,5.8,11.8,100.0,114.2,111.5,,,14.0,24.0,0.714,4.0,7.0,0.571,7.0,12.0,1.0,2.0,9.0,11.0,6.0,1.0,1.0,4.0,4.0,37.0,25.2,16.0,0.773,0.714,0.857,0.857,43.5,39.4,36.5,54.3,5.7,9.1,50.0,34.5,164.0,117.0,SAC,126,0,2023,2022-11-05,False
240.0,240.0,30.0,79.0,0.38,7.0,15.0,0.467,15.0,24.0,0.625,8.0,32.0,40.0,22.0,5.0,7.0,18.0,26.0,82.0,,,0.458,0.424,0.19,0.304,19.5,74.4,47.6,73.3,5.2,13.5,16.7,100.0,86.0,107.0,,,6.0,12.0,0.6,2.0,3.0,1.0,5.0,6.0,1.0,2.0,6.0,7.0,8.0,2.0,1.0,4.0,4.0,14.0,9.9,8.0,0.765,0.7,0.5,1.0,9.0,29.4,17.6,41.9,11.3,10.3,33.3,28.0,131.0,114.0,POR,82,0,1,240.0,240.0,35.0,82.0,0.427,11.0,30.0,0.367,21.0,28.0,0.75,11.0,33.0,44.0,22.0,7.0,14.0,14.0,22.0,102.0,,,0.541,0.494,0.366,0.341,25.6,80.5,52.4,62.9,7.3,21.9,12.9,100.0,107.0,86.0,,,9.0,20.0,0.6,2.0,7.0,1.0,7.0,7.0,1.0,4.0,5.0,9.0,4.0,2.0,3.0,3.0,4.0,24.0,17.6,22.0,0.765,0.8,0.667,1.0,21.3,29.5,24.5,35.3,3.7,16.3,34.2,48.9,158.0,99.0,PHO,102,1,2023,2022-11-05,False
240.0,240.0,35.0,82.0,0.427,11.0,30.0,0.367,21.0,28.0,0.75,11.0,33.0,44.0,22.0,7.0,14.0,14.0,22.0,102.0,,,0.541,0.494,0.366,0.341,25.6,80.5,52.4,62.9,7.3,21.9,12.9,100.0,107.0,86.0,,,9.0,20.0,0.6,2.0,7.0,1.0,7.0,7.0,1.0,4.0,5.0,9.0,4.0,2.0,3.0,3.0,4.0,24.0,17.6,22.0,0.765,0.8,0.667,1.0,21.3,29.5,24.5,35.3,3.7,16.3,34.2,48.9,158.0,99.0,PHO,102,1,0,240.0,240.0,30.0,79.0,0.38,7.0,15.0,0.467,15.0,24.0,0.625,8.0,32.0,40.0,22.0,5.0,7.0,18.0,26.0,82.0,,,0.458,0.424,0.19,0.304,19.5,74.4,47.6,73.3,5.2,13.5,16.7,100.0,86.0,107.0,,,6.0,12.0,0.6,2.0,3.0,1.0,5.0,6.0,1.0,2.0,6.0,7.0,8.0,2.0,1.0,4.0,4.0,14.0,9.9,8.0,0.765,0.7,0.5,1.0,9.0,29.4,17.6,41.9,11.3,10.3,33.3,28.0,131.0,114.0,POR,82,0,2023,2022-11-05,True
240.0,240.0,35.0,75.0,0.467,15.0,40.0,0.375,25.0,26.0,0.962,7.0,35.0,42.0,18.0,5.0,4.0,21.0,15.0,110.0,,,0.636,0.567,0.533,0.347,20.0,89.7,56.8,51.4,5.0,7.4,19.5,100.0,110.4,102.4,,,8.0,15.0,1.0,6.0,9.0,0.667,8.0,9.0,1.0,2.0,7.0,9.0,5.0,2.0,2.0,5.0,5.0,23.0,17.8,11.0,1.0,1.0,0.875,1.0,9.1,30.4,20.0,35.8,3.0,11.0,34.2,33.1,208.0,107.0,UTA,110,0,1,240.0,240.0,43.0,87.0,0.494,8.0,33.0,0.242,8.0,13.0,0.615,4.0,28.0,32.0,22.0,11.0,2.0,14.0,26.0,102.0,,,0.55,0.54,0.379,0.149,10.3,80.0,43.2,51.2,11.0,5.7,13.1,100.0,102.4,110.4,,,11.0,22.0,0.875,5.0,14.0,1.0,7.0,8.0,1.0,3.0,8.0,9.0,6.0,3.0,1.0,5.0,5.0,34.0,21.8,7.0,0.875,0.875,1.0,0.364,10.6,28.8,16.8,31.0,4.2,5.9,25.0,36.4,219.0,122.0,LAC,102,1,2023,2022-11-06,True
240.0,240.0,43.0,87.0,0.494,8.0,33.0,0.242,8.0,13.0,0.615,4.0,28.0,32.0,22.0,11.0,2.0,14.0,26.0,102.0,,,0.55,0.54,0.379,0.149,10.3,80.0,43.2,51.2,11.0,5.7,13.1,100.0,102.4,110.4,,,11.0,22.0,0.875,5.0,14.0,1.0,7.0,8.0,1.0,3.0,8.0,9.0,6.0,3.0,1.0,5.0,5.0,34.0,21.8,7.0,0.875,0.875,1.0,0.364,10.6,28.8,16.8,31.0,4.2,5.9,25.0,36.4,219.0,122.0,LAC,102,1,0,240.0,240.0,35.0,75.0,0.467,15.0,40.0,0.375,25.0,26.0,0.962,7.0,35.0,42.0,18.0,5.0,4.0,21.0,15.0,110.0,,,0.636,0.567,0.533,0.347,20.0,89.7,56.8,51.4,5.0,7.4,19.5,100.0,110.4,102.4,,,8.0,15.0,1.0,6.0,9.0,0.667,8.0,9.0,1.0,2.0,7.0,9.0,5.0,2.0,2.0,5.0,5.0,23.0,17.8,11.0,1.0,1.0,0.875,1.0,9.1,30.4,20.0,35.8,3.0,11.0,34.2,33.1,208.0,107.0,UTA,110,0,2023,2022-11-06,False
240.0,240.0,37.0,84.0,0.44,8.0,32.0,0.25,32.0,36.0,0.889,9.0,39.0,48.0,19.0,7.0,6.0,14.0,20.0,114.0,,,0.571,0.488,0.381,0.429,21.4,79.6,52.7,51.4,6.9,10.0,12.3,100.0,111.9,98.2,,,10.0,18.0,0.6,3.0,9.0,0.5,12.0,13.0,1.0,3.0,10.0,11.0,7.0,2.0,2.0,5.0,4.0,33.0,26.3,22.0,0.852,0.7,0.8,0.765,12.4,48.8,26.3,30.4,3.4,5.8,19.2,29.7,191.0,108.0,CLE,114,0,1,240.0,240.0,40.0,87.0,0.46,8.0,27.0,0.296,12.0,21.0,0.571,10.0,33.0,43.0,24.0,4.0,4.0,17.0,26.0,100.0,,,0.52,0.506,0.31,0.241,20.4,78.6,47.3,60.0,3.9,7.7,15.0,100.0,98.2,111.9,,,13.0,23.0,1.0,3.0,5.0,0.667,5.0,9.0,1.0,3.0,9.0,12.0,10.0,2.0,1.0,7.0,5.0,27.0,19.6,3.0,1.0,1.0,0.8,0.75,9.0,31.4,19.3,48.7,3.0,6.1,45.0,32.0,200.0,121.0,LAL,100,1,2023,2022-11-06,True
240.0,240.0,40.0,87.0,0.46,8.0,27.0,0.296,12.0,21.0,0.571,10.0,33.0,43.0,24.0,4.0,4.0,17.0,26.0,100.0,,,0.52,0.506,0.31,0.241,20.4,78.6,47.3,60.0,3.9,7.7,15.0,100.0,98.2,111.9,,,13.0,23.0,1.0,3.0,5.0,0.667,5.0,9.0,1.0,3.0,9.0,12.0,10.0,2.0,1.0,7.0,5.0,27.0,19.6,3.0,1.0,1.0,0.8,0.75,9.0,31.4,19.3,48.7,3.0,6.1,45.0,32.0,200.0,121.0,LAL,100,1,0,240.0,240.0,37.0,84.0,0.44,8.0,32.0,0.25,32.0,36.0,0.889,9.0,39.0,48.0,19.0,7.0,6.0,14.0,20.0,114.0,,,0.571,0.488,0.381,0.429,21.4,79.6,52.7,51.4,6.9,10.0,12.3,100.0,111.9,98.2,,,10.0,18.0,0.6,3.0,9.0,0.5,12.0,13.0,1.0,3.0,10.0,11.0,7.0,2.0,2.0,5.0,4.0,33.0,26.3,22.0,0.852,0.7,0.8,0.765,12.4,48.8,26.3,30.4,3.4,5.8,19.2,29.7,191.0,108.0,CLE,114,0,2023,2022-11-06,False
240.0,240.0,41.0,96.0,0.427,8.0,41.0,0.195,7.0,10.0,0.7,15.0,34.0,49.0,25.0,5.0,5.0,10.0,21.0,97.0,,,0.483,0.469,0.427,0.104,28.3,73.9,49.5,61.0,5.3,8.1,9.1,100.0,102.7,109.1,,,7.0,14.0,0.667,2.0,9.0,0.4,3.0,4.0,1.0,4.0,9.0,11.0,5.0,2.0,3.0,4.0,5.0,18.0,14.7,12.0,0.699,0.667,0.643,0.308,25.5,27.3,18.6,49.2,19.7,7.5,21.3,26.4,220.0,119.0,WAS,97,0,1,240.0,240.0,39.0,91.0,0.429,9.0,29.0,0.31,16.0,20.0,0.8,12.0,38.0,50.0,20.0,8.0,2.0,11.0,17.0,103.0,,,0.516,0.478,0.319,0.22,26.1,71.7,50.5,51.3,8.5,3.6,9.9,100.0,109.1,102.7,,,9.0,27.0,1.0,4.0,8.0,0.667,6.0,6.0,1.0,5.0,10.0,10.0,6.0,3.0,2.0,4.0,3.0,28.0,23.7,12.0,1.0,1.0,1.0,2.0,47.3,33.7,22.0,33.3,5.7,8.2,51.5,44.2,198.0,112.0,MEM,103,1,2023,2022-11-06,False
240.0,240.0,39.0,91.0,0.429,9.0,29.0,0.31,16.0,20.0,0.8,12.0,38.0,50.0,20.0,8.0,2.0,11.0,17.0,103.0,,,0.516,0.478,0.319,0.22,26.1,71.7,50.5,51.3,8.5,3.6,9.9,100.0,109.1,102.7,,,9.0,27.0,1.0,4.0,8.0,0.667,6.0,6.0,1.0,5.0,10.0,10.0,6.0,3.0,2.0,4.0,3.0,28.0,23.7,12.0,1.0,1.0,1.0,2.0,47.3,33.7,22.0,33.3,5.7,8.2,51.5,44.2,198.0,112.0,MEM,103,1,0,240.0,240.0,41.0,96.0,0.427,8.0,41.0,0.195,7.0,10.0,0.7,15.0,34.0,49.0,25.0,5.0,5.0,10.0,21.0,97.0,,,0.483,0.469,0.427,0.104,28.3,73.9,49.5,61.0,5.3,8.1,9.1,100.0,102.7,109.1,,,7.0,14.0,0.667,2.0,9.0,0.4,3.0,4.0,1.0,4.0,9.0,11.0,5.0,2.0,3.0,4.0,5.0,18.0,14.7,12.0,0.699,0.667,0.643,0.308,25.5,27.3,18.6,49.2,19.7,7.5,21.3,26.4,220.0,119.0,WAS,97,0,2023,2022-11-06,True
240.0,240.0,40.0,88.0,0.455,13.0,36.0,0.361,11.0,13.0,0.846,15.0,31.0,46.0,27.0,5.0,10.0,17.0,20.0,104.0,,,0.555,0.528,0.409,0.148,34.1,57.4,46.9,67.5,5.4,15.2,15.4,100.0,111.9,121.6,,,8.0,16.0,1.0,4.0,8.0,0.667,6.0,6.0,1.0,5.0,8.0,12.0,11.0,2.0,3.0,5.0,4.0,20.0,17.4,15.0,1.0,1.0,0.6,0.8,19.1,22.1,16.7,42.5,5.3,13.2,33.3,25.0,146.0,133.0,CHI,104,0,1,240.0,240.0,44.0,103.0,0.427,10.0,37.0,0.27,15.0,20.0,0.75,23.0,29.0,52.0,28.0,11.0,10.0,9.0,16.0,113.0,,,0.505,0.476,0.359,0.194,42.6,65.9,53.1,63.6,11.8,19.2,7.5,100.0,121.6,111.9,,,10.0,22.0,0.526,5.0,13.0,0.4,7.0,7.0,1.0,6.0,8.0,10.0,11.0,3.0,6.0,3.0,3.0,30.0,26.0,27.0,0.598,0.579,0.591,0.5,24.0,28.1,25.2,40.7,8.3,17.9,23.1,26.3,147.0,119.0,TOR,113,1,2023,2022-11-06,False
240.0,240.0,44.0,103.0,0.427,10.0,37.0,0.27,15.0,20.0,0.75,23.0,29.0,52.0,28.0,11.0,10.0,9.0,16.0,113.0,,,0.505,0.476,0.359,0.194,42.6,65.9,53.1,63.6,11.8,19.2,7.5,100.0,121.6,111.9,,,10.0,22.0,0.526,5.0,13.0,0.4,7.0,7.0,1.0,6.0,8.0,10.0,11.0,3.0,6.0,3.0,3.0,30.0,26.0,27.0,0.598,0.579,0.591,0.5,24.0,28.1,25.2,40.7,8.3,17.9,23.1,26.3,147.0,119.0,TOR,113,1,0,240.0,240.0,40.0,88.0,0.455,13.0,36.0,0.361,11.0,13.0,0.846,15.0,31.0,46.0,27.0,5.0,10.0,17.0,20.0,104.0,,,0.555,0.528,0.409,0.148,34.1,57.4,46.9,67.5,5.4,15.2,15.4,100.0,111.9,121.6,,,8.0,16.0,1.0,4.0,8.0,0.667,6.0,6.0,1.0,5.0,8.0,12.0,11.0,2.0,3.0,5.0,4.0,20.0,17.4,15.0,1.0,1.0,0.6,0.8,19.1,22.1,16.7,42.5,5.3,13.2,33.3,25.0,146.0,133.0,CHI,104,0,2023,2022-11-06,True
240.0,240.0,36.0,87.0,0.414,13.0,40.0,0.325,13.0,16.0,0.813,6.0,35.0,41.0,21.0,5.0,9.0,19.0,18.0,98.0,,,0.521,0.489,0.46,0.184,14.3,74.5,46.1,58.3,4.8,12.9,16.8,100.0,94.3,112.5,,,9.0,20.0,1.0,3.0,7.0,0.5,7.0,8.0,1.0,1.0,9.0,10.0,7.0,2.0,3.0,8.0,3.0,25.0,14.6,4.0,1.0,1.0,1.0,0.5,9.9,39.9,23.4,47.9,3.5,7.8,36.4,45.6,236.0,122.0,MIL,98,0,1,240.0,240.0,46.0,99.0,0.465,11.0,29.0,0.379,14.0,17.0,0.824,12.0,36.0,48.0,23.0,11.0,3.0,12.0,18.0,117.0,,,0.549,0.52,0.293,0.172,25.5,85.7,53.9,50.0,10.6,6.4,10.1,100.0,112.5,94.3,,,11.0,24.0,0.667,4.0,9.0,0.571,4.0,5.0,1.0,3.0,9.0,12.0,11.0,3.0,1.0,4.0,3.0,25.0,23.1,28.0,0.756,0.75,1.0,2.0,40.3,46.4,29.2,55.8,4.4,4.7,26.3,34.1,144.0,104.0,ATL,117,1,2023,2022-11-07,False
240.0,240.0,46.0,99.0,0.465,11.0,29.0,0.379,14.0,17.0,0.824,12.0,36.0,48.0,23.0,11.0,3.0,12.0,18.0,117.0,,,0.549,0.52,0.293,0.172,25.5,85.7,53.9,50.0,10.6,6.4,10.1,100.0,112.5,94.3,,,11.0,24.0,0.667,4.0,9.0,0.571,4.0,5.0,1.0,3.0,9.0,12.0,11.0,3.0,1.0,4.0,3.0,25.0,23.1,28.0,0.756,0.75,1.0,2.0,40.3,46.4,29.2,55.8,4.4,4.7,26.3,34.1,144.0,104.0,ATL,117,1,0,240.0,240.0,36.0,87.0,0.414,13.0,40.0,0.325,13.0,16.0,0.813,6.0,35.0,41.0,21.0,5.0,9.0,19.0,18.0,98.0,,,0.521,0.489,0.46,0.184,14.3,74.5,46.1,58.3,4.8,12.9,16.8,100.0,94.3,112.5,,,9.0,20.0,1.0,3.0,7.0,0.5,7.0,8.0,1.0,1.0,9.0,10.0,7.0,2.0,3.0,8.0,3.0,25.0,14.6,4.0,1.0,1.0,1.0,0.5,9.9,39.9,23.4,47.9,3.5,7.8,36.4,45.6,236.0,122.0,MIL,98,0,2023,2022-11-07,True
240.0,240.0,36.0,85.0,0.424,9.0,28.0,0.321,16.0,22.0,0.727,5.0,26.0,31.0,24.0,10.0,7.0,15.0,20.0,97.0,,,0.512,0.476,0.329,0.259,11.1,74.3,38.8,66.7,9.8,13.5,13.7,100.0,95.4,109.2,,,10.0,19.0,0.667,6.0,10.0,0.6,5.0,7.0,1.0,1.0,5.0,6.0,5.0,3.0,2.0,4.0,4.0,27.0,22.4,6.0,0.833,0.833,0.667,1.0,10.1,29.7,17.3,38.5,7.9,9.6,100.0,32.1,165.0,120.0,TOR,97,0,1,240.0,240.0,42.0,80.0,0.525,9.0,28.0,0.321,18.0,22.0,0.818,9.0,40.0,49.0,30.0,7.0,7.0,22.0,21.0,111.0,,,0.619,0.581,0.35,0.275,25.7,88.9,61.3,71.4,6.9,12.3,19.7,100.0,109.2,95.4,,,11.0,20.0,1.0,4.0,8.0,1.0,5.0,6.0,1.0,3.0,13.0,13.0,7.0,2.0,2.0,5.0,5.0,30.0,19.8,18.0,0.949,1.0,0.7,1.0,16.6,100.0,100.0,29.1,3.4,6.2,51.0,36.6,192.0,104.0,CHI,111,1,2023,2022-11-07,False
240.0,240.0,42.0,80.0,0.525,9.0,28.0,0.321,18.0,22.0,0.818,9.0,40.0,49.0,30.0,7.0,7.0,22.0,21.0,111.0,,,0.619,0.581,0.35,0.275,25.7,88.9,61.3,71.4,6.9,12.3,19.7,100.0,109.2,95.4,,,11.0,20.0,1.0,4.0,8.0,1.0,5.0,6.0,1.0,3.0,13.0,13.0,7.0,2.0,2.0,5.0,5.0,30.0,19.8,18.0,0.949,1.0,0.7,1.0,16.6,100.0,100.0,29.1,3.4,6.2,51.0,36.6,192.0,104.0,CHI,111,1,0,240.0,240.0,36.0,85.0,0.424,9.0,28.0,0.321,16.0,22.0,0.727,5.0,26.0,31.0,24.0,10.0,7.0,15.0,20.0,97.0,,,0.512,0.476,0.329,0.259,11.1,74.3,38.8,66.7,9.8,13.5,13.7,100.0,95.4,109.2,,,10.0,19.0,0.667,6.0,10.0,0.6,5.0,7.0,1.0,1.0,5.0,6.0,5.0,3.0,2.0,4.0,4.0,27.0,22.4,6.0,0.833,0.833,0.667,1.0,10.1,29.7,17.3,38.5,7.9,9.6,100.0,32.1,165.0,120.0,TOR,97,0,2023,2022-11-07,True
240.0,240.0,42.0,80.0,0.525,5.0,19.0,0.263,19.0,30.0,0.633,10.0,37.0,47.0,21.0,2.0,6.0,15.0,18.0,108.0,,,0.579,0.556,0.238,0.375,26.3,68.5,51.1,50.0,2.1,8.7,13.9,100.0,110.9,102.7,,,9.0,16.0,1.0,1.0,6.0,1.0,6.0,8.0,1.0,2.0,7.0,8.0,5.0,1.0,2.0,3.0,4.0,20.0,20.4,10.0,1.079,1.071,0.75,0.667,24.4,39.9,32.8,44.2,9.6,6.5,50.0,29.1,192.0,112.0,WAS,108,0,1,240.0,240.0,42.0,101.0,0.416,5.0,32.0,0.156,11.0,16.0,0.688,17.0,28.0,45.0,27.0,8.0,7.0,11.0,23.0,100.0,,,0.463,0.441,0.317,0.158,31.5,73.7,48.9,64.3,8.2,11.5,9.2,100.0,102.7,110.9,,,11.0,23.0,0.667,2.0,9.0,0.333,4.0,6.0,1.0,7.0,5.0,10.0,10.0,3.0,3.0,2.0,5.0,25.0,19.6,12.0,0.678,0.667,0.5,1.2,27.9,31.0,23.4,34.6,5.5,6.9,29.1,31.6,212.0,119.0,CHO,100,1,2023,2022-11-07,True
240.0,240.0,42.0,101.0,0.416,5.0,32.0,0.156,11.0,16.0,0.688,17.0,28.0,45.0,27.0,8.0,7.0,11.0,23.0,100.0,,,0.463,0.441,0.317,0.158,31.5,73.7,48.9,64.3,8.2,11.5,9.2,100.0,102.7,110.9,,,11.0,23.0,0.667,2.0,9.0,0.333,4.0,6.0,1.0,7.0,5.0,10.0,10.0,3.0,3.0,2.0,5.0,25.0,19.6,12.0,0.678,0.667,0.5,1.2,27.9,31.0,23.4,34.6,5.5,6.9,29.1,31.6,212.0,119.0,CHO,100,1,0,240.0,240.0,42.0,80.0,0.525,5.0,19.0,0.263,19.0,30.0,0.633,10.0,37.0,47.0,21.0,2.0,6.0,15.0,18.0,108.0,,,0.579,0.556,0.238,0.375,26.3,68.5,51.1,50.0,2.1,8.7,13.9,100.0,110.9,102.7,,,9.0,16.0,1.0,1.0,6.0,1.0,6.0,8.0,1.0,2.0,7.0,8.0,5.0,1.0,2.0,3.0,4.0,20.0,20.4,10.0,1.079,1.071,0.75,0.667,24.4,39.9,32.8,44.2,9.6,6.5,50.0,29.1,192.0,112.0,WAS,108,0,2023,2022-11-07,False
240.0,240.0,41.0,102.0,0.402,10.0,33.0,0.303,11.0,17.0,0.647,16.0,30.0,46.0,23.0,9.0,11.0,10.0,26.0,103.0,,,0.47,0.451,0.324,0.167,27.6,65.2,44.2,56.1,8.9,18.3,8.4,100.0,101.5,110.4,,,13.0,23.0,0.625,3.0,7.0,0.5,7.0,7.0,1.0,6.0,5.0,8.0,5.0,3.0,4.0,3.0,5.0,33.0,30.5,11.0,0.688,0.688,0.875,0.571,18.8,28.7,14.0,25.7,7.3,8.4,23.1,28.6,149.0,122.0,OKC,103,0,1,240.0,240.0,39.0,93.0,0.419,9.0,33.0,0.273,25.0,33.0,0.758,16.0,42.0,58.0,20.0,6.0,9.0,16.0,19.0,112.0,,,0.521,0.468,0.355,0.355,34.8,72.4,55.8,51.3,5.9,13.0,13.0,100.0,110.4,101.5,,,8.0,21.0,0.667,2.0,7.0,0.5,8.0,8.0,1.0,5.0,10.0,12.0,7.0,2.0,3.0,5.0,5.0,25.0,17.8,29.0,0.709,0.667,0.636,1.2,29.3,25.0,20.9,33.4,3.6,9.8,25.4,30.8,135.0,114.0,DET,112,1,2023,2022-11-07,False
240.0,240.0,39.0,93.0,0.419,9.0,33.0,0.273,25.0,33.0,0.758,16.0,42.0,58.0,20.0,6.0,9.0,16.0,19.0,112.0,,,0.521,0.468,0.355,0.355,34.8,72.4,55.8,51.3,5.9,13.0,13.0,100.0,110.4,101.5,,,8.0,21.0,0.667,2.0,7.0,0.5,8.0,8.0,1.0,5.0,10.0,12.0,7.0,2.0,3.0,5.0,5.0,25.0,17.8,29.0,0.709,0.667,0.636,1.2,29.3,25.0,20.9,33.4,3.6,9.8,25.4,30.8,135.0,114.0,DET,112,1,0,240.0,240.0,41.0,102.0,0.402,10.0,33.0,0.303,11.0,17.0,0.647,16.0,30.0,46.0,23.0,9.0,11.0,10.0,26.0,103.0,,,0.47,0.451,0.324,0.167,27.6,65.2,44.2,56.1,8.9,18.3,8.4,100.0,101.5,110.4,,,13.0,23.0,0.625,3.0,7.0,0.5,7.0,7.0,1.0,6.0,5.0,8.0,5.0,3.0,4.0,3.0,5.0,33.0,30.5,11.0,0.688,0.688,0.875,0.571,18.8,28.7,14.0,25.7,7.3,8.4,23.1,28.6,149.0,122.0,OKC,103,0,2023,2022-11-07,True
240.0,240.0,48.0,97.0,0.495,14.0,34.0,0.412,12.0,17.0,0.706,13.0,30.0,43.0,32.0,7.0,4.0,10.0,20.0,122.0,,,0.584,0.567,0.351,0.175,27.1,75.0,48.9,66.7,7.0,10.5,8.7,100.0,121.8,128.8,,,12.0,24.0,1.0,3.0,8.0,0.75,4.0,6.0,1.0,3.0,5.0,7.0,7.0,2.0,2.0,3.0,4.0,29.0,27.0,8.0,0.798,1.0,0.889,2.0,16.5,27.5,18.0,30.3,3.4,6.9,20.2,30.7,193.0,134.0,NOP,122,0,1,240.0,240.0,43.0,86.0,0.5,22.0,48.0,0.458,21.0,23.0,0.913,10.0,35.0,45.0,33.0,6.0,8.0,17.0,19.0,129.0,,,0.671,0.628,0.558,0.267,25.0,72.9,51.1,76.7,6.0,12.7,15.0,100.0,128.8,121.8,,,11.0,18.0,0.8,6.0,13.0,0.75,11.0,11.0,1.0,3.0,10.0,12.0,13.0,2.0,3.0,4.0,4.0,37.0,33.4,14.0,0.81,0.8,1.0,1.5,12.3,28.1,20.5,55.2,2.9,6.2,47.5,27.6,161.0,131.0,IND,129,1,2023,2022-11-07,False
240.0,240.0,43.0,86.0,0.5,22.0,48.0,0.458,21.0,23.0,0.913,10.0,35.0,45.0,33.0,6.0,8.0,17.0,19.0,129.0,,,0.671,0.628,0.558,0.267,25.0,72.9,51.1,76.7,6.0,12.7,15.0,100.0,128.8,121.8,,,11.0,18.0,0.8,6.0,13.0,0.75,11.0,11.0,1.0,3.0,10.0,12.0,13.0,2.0,3.0,4.0,4.0,37.0,33.4,14.0,0.81,0.8,1.0,1.5,12.3,28.1,20.5,55.2,2.9,6.2,47.5,27.6,161.0,131.0,IND,129,1,0,240.0,240.0,48.0,97.0,0.495,14.0,34.0,0.412,12.0,17.0,0.706,13.0,30.0,43.0,32.0,7.0,4.0,10.0,20.0,122.0,,,0.584,0.567,0.351,0.175,27.1,75.0,48.9,66.7,7.0,10.5,8.7,100.0,121.8,128.8,,,12.0,24.0,1.0,3.0,8.0,0.75,4.0,6.0,1.0,3.0,5.0,7.0,7.0,2.0,2.0,3.0,4.0,29.0,27.0,8.0,0.798,1.0,0.889,2.0,16.5,27.5,18.0,30.3,3.4,6.9,20.2,30.7,193.0,134.0,NOP,122,0,2023,2022-11-07,True
240.0,240.0,38.0,82.0,0.463,12.0,37.0,0.324,21.0,28.0,0.75,7.0,38.0,45.0,26.0,5.0,6.0,15.0,19.0,109.0,,,0.578,0.537,0.451,0.341,15.9,82.6,50.0,68.4,5.0,12.8,13.7,100.0,109.5,106.5,,,12.0,25.0,0.857,3.0,11.0,1.0,12.0,16.0,1.0,3.0,9.0,10.0,12.0,1.0,2.0,7.0,4.0,39.0,25.6,15.0,1.136,1.071,1.0,1.0,16.8,37.5,27.4,53.8,4.4,6.3,100.0,37.8,204.0,111.0,BOS,109,0,1,240.0,240.0,41.0,91.0,0.451,15.0,44.0,0.341,9.0,14.0,0.643,8.0,37.0,45.0,27.0,4.0,4.0,11.0,23.0,106.0,,,0.545,0.533,0.484,0.154,17.4,84.1,50.0,65.9,4.0,8.9,10.2,100.0,106.5,109.5,,,10.0,24.0,0.625,5.0,12.0,0.571,5.0,9.0,1.0,3.0,8.0,8.0,9.0,2.0,2.0,4.0,6.0,30.0,21.4,14.0,0.75,0.75,1.0,0.375,43.9,24.9,22.5,44.6,2.7,6.7,20.0,40.2,145.0,116.0,MEM,106,1,2023,2022-11-07,True
240.0,240.0,41.0,91.0,0.451,15.0,44.0,0.341,9.0,14.0,0.643,8.0,37.0,45.0,27.0,4.0,4.0,11.0,23.0,106.0,,,0.545,0.533,0.484,0.154,17.4,84.1,50.0,65.9,4.0,8.9,10.2,100.0,106.5,109.5,,,10.0,24.0,0.625,5.0,12.0,0.571,5.0,9.0,1.0,3.0,8.0,8.0,9.0,2.0,2.0,4.0,6.0,30.0,21.4,14.0,0.75,0.75,1.0,0.375,43.9,24.9,22.5,44.6,2.7,6.7,20.0,40.2,145.0,116.0,MEM,106,1,0,240.0,240.0,38.0,82.0,0.463,12.0,37.0,0.324,21.0,28.0,0.75,7.0,38.0,45.0,26.0,5.0,6.0,15.0,19.0,109.0,,,0.578,0.537,0.451,0.341,15.9,82.6,50.0,68.4,5.0,12.8,13.7,100.0,109.5,106.5,,,12.0,25.0,0.857,3.0,11.0,1.0,12.0,16.0,1.0,3.0,9.0,10.0,12.0,1.0,2.0,7.0,4.0,39.0,25.6,15.0,1.136,1.071,1.0,1.0,16.8,37.5,27.4,53.8,4.4,6.3,100.0,37.8,204.0,111.0,BOS,109,0,2023,2022-11-07,False
240.0,240.0,38.0,72.0,0.528,16.0,37.0,0.432,18.0,21.0,0.857,4.0,33.0,37.0,27.0,7.0,2.0,19.0,16.0,110.0,,,0.677,0.639,0.514,0.292,12.9,86.8,53.6,71.1,7.3,4.4,19.0,100.0,115.5,112.3,,,9.0,20.0,1.0,5.0,12.0,1.0,8.0,9.0,1.0,1.0,10.0,11.0,8.0,2.0,1.0,5.0,3.0,25.0,16.2,15.0,1.25,1.25,1.0,1.4,12.9,44.1,26.7,30.6,3.9,8.1,41.0,37.3,160.0,121.0,POR,110,0,1,240.0,240.0,40.0,84.0,0.476,14.0,39.0,0.359,13.0,15.0,0.867,5.0,27.0,32.0,28.0,11.0,2.0,12.0,18.0,107.0,,,0.591,0.56,0.464,0.179,13.2,87.1,46.4,70.0,11.5,5.7,11.7,100.0,112.3,115.5,,,8.0,14.0,0.625,4.0,9.0,0.667,6.0,6.0,1.0,3.0,7.0,7.0,8.0,6.0,1.0,3.0,5.0,16.0,17.1,2.0,0.889,0.875,1.0,0.8,10.9,63.6,28.6,33.4,9.2,4.1,26.2,26.8,155.0,123.0,MIA,107,1,2023,2022-11-07,True
240.0,240.0,40.0,84.0,0.476,14.0,39.0,0.359,13.0,15.0,0.867,5.0,27.0,32.0,28.0,11.0,2.0,12.0,18.0,107.0,,,0.591,0.56,0.464,0.179,13.2,87.1,46.4,70.0,11.5,5.7,11.7,100.0,112.3,115.5,,,8.0,14.0,0.625,4.0,9.0,0.667,6.0,6.0,1.0,3.0,7.0,7.0,8.0,6.0,1.0,3.0,5.0,16.0,17.1,2.0,0.889,0.875,1.0,0.8,10.9,63.6,28.6,33.4,9.2,4.1,26.2,26.8,155.0,123.0,MIA,107,1,0,240.0,240.0,38.0,72.0,0.528,16.0,37.0,0.432,18.0,21.0,0.857,4.0,33.0,37.0,27.0,7.0,2.0,19.0,16.0,110.0,,,0.677,0.639,0.514,0.292,12.9,86.8,53.6,71.1,7.3,4.4,19.0,100.0,115.5,112.3,,,9.0,20.0,1.0,5.0,12.0,1.0,8.0,9.0,1.0,1.0,10.0,11.0,8.0,2.0,1.0,5.0,3.0,25.0,16.2,15.0,1.25,1.25,1.0,1.4,12.9,44.1,26.7,30.6,3.9,8.1,41.0,37.3,160.0,121.0,POR,110,0,2023,2022-11-07,False
240.0,240.0,39.0,89.0,0.438,19.0,48.0,0.396,23.0,25.0,0.92,9.0,34.0,43.0,26.0,13.0,2.0,19.0,23.0,120.0,,,0.6,0.545,0.539,0.281,20.5,89.5,52.4,66.7,12.3,5.0,16.0,100.0,113.8,101.5,,,9.0,18.0,1.0,8.0,13.0,0.615,5.0,6.0,1.0,2.0,6.0,8.0,8.0,4.0,1.0,5.0,5.0,31.0,21.3,15.0,1.0,1.0,0.813,0.667,10.5,29.4,16.8,43.7,10.3,7.1,40.0,30.5,139.0,112.0,NYK,120,0,1,240.0,240.0,38.0,81.0,0.469,11.0,41.0,0.268,20.0,24.0,0.833,4.0,35.0,39.0,28.0,7.0,8.0,18.0,18.0,107.0,,,0.584,0.537,0.506,0.296,10.5,79.5,47.6,73.7,6.6,19.5,16.4,100.0,101.5,113.8,,,9.0,14.0,0.75,4.0,10.0,1.0,6.0,6.0,1.0,2.0,13.0,13.0,8.0,2.0,2.0,3.0,6.0,25.0,28.3,11.0,0.854,0.8,1.0,0.8,13.8,43.6,23.4,39.2,5.3,11.1,29.1,24.0,146.0,124.0,MIN,107,1,2023,2022-11-07,True
240.0,240.0,38.0,81.0,0.469,11.0,41.0,0.268,20.0,24.0,0.833,4.0,35.0,39.0,28.0,7.0,8.0,18.0,18.0,107.0,,,0.584,0.537,0.506,0.296,10.5,79.5,47.6,73.7,6.6,19.5,16.4,100.0,101.5,113.8,,,9.0,14.0,0.75,4.0,10.0,1.0,6.0,6.0,1.0,2.0,13.0,13.0,8.0,2.0,2.0,3.0,6.0,25.0,28.3,11.0,0.854,0.8,1.0,0.8,13.8,43.6,23.4,39.2,5.3,11.1,29.1,24.0,146.0,124.0,MIN,107,1,0,240.0,240.0,39.0,89.0,0.438,19.0,48.0,0.396,23.0,25.0,0.92,9.0,34.0,43.0,26.0,13.0,2.0,19.0,23.0,120.0,,,0.6,0.545,0.539,0.281,20.5,89.5,52.4,66.7,12.3,5.0,16.0,100.0,113.8,101.5,,,9.0,18.0,1.0,8.0,13.0,0.615,5.0,6.0,1.0,2.0,6.0,8.0,8.0,4.0,1.0,5.0,5.0,31.0,21.3,15.0,1.0,1.0,0.813,0.667,10.5,29.4,16.8,43.7,10.3,7.1,40.0,30.5,139.0,112.0,NYK,120,0,2023,2022-11-07,False
240.0,240.0,46.0,87.0,0.529,24.0,48.0,0.5,18.0,25.0,0.72,14.0,26.0,40.0,31.0,9.0,6.0,22.0,23.0,134.0,,,0.684,0.667,0.552,0.287,35.0,70.3,51.9,67.4,8.7,10.5,18.3,100.0,129.9,123.1,,,12.0,18.0,1.0,5.0,11.0,1.0,8.0,10.0,0.8,7.0,7.0,10.0,11.0,2.0,2.0,7.0,5.0,34.0,26.9,14.0,1.5,1.5,1.0,0.714,28.9,27.4,21.5,37.5,4.8,6.5,42.9,30.0,300.0,133.0,HOU,134,0,1,240.0,240.0,45.0,82.0,0.549,12.0,25.0,0.48,25.0,31.0,0.806,11.0,26.0,37.0,27.0,7.0,4.0,20.0,25.0,127.0,,,0.664,0.622,0.305,0.378,29.7,65.0,48.1,60.0,6.8,10.3,17.3,100.0,123.1,129.9,,,9.0,16.0,0.857,5.0,10.0,0.75,12.0,14.0,1.0,3.0,6.0,7.0,7.0,2.0,1.0,5.0,5.0,30.0,22.6,2.0,0.893,0.929,0.667,1.0,17.1,20.3,15.9,32.2,3.1,7.7,29.4,32.0,223.0,140.0,ORL,127,1,2023,2022-11-07,True
240.0,240.0,45.0,82.0,0.549,12.0,25.0,0.48,25.0,31.0,0.806,11.0,26.0,37.0,27.0,7.0,4.0,20.0,25.0,127.0,,,0.664,0.622,0.305,0.378,29.7,65.0,48.1,60.0,6.8,10.3,17.3,100.0,123.1,129.9,,,9.0,16.0,0.857,5.0,10.0,0.75,12.0,14.0,1.0,3.0,6.0,7.0,7.0,2.0,1.0,5.0,5.0,30.0,22.6,2.0,0.893,0.929,0.667,1.0,17.1,20.3,15.9,32.2,3.1,7.7,29.4,32.0,223.0,140.0,ORL,127,1,0,240.0,240.0,46.0,87.0,0.529,24.0,48.0,0.5,18.0,25.0,0.72,14.0,26.0,40.0,31.0,9.0,6.0,22.0,23.0,134.0,,,0.684,0.667,0.552,0.287,35.0,70.3,51.9,67.4,8.7,10.5,18.3,100.0,129.9,123.1,,,12.0,18.0,1.0,5.0,11.0,1.0,8.0,10.0,0.8,7.0,7.0,10.0,11.0,2.0,2.0,7.0,5.0,34.0,26.9,14.0,1.5,1.5,1.0,0.714,28.9,27.4,21.5,37.5,4.8,6.5,42.9,30.0,300.0,133.0,HOU,134,0,2023,2022-11-07,False
240.0,240.0,32.0,73.0,0.438,6.0,19.0,0.316,18.0,22.0,0.818,6.0,31.0,37.0,19.0,8.0,5.0,15.0,24.0,88.0,,,0.532,0.479,0.26,0.301,15.4,67.4,43.5,59.4,8.8,10.4,15.4,100.0,97.0,110.3,,,8.0,16.0,1.0,2.0,4.0,1.0,11.0,14.0,1.0,3.0,5.0,7.0,5.0,2.0,2.0,6.0,5.0,28.0,19.4,6.0,1.0,1.0,1.0,0.875,12.1,33.1,21.3,40.1,7.9,29.4,66.7,38.1,218.0,124.0,PHO,88,0,1,240.0,240.0,31.0,80.0,0.388,12.0,32.0,0.375,26.0,31.0,0.839,15.0,33.0,48.0,22.0,5.0,6.0,16.0,17.0,100.0,,,0.534,0.463,0.4,0.388,32.6,84.6,56.5,71.0,5.5,11.1,14.6,100.0,110.3,97.0,,,8.0,21.0,1.0,7.0,10.0,0.7,16.0,16.0,1.0,7.0,8.0,10.0,6.0,2.0,2.0,3.0,5.0,33.0,27.7,12.0,1.0,1.0,1.0,2.0,19.9,26.0,19.8,34.3,4.7,8.5,51.5,37.4,137.0,105.0,PHI,100,1,2023,2022-11-07,False
240.0,240.0,31.0,80.0,0.388,12.0,32.0,0.375,26.0,31.0,0.839,15.0,33.0,48.0,22.0,5.0,6.0,16.0,17.0,100.0,,,0.534,0.463,0.4,0.388,32.6,84.6,56.5,71.0,5.5,11.1,14.6,100.0,110.3,97.0,,,8.0,21.0,1.0,7.0,10.0,0.7,16.0,16.0,1.0,7.0,8.0,10.0,6.0,2.0,2.0,3.0,5.0,33.0,27.7,12.0,1.0,1.0,1.0,2.0,19.9,26.0,19.8,34.3,4.7,8.5,51.5,37.4,137.0,105.0,PHI,100,1,0,240.0,240.0,32.0,73.0,0.438,6.0,19.0,0.316,18.0,22.0,0.818,6.0,31.0,37.0,19.0,8.0,5.0,15.0,24.0,88.0,,,0.532,0.479,0.26,0.301,15.4,67.4,43.5,59.4,8.8,10.4,15.4,100.0,97.0,110.3,,,8.0,16.0,1.0,2.0,4.0,1.0,11.0,14.0,1.0,3.0,5.0,7.0,5.0,2.0,2.0,6.0,5.0,28.0,19.4,6.0,1.0,1.0,1.0,0.875,12.1,33.1,21.3,40.1,7.9,29.4,66.7,38.1,218.0,124.0,PHO,88,0,2023,2022-11-07,True
240.0,240.0,47.0,88.0,0.534,8.0,24.0,0.333,13.0,20.0,0.65,8.0,32.0,40.0,33.0,14.0,7.0,22.0,14.0,115.0,,,0.594,0.58,0.273,0.227,22.2,76.2,51.3,70.2,13.2,14.3,18.5,100.0,108.7,103.1,,,11.0,20.0,0.625,4.0,8.0,0.6,4.0,5.0,1.0,3.0,7.0,8.0,10.0,4.0,3.0,5.0,3.0,26.0,25.1,17.0,0.711,0.688,0.5,1.0,28.5,40.7,35.0,45.0,6.2,8.7,100.0,31.7,153.0,115.0,DEN,115,0,1,240.0,240.0,43.0,82.0,0.524,12.0,33.0,0.364,11.0,18.0,0.611,10.0,28.0,38.0,31.0,14.0,5.0,24.0,17.0,109.0,,,0.606,0.598,0.402,0.22,23.8,77.8,48.7,72.1,13.2,7.8,21.1,100.0,103.1,108.7,,,12.0,20.0,0.727,5.0,11.0,0.5,4.0,5.0,1.0,3.0,7.0,8.0,9.0,3.0,3.0,6.0,3.0,30.0,20.9,10.0,0.833,0.818,0.571,0.667,21.8,42.5,31.4,43.1,4.1,7.1,43.6,31.8,135.0,118.0,SAS,109,1,2023,2022-11-07,True
240.0,240.0,43.0,82.0,0.524,12.0,33.0,0.364,11.0,18.0,0.611,10.0,28.0,38.0,31.0,14.0,5.0,24.0,17.0,109.0,,,0.606,0.598,0.402,0.22,23.8,77.8,48.7,72.1,13.2,7.8,21.1,100.0,103.1,108.7,,,12.0,20.0,0.727,5.0,11.0,0.5,4.0,5.0,1.0,3.0,7.0,8.0,9.0,3.0,3.0,6.0,3.0,30.0,20.9,10.0,0.833,0.818,0.571,0.667,21.8,42.5,31.4,43.1,4.1,7.1,43.6,31.8,135.0,118.0,SAS,109,1,0,240.0,240.0,47.0,88.0,0.534,8.0,24.0,0.333,13.0,20.0,0.65,8.0,32.0,40.0,33.0,14.0,7.0,22.0,14.0,115.0,,,0.594,0.58,0.273,0.227,22.2,76.2,51.3,70.2,13.2,14.3,18.5,100.0,108.7,103.1,,,11.0,20.0,0.625,4.0,8.0,0.6,4.0,5.0,1.0,3.0,7.0,8.0,10.0,4.0,3.0,5.0,3.0,26.0,25.1,17.0,0.711,0.688,0.5,1.0,28.5,40.7,35.0,45.0,6.2,8.7,100.0,31.7,153.0,115.0,DEN,115,0,2023,2022-11-07,False
